latitude,longitude,elevation,utc_offset_seconds,timezone,timezone_abbreviation
-15.500878,-70.12219,3828.0,-18000,America/Lima,GMT-5

time,temperature_2m (°C),wind_speed_10m (km/h),wind_direction_10m (°),relative_humidity_2m (%)
2023-01-01T00:00,4.5,0.8,297,97
2023-01-01T01:00,4.0,8.9,310,99
2023-01-01T02:00,4.2,9.7,285,97
2023-01-01T03:00,3.4,6.1,270,99
2023-01-01T04:00,3.4,3.2,297,99
2023-01-01T05:00,3.8,4.8,347,99
2023-01-01T06:00,4.9,4.5,346,95
2023-01-01T07:00,6.5,3.4,288,87
2023-01-01T08:00,8.1,8.3,304,76
2023-01-01T09:00,9.6,7.2,342,68
2023-01-01T10:00,10.8,7.2,27,63
2023-01-01T11:00,11.9,5.4,70,64
2023-01-01T12:00,12.7,4.0,170,64
2023-01-01T13:00,13.5,6.3,193,63
2023-01-01T14:00,14.4,9.4,182,57
2023-01-01T15:00,9.8,20.9,111,78
2023-01-01T16:00,11.3,10.3,29,64
2023-01-01T17:00,11.3,4.0,27,63
2023-01-01T18:00,10.2,14.1,255,73
2023-01-01T19:00,10.0,5.8,277,78
2023-01-01T20:00,8.9,10.0,218,82
2023-01-01T21:00,7.8,12.9,216,82
2023-01-01T22:00,6.9,10.9,136,91
2023-01-01T23:00,7.4,2.4,243,87
2023-01-02T00:00,6.8,4.2,329,91
2023-01-02T01:00,6.8,2.3,231,91
2023-01-02T02:00,6.1,6.4,297,96
2023-01-02T03:00,5.4,1.3,34,99
2023-01-02T04:00,4.3,6.6,112,100
2023-01-02T05:00,4.6,4.1,75,97
2023-01-02T06:00,4.8,4.8,103,96
2023-01-02T07:00,5.3,3.8,197,88
2023-01-02T08:00,7.0,6.1,242,83
2023-01-02T09:00,9.0,3.4,238,73
2023-01-02T10:00,10.4,1.6,297,66
2023-01-02T11:00,12.2,2.3,342,59
2023-01-02T12:00,13.2,1.1,198,59
2023-01-02T13:00,14.3,0.0,270,58
2023-01-02T14:00,14.7,1.3,326,57
2023-01-02T15:00,14.4,5.8,86,56
2023-01-02T16:00,13.3,9.7,51,58
2023-01-02T17:00,12.7,7.5,125,58
2023-01-02T18:00,10.6,14.9,212,71
2023-01-02T19:00,8.4,14.0,241,81
2023-01-02T20:00,8.1,8.6,268,84
2023-01-02T21:00,8.0,1.8,307,85
2023-01-02T22:00,7.2,5.4,37,90
2023-01-02T23:00,7.2,8.6,338,85
2023-01-03T00:00,5.2,10.9,6,94
2023-01-03T01:00,5.4,6.8,360,94
2023-01-03T02:00,5.6,9.3,347,95
2023-01-03T03:00,5.7,9.7,333,92
2023-01-03T04:00,5.5,11.0,328,92
2023-01-03T05:00,5.2,9.5,335,91
2023-01-03T06:00,5.6,11.2,339,90
2023-01-03T07:00,7.0,14.5,341,86
2023-01-03T08:00,8.7,13.7,337,79
2023-01-03T09:00,10.3,8.6,327,69
2023-01-03T10:00,11.3,6.2,339,67
2023-01-03T11:00,12.4,6.8,328,66
2023-01-03T12:00,13.1,5.8,330,64
2023-01-03T13:00,13.8,4.3,318,62
2023-01-03T14:00,13.9,1.8,11,60
2023-01-03T15:00,13.8,6.6,209,59
2023-01-03T16:00,11.6,6.0,123,70
2023-01-03T17:00,10.7,2.6,214,73
2023-01-03T18:00,10.6,7.9,344,72
2023-01-03T19:00,9.3,5.5,259,80
2023-01-03T20:00,9.3,6.5,264,84
2023-01-03T21:00,9.0,15.8,240,70
2023-01-03T22:00,7.4,17.2,233,69
2023-01-03T23:00,6.8,15.3,229,72
2023-01-04T00:00,6.5,15.8,229,74
2023-01-04T01:00,5.8,14.3,229,77
2023-01-04T02:00,5.4,9.9,237,79
2023-01-04T03:00,5.2,11.1,234,79
2023-01-04T04:00,4.3,10.0,210,82
2023-01-04T05:00,3.7,12.3,218,82
2023-01-04T06:00,4.3,7.8,236,78
2023-01-04T07:00,7.3,9.4,238,67
2023-01-04T08:00,9.2,8.9,256,58
2023-01-04T09:00,11.0,4.7,270,51
2023-01-04T10:00,12.2,5.2,282,51
2023-01-04T11:00,13.0,4.5,299,52
2023-01-04T12:00,13.3,7.0,339,54
2023-01-04T13:00,14.4,5.1,356,53
2023-01-04T14:00,10.0,18.8,29,75
2023-01-04T15:00,11.7,11.2,75,66
2023-01-04T16:00,10.4,15.5,59,72
2023-01-04T17:00,9.2,14.3,225,79
2023-01-04T18:00,8.0,5.1,141,84
2023-01-04T19:00,8.9,9.4,178,80
2023-01-04T20:00,7.6,9.5,241,88
2023-01-04T21:00,7.2,5.8,173,90
2023-01-04T22:00,6.6,3.3,257,93
2023-01-04T23:00,6.5,6.0,17,94
2023-01-05T00:00,6.7,0.4,180,93
2023-01-05T01:00,7.0,3.2,243,84
2023-01-05T02:00,7.1,9.7,225,73
2023-01-05T03:00,6.0,6.5,214,80
2023-01-05T04:00,5.2,3.1,234,86
2023-01-05T05:00,5.3,1.3,326,78
2023-01-05T06:00,5.2,2.2,9,86
2023-01-05T07:00,7.1,8.2,218,74
2023-01-05T08:00,8.6,6.9,227,69
2023-01-05T09:00,10.2,2.0,315,65
2023-01-05T10:00,11.1,6.6,338,61
2023-01-05T11:00,11.4,6.9,39,64
2023-01-05T12:00,12.5,9.3,36,59
2023-01-05T13:00,13.3,9.7,86,61
2023-01-05T14:00,13.4,15.0,100,63
2023-01-05T15:00,12.6,17.6,105,63
2023-01-05T16:00,11.6,14.3,78,59
2023-01-05T17:00,11.2,6.6,61,62
2023-01-05T18:00,8.4,13.8,263,78
2023-01-05T19:00,7.9,11.1,335,78
2023-01-05T20:00,7.5,8.5,234,81
2023-01-05T21:00,7.4,5.6,195,83
2023-01-05T22:00,7.3,11.5,200,86
2023-01-05T23:00,6.6,12.5,219,87
2023-01-06T00:00,6.1,15.1,230,77
2023-01-06T01:00,5.9,15.3,236,73
2023-01-06T02:00,5.7,13.3,232,72
2023-01-06T03:00,5.2,7.7,233,77
2023-01-06T04:00,4.2,4.7,247,82
2023-01-06T05:00,4.6,9.4,274,80
2023-01-06T06:00,5.0,13.4,265,75
2023-01-06T07:00,6.4,6.3,211,71
2023-01-06T08:00,6.8,5.2,214,71
2023-01-06T09:00,8.0,3.6,225,70
2023-01-06T10:00,9.7,2.5,278,66
2023-01-06T11:00,10.7,2.9,353,61
2023-01-06T12:00,12.2,7.4,61,55
2023-01-06T13:00,12.6,11.6,64,60
2023-01-06T14:00,13.4,10.4,76,59
2023-01-06T15:00,13.4,12.2,104,55
2023-01-06T16:00,13.4,18.7,115,51
2023-01-06T17:00,11.9,13.0,56,57
2023-01-06T18:00,10.0,12.3,339,75
2023-01-06T19:00,8.4,14.7,343,82
2023-01-06T20:00,7.4,12.4,324,84
2023-01-06T21:00,6.8,7.8,338,88
2023-01-06T22:00,5.8,3.6,360,93
2023-01-06T23:00,5.4,3.1,216,94
2023-01-07T00:00,4.6,6.8,198,98
2023-01-07T01:00,4.1,4.6,225,100
2023-01-07T02:00,4.4,5.4,278,100
2023-01-07T03:00,5.1,7.2,276,96
2023-01-07T04:00,4.7,6.5,289,96
2023-01-07T05:00,4.1,6.5,270,97
2023-01-07T06:00,4.9,2.7,293,93
2023-01-07T07:00,7.2,5.1,356,86
2023-01-07T08:00,8.5,5.0,339,75
2023-01-07T09:00,9.6,6.7,16,67
2023-01-07T10:00,11.2,8.2,41,59
2023-01-07T11:00,12.1,10.5,63,58
2023-01-07T12:00,12.8,10.4,70,53
2023-01-07T13:00,13.9,9.0,90,48
2023-01-07T14:00,14.4,13.0,87,46
2023-01-07T15:00,14.0,13.5,74,46
2023-01-07T16:00,14.0,11.6,112,44
2023-01-07T17:00,12.9,14.8,124,50
2023-01-07T18:00,11.6,11.1,126,61
2023-01-07T19:00,10.0,15.8,137,69
2023-01-07T20:00,9.5,16.2,122,73
2023-01-07T21:00,8.1,7.6,161,84
2023-01-07T22:00,7.4,11.5,200,88
2023-01-07T23:00,7.0,8.6,180,88
2023-01-08T00:00,6.6,4.7,148,90
2023-01-08T01:00,6.5,5.8,184,90
2023-01-08T02:00,5.9,7.5,197,93
2023-01-08T03:00,5.4,6.6,171,93
2023-01-08T04:00,5.7,5.0,159,93
2023-01-08T05:00,5.2,2.4,153,96
2023-01-08T06:00,5.6,3.4,252,96
2023-01-08T07:00,6.9,6.2,170,83
2023-01-08T08:00,7.6,10.4,136,83
2023-01-08T09:00,8.3,12.5,129,82
2023-01-08T10:00,8.3,12.7,125,79
2023-01-08T11:00,10.5,4.6,141,70
2023-01-08T12:00,11.5,6.0,205,63
2023-01-08T13:00,12.1,10.9,207,64
2023-01-08T14:00,13.2,10.6,208,60
2023-01-08T15:00,12.2,11.6,185,63
2023-01-08T16:00,11.9,6.5,180,61
2023-01-08T17:00,11.4,6.5,174,61
2023-01-08T18:00,8.4,18.3,250,80
2023-01-08T19:00,7.0,21.2,271,83
2023-01-08T20:00,6.4,9.2,201,86
2023-01-08T21:00,7.0,7.5,197,86
2023-01-08T22:00,6.4,4.1,128,91
2023-01-08T23:00,6.3,4.3,114,92
2023-01-09T00:00,5.8,1.4,90,93
2023-01-09T01:00,5.0,3.3,49,98
2023-01-09T02:00,5.0,2.5,8,99
2023-01-09T03:00,4.4,4.1,308,100
2023-01-09T04:00,3.9,4.5,299,100
2023-01-09T05:00,3.8,4.5,299,100
2023-01-09T06:00,3.4,3.3,276,100
2023-01-09T07:00,5.9,6.2,234,87
2023-01-09T08:00,8.4,7.4,241,71
2023-01-09T09:00,10.3,2.8,230,62
2023-01-09T10:00,11.1,3.7,119,58
2023-01-09T11:00,12.0,6.3,114,57
2023-01-09T12:00,12.7,3.4,122,56
2023-01-09T13:00,13.6,3.6,96,59
2023-01-09T14:00,14.2,0.8,117,57
2023-01-09T15:00,14.3,6.2,111,57
2023-01-09T16:00,11.3,14.4,87,68
2023-01-09T17:00,11.5,11.4,332,64
2023-01-09T18:00,10.2,12.3,291,70
2023-01-09T19:00,7.2,25.4,201,87
2023-01-09T20:00,5.2,14.2,300,86
2023-01-09T21:00,6.6,5.8,210,83
2023-01-09T22:00,6.2,2.5,315,86
2023-01-09T23:00,6.0,8.0,234,72
2023-01-10T00:00,4.9,9.4,227,67
2023-01-10T01:00,4.4,8.9,227,69
2023-01-10T02:00,3.5,8.9,230,75
2023-01-10T03:00,2.6,7.7,229,81
2023-01-10T04:00,1.8,4.9,234,87
2023-01-10T05:00,1.1,4.7,266,90
2023-01-10T06:00,1.4,5.0,291,91
2023-01-10T07:00,5.6,9.5,233,63
2023-01-10T08:00,8.2,9.6,236,48
2023-01-10T09:00,10.0,5.5,238,44
2023-01-10T10:00,11.3,3.3,221,46
2023-01-10T11:00,12.6,4.9,197,44
2023-01-10T12:00,13.8,5.8,176,41
2023-01-10T13:00,14.7,7.6,155,40
2023-01-10T14:00,15.5,10.5,139,37
2023-01-10T15:00,15.7,12.6,121,35
2023-01-10T16:00,14.8,13.8,105,38
2023-01-10T17:00,13.6,11.2,105,41
2023-01-10T18:00,11.9,10.4,56,58
2023-01-10T19:00,9.7,15.3,56,55
2023-01-10T20:00,10.3,0.8,207,47
2023-01-10T21:00,8.2,10.9,243,71
2023-01-10T22:00,7.2,7.9,219,79
2023-01-10T23:00,6.6,11.1,245,66
2023-01-11T00:00,5.6,8.1,225,67
2023-01-11T01:00,4.8,9.1,198,70
2023-01-11T02:00,4.1,8.0,207,74
2023-01-11T03:00,3.9,8.9,238,75
2023-01-11T04:00,3.6,8.6,255,78
2023-01-11T05:00,2.7,6.4,254,85
2023-01-11T06:00,3.4,3.7,259,81
2023-01-11T07:00,6.3,1.1,270,73
2023-01-11T08:00,8.9,2.5,8,66
2023-01-11T09:00,10.9,2.2,351,59
2023-01-11T10:00,12.3,2.6,34,57
2023-01-11T11:00,13.6,3.4,72,54
2023-01-11T12:00,14.7,7.0,111,49
2023-01-11T13:00,15.6,13.6,107,43
2023-01-11T14:00,16.1,19.6,104,35
2023-01-11T15:00,16.0,20.9,111,33
2023-01-11T16:00,14.7,21.4,115,37
2023-01-11T17:00,13.8,17.2,123,39
2023-01-11T18:00,12.1,8.2,119,56
2023-01-11T19:00,9.8,7.9,114,67
2023-01-11T20:00,9.1,5.8,97,69
2023-01-11T21:00,10.0,4.3,85,54
2023-01-11T22:00,8.4,5.1,309,61
2023-01-11T23:00,6.6,5.1,266,71
2023-01-12T00:00,5.5,8.4,160,78
2023-01-12T01:00,4.8,4.0,207,83
2023-01-12T02:00,3.7,5.6,310,87
2023-01-12T03:00,4.6,1.5,346,77
2023-01-12T04:00,4.0,3.3,257,80
2023-01-12T05:00,2.5,4.7,274,88
2023-01-12T06:00,3.0,5.2,348,87
2023-01-12T07:00,6.1,2.3,342,80
2023-01-12T08:00,9.3,3.3,354,61
2023-01-12T09:00,11.5,4.7,360,53
2023-01-12T10:00,12.8,9.1,18,50
2023-01-12T11:00,13.9,5.9,14,41
2023-01-12T12:00,14.7,1.8,90,36
2023-01-12T13:00,15.3,1.8,143,36
2023-01-12T14:00,15.9,1.5,166,34
2023-01-12T15:00,16.2,2.5,172,32
2023-01-12T16:00,16.4,11.9,155,31
2023-01-12T17:00,13.7,22.9,158,46
2023-01-12T18:00,12.4,11.7,162,56
2023-01-12T19:00,10.4,9.0,92,53
2023-01-12T20:00,9.5,16.9,200,63
2023-01-12T21:00,7.8,9.0,270,76
2023-01-12T22:00,7.4,10.6,260,77
2023-01-12T23:00,7.4,11.5,250,64
2023-01-13T00:00,6.7,14.1,232,56
2023-01-13T01:00,5.7,12.1,217,61
2023-01-13T02:00,5.0,12.0,221,66
2023-01-13T03:00,3.8,9.7,219,74
2023-01-13T04:00,2.7,7.7,229,81
2023-01-13T05:00,2.1,7.9,246,83
2023-01-13T06:00,2.9,6.1,270,80
2023-01-13T07:00,5.8,4.5,284,71
2023-01-13T08:00,9.4,5.2,304,55
2023-01-13T09:00,11.7,6.8,270,37
2023-01-13T10:00,13.5,7.6,245,31
2023-01-13T11:00,15.0,9.1,214,26
2023-01-13T12:00,16.2,10.6,190,24
2023-01-13T13:00,17.0,11.9,180,23
2023-01-13T14:00,17.2,10.8,184,22
2023-01-13T15:00,17.7,10.9,186,20
2023-01-13T16:00,17.4,15.9,185,20
2023-01-13T17:00,17.0,15.7,189,21
2023-01-13T18:00,14.4,17.6,211,31
2023-01-13T19:00,11.1,19.8,213,23
2023-01-13T20:00,8.7,24.0,206,27
2023-01-13T21:00,6.7,18.8,197,35
2023-01-13T22:00,5.7,17.6,195,39
2023-01-13T23:00,5.2,17.4,207,45
2023-01-14T00:00,4.6,18.0,213,52
2023-01-14T01:00,3.7,17.4,207,56
2023-01-14T02:00,3.1,14.7,211,57
2023-01-14T03:00,2.3,12.0,226,58
2023-01-14T04:00,0.9,9.4,247,65
2023-01-14T05:00,-0.3,8.3,265,70
2023-01-14T06:00,1.2,9.6,257,58
2023-01-14T07:00,4.9,8.7,246,47
2023-01-14T08:00,8.7,13.3,221,34
2023-01-14T09:00,10.8,12.9,203,28
2023-01-14T10:00,12.0,8.6,180,30
2023-01-14T11:00,13.4,8.7,135,28
2023-01-14T12:00,14.4,11.4,108,29
2023-01-14T13:00,15.3,9.4,113,25
2023-01-14T14:00,16.0,6.7,144,23
2023-01-14T15:00,16.3,6.5,146,22
2023-01-14T16:00,15.5,7.9,93,24
2023-01-14T17:00,13.8,16.6,66,33
2023-01-14T18:00,11.8,16.4,71,35
2023-01-14T19:00,10.2,13.4,76,36
2023-01-14T20:00,9.3,12.0,237,45
2023-01-14T21:00,7.5,19.8,243,40
2023-01-14T22:00,6.8,18.8,234,46
2023-01-14T23:00,6.1,17.6,223,52
2023-01-15T00:00,5.3,15.6,232,59
2023-01-15T01:00,4.4,12.3,218,66
2023-01-15T02:00,3.7,14.3,192,69
2023-01-15T03:00,3.0,12.9,216,71
2023-01-15T04:00,2.2,10.7,256,75
2023-01-15T05:00,1.5,8.3,252,79
2023-01-15T06:00,2.5,5.2,282,74
2023-01-15T07:00,6.0,3.4,252,63
2023-01-15T08:00,9.4,5.9,259,46
2023-01-15T09:00,11.5,5.5,281,39
2023-01-15T10:00,13.0,2.9,30,37
2023-01-15T11:00,14.2,4.7,90,33
2023-01-15T12:00,15.4,7.9,106,27
2023-01-15T13:00,16.5,12.6,103,22
2023-01-15T14:00,17.2,18.5,97,20
2023-01-15T15:00,16.8,20.8,100,20
2023-01-15T16:00,16.1,22.0,95,25
2023-01-15T17:00,14.9,22.4,96,27
2023-01-15T18:00,13.1,21.2,89,35
2023-01-15T19:00,11.1,16.6,89,44
2023-01-15T20:00,10.3,19.5,71,51
2023-01-15T21:00,9.2,17.5,53,53
2023-01-15T22:00,7.7,9.2,39,65
2023-01-15T23:00,6.3,5.4,228,77
2023-01-16T00:00,5.4,8.5,208,79
2023-01-16T01:00,4.4,6.5,146,84
2023-01-16T02:00,4.2,6.4,106,83
2023-01-16T03:00,3.3,8.8,9,85
2023-01-16T04:00,2.5,10.4,346,88
2023-01-16T05:00,2.3,9.8,6,88
2023-01-16T06:00,2.8,8.8,9,86
2023-01-16T07:00,7.0,7.8,347,63
2023-01-16T08:00,9.7,11.5,328,44
2023-01-16T09:00,11.5,8.2,322,37
2023-01-16T10:00,13.0,4.7,4,31
2023-01-16T11:00,14.5,7.3,57,26
2023-01-16T12:00,16.0,12.9,77,20
2023-01-16T13:00,16.6,17.5,81,18
2023-01-16T14:00,16.9,19.6,77,21
2023-01-16T15:00,16.7,22.5,74,22
2023-01-16T16:00,16.4,22.7,87,22
2023-01-16T17:00,15.4,22.4,101,24
2023-01-16T18:00,13.7,20.5,92,31
2023-01-16T19:00,11.1,20.9,75,37
2023-01-16T20:00,10.7,13.8,75,43
2023-01-16T21:00,9.0,5.4,307,62
2023-01-16T22:00,7.7,6.1,242,64
2023-01-16T23:00,6.8,6.2,54,66
2023-01-17T00:00,6.1,6.9,141,69
2023-01-17T01:00,5.7,8.7,185,80
2023-01-17T02:00,5.2,11.3,189,90
2023-01-17T03:00,4.5,13.4,211,93
2023-01-17T04:00,4.2,12.2,199,91
2023-01-17T05:00,3.8,9.4,148,90
2023-01-17T06:00,4.3,5.2,192,90
2023-01-17T07:00,5.2,4.1,38,86
2023-01-17T08:00,6.4,6.1,50,80
2023-01-17T09:00,6.2,4.1,38,81
2023-01-17T10:00,7.8,1.6,27,77
2023-01-17T11:00,9.8,4.3,132,67
2023-01-17T12:00,11.8,7.7,131,56
2023-01-17T13:00,13.8,10.8,127,49
2023-01-17T14:00,15.4,14.8,104,44
2023-01-17T15:00,15.3,21.2,100,38
2023-01-17T16:00,14.3,21.3,112,38
2023-01-17T17:00,13.2,21.1,115,41
2023-01-17T18:00,11.9,19.8,106,48
2023-01-17T19:00,11.5,13.2,112,48
2023-01-17T20:00,10.3,13.3,93,55
2023-01-17T21:00,8.9,14.5,42,59
2023-01-17T22:00,7.4,6.1,28,62
2023-01-17T23:00,7.2,8.9,166,63
2023-01-18T00:00,6.5,14.8,194,82
2023-01-18T01:00,5.5,11.9,185,87
2023-01-18T02:00,4.3,10.2,198,94
2023-01-18T03:00,3.9,8.4,205,95
2023-01-18T04:00,4.0,8.4,190,94
2023-01-18T05:00,4.3,8.3,180,94
2023-01-18T06:00,4.3,5.1,188,96
2023-01-18T07:00,7.3,3.7,119,79
2023-01-18T08:00,9.4,12.1,53,56
2023-01-18T09:00,11.3,13.5,65,48
2023-01-18T10:00,11.8,17.8,104,47
2023-01-18T11:00,12.6,19.1,101,46
2023-01-18T12:00,14.1,19.4,100,40
2023-01-18T13:00,15.2,22.8,108,35
2023-01-18T14:00,15.5,25.5,113,35
2023-01-18T15:00,15.2,26.7,116,36
2023-01-18T16:00,14.5,27.8,111,37
2023-01-18T17:00,13.5,26.3,103,42
2023-01-18T18:00,11.9,21.1,98,48
2023-01-18T19:00,10.9,15.5,85,51
2023-01-18T20:00,9.3,19.8,53,57
2023-01-18T21:00,7.9,15.1,50,56
2023-01-18T22:00,6.8,13.0,48,60
2023-01-18T23:00,5.8,6.9,51,70
2023-01-19T00:00,6.0,2.3,141,65
2023-01-19T01:00,4.5,4.5,194,81
2023-01-19T02:00,4.6,3.5,204,79
2023-01-19T03:00,4.4,6.0,237,81
2023-01-19T04:00,4.2,7.2,217,82
2023-01-19T05:00,4.5,5.8,180,86
2023-01-19T06:00,4.8,3.3,174,90
2023-01-19T07:00,6.5,3.7,151,82
2023-01-19T08:00,7.8,7.6,90,72
2023-01-19T09:00,8.5,16.1,110,71
2023-01-19T10:00,10.2,23.0,81,62
2023-01-19T11:00,9.8,30.3,94,65
2023-01-19T12:00,12.1,38.5,92,51
2023-01-19T13:00,12.9,39.3,98,46
2023-01-19T14:00,12.7,36.8,93,50
2023-01-19T15:00,12.5,34.6,93,48
2023-01-19T16:00,12.7,31.3,91,48
2023-01-19T17:00,11.7,26.4,85,49
2023-01-19T18:00,9.8,19.9,85,59
2023-01-19T19:00,8.5,14.9,98,67
2023-01-19T20:00,7.7,10.9,82,73
2023-01-19T21:00,6.8,12.3,52,75
2023-01-19T22:00,5.8,8.9,40,79
2023-01-19T23:00,4.7,4.3,42,87
2023-01-20T00:00,5.4,1.8,11,80
2023-01-20T01:00,4.9,0.8,243,82
2023-01-20T02:00,4.7,1.1,198,83
2023-01-20T03:00,3.6,3.1,144,90
2023-01-20T04:00,2.7,4.3,138,92
2023-01-20T05:00,2.9,3.7,119,88
2023-01-20T06:00,2.9,1.8,79,92
2023-01-20T07:00,5.0,4.0,355,75
2023-01-20T08:00,7.3,2.8,320,67
2023-01-20T09:00,9.8,5.4,82,52
2023-01-20T10:00,11.5,8.8,102,45
2023-01-20T11:00,12.4,14.5,113,44
2023-01-20T12:00,13.7,14.0,113,43
2023-01-20T13:00,15.0,14.6,106,37
2023-01-20T14:00,15.7,18.3,106,36
2023-01-20T15:00,15.3,19.9,103,36
2023-01-20T16:00,14.8,20.3,102,35
2023-01-20T17:00,13.7,19.2,116,37
2023-01-20T18:00,12.3,17.8,126,43
2023-01-20T19:00,11.1,12.5,139,51
2023-01-20T20:00,10.3,13.5,124,59
2023-01-20T21:00,9.6,11.8,110,65
2023-01-20T22:00,8.2,7.5,73,74
2023-01-20T23:00,6.9,5.4,48,79
2023-01-21T00:00,6.1,4.1,255,79
2023-01-21T01:00,5.2,10.8,206,90
2023-01-21T02:00,4.8,7.6,172,92
2023-01-21T03:00,4.9,7.2,252,92
2023-01-21T04:00,3.9,5.8,292,96
2023-01-21T05:00,3.4,6.3,329,99
2023-01-21T06:00,3.7,6.3,336,96
2023-01-21T07:00,6.2,6.2,10,84
2023-01-21T08:00,7.6,9.0,29,77
2023-01-21T09:00,9.6,5.9,47,68
2023-01-21T10:00,11.1,2.5,82,65
2023-01-21T11:00,12.8,3.9,124,60
2023-01-21T12:00,14.5,9.5,99,51
2023-01-21T13:00,15.7,20.2,94,40
2023-01-21T14:00,15.9,22.4,95,34
2023-01-21T15:00,16.1,21.6,92,32
2023-01-21T16:00,15.1,20.2,101,34
2023-01-21T17:00,14.7,18.8,116,33
2023-01-21T18:00,12.9,17.2,127,41
2023-01-21T19:00,11.6,14.3,129,49
2023-01-21T20:00,10.5,11.7,133,57
2023-01-21T21:00,9.4,8.3,95,66
2023-01-21T22:00,8.3,9.7,59,61
2023-01-21T23:00,7.0,7.7,53,65
2023-01-22T00:00,7.3,3.4,72,59
2023-01-22T01:00,6.9,3.3,193,59
2023-01-22T02:00,3.9,5.6,220,82
2023-01-22T03:00,2.9,4.5,209,91
2023-01-22T04:00,3.2,0.5,135,93
2023-01-22T05:00,1.2,6.5,19,96
2023-01-22T06:00,1.5,9.5,25,94
2023-01-22T07:00,5.8,8.2,29,79
2023-01-22T08:00,8.7,9.3,13,70
2023-01-22T09:00,11.3,10.9,56,48
2023-01-22T10:00,13.9,18.5,69,29
2023-01-22T11:00,15.2,20.7,82,27
2023-01-22T12:00,15.9,21.6,87,25
2023-01-22T13:00,16.1,20.4,81,26
2023-01-22T14:00,16.5,19.6,83,25
2023-01-22T15:00,16.7,19.9,86,25
2023-01-22T16:00,16.4,20.3,77,26
2023-01-22T17:00,15.6,19.3,81,30
2023-01-22T18:00,14.1,18.7,101,37
2023-01-22T19:00,12.6,11.6,126,40
2023-01-22T20:00,11.2,15.6,140,49
2023-01-22T21:00,10.1,14.7,112,59
2023-01-22T22:00,9.2,11.7,101,60
2023-01-22T23:00,8.1,8.7,97,62
2023-01-23T00:00,6.5,5.0,90,75
2023-01-23T01:00,6.2,3.5,66,73
2023-01-23T02:00,4.7,6.6,49,82
2023-01-23T03:00,4.1,9.9,19,82
2023-01-23T04:00,3.0,9.0,355,86
2023-01-23T05:00,2.1,5.6,345,93
2023-01-23T06:00,2.8,5.4,4,90
2023-01-23T07:00,7.1,6.8,335,71
2023-01-23T08:00,10.0,9.7,329,54
2023-01-23T09:00,12.4,11.8,340,39
2023-01-23T10:00,14.1,9.8,8,32
2023-01-23T11:00,15.5,9.4,50,27
2023-01-23T12:00,17.1,13.3,77,23
2023-01-23T13:00,18.0,18.1,67,20
2023-01-23T14:00,18.4,18.6,72,19
2023-01-23T15:00,18.1,18.4,88,20
2023-01-23T16:00,17.7,20.2,87,22
2023-01-23T17:00,16.7,17.3,89,22
2023-01-23T18:00,15.2,16.9,101,27
2023-01-23T19:00,14.5,13.6,122,33
2023-01-23T20:00,12.2,25.6,118,54
2023-01-23T21:00,11.7,12.2,133,55
2023-01-23T22:00,7.5,24.6,252,77
2023-01-23T23:00,8.9,11.0,247,68
2023-01-24T00:00,7.9,11.9,215,74
2023-01-24T01:00,6.9,7.9,177,77
2023-01-24T02:00,5.6,4.0,185,84
2023-01-24T03:00,5.0,7.6,239,85
2023-01-24T04:00,4.8,11.2,266,89
2023-01-24T05:00,5.1,8.8,279,89
2023-01-24T06:00,5.1,6.3,294,90
2023-01-24T07:00,7.7,4.0,297,74
2023-01-24T08:00,9.6,1.5,194,63
2023-01-24T09:00,11.4,2.5,90,54
2023-01-24T10:00,13.4,2.1,329,47
2023-01-24T11:00,15.2,4.2,290,41
2023-01-24T12:00,16.9,5.1,262,35
2023-01-24T13:00,17.6,4.7,247,30
2023-01-24T14:00,19.3,5.8,180,25
2023-01-24T15:00,16.7,16.5,79,34
2023-01-24T16:00,13.8,9.8,186,49
2023-01-24T17:00,13.7,18.0,164,46
2023-01-24T18:00,13.6,17.0,193,41
2023-01-24T19:00,11.7,14.3,245,54
2023-01-24T20:00,11.6,10.8,206,55
2023-01-24T21:00,8.2,13.1,148,75
2023-01-24T22:00,8.6,4.7,32,73
2023-01-24T23:00,8.4,4.9,17,78
2023-01-25T00:00,7.9,4.8,333,81
2023-01-25T01:00,7.8,9.4,317,82
2023-01-25T02:00,7.4,8.8,325,85
2023-01-25T03:00,7.1,5.2,304,87
2023-01-25T04:00,7.0,3.6,264,88
2023-01-25T05:00,6.9,3.2,243,85
2023-01-25T06:00,7.0,2.9,240,81
2023-01-25T07:00,7.2,3.9,292,81
2023-01-25T08:00,9.3,9.8,208,65
2023-01-25T09:00,10.8,10.9,146,59
2023-01-25T10:00,10.9,15.1,108,63
2023-01-25T11:00,10.7,13.5,65,65
2023-01-25T12:00,12.9,8.7,85,58
2023-01-25T13:00,14.8,15.1,102,49
2023-01-25T14:00,15.6,19.0,109,43
2023-01-25T15:00,14.6,20.3,84,45
2023-01-25T16:00,14.3,14.1,86,49
2023-01-25T17:00,12.4,13.9,65,55
2023-01-25T18:00,11.5,2.8,320,59
2023-01-25T19:00,12.4,8.5,118,50
2023-01-25T20:00,11.1,17.5,148,57
2023-01-25T21:00,9.3,20.7,140,69
2023-01-25T22:00,8.4,10.1,145,75
2023-01-25T23:00,7.3,3.5,24,87
2023-01-26T00:00,6.2,9.5,169,88
2023-01-26T01:00,6.4,7.6,188,85
2023-01-26T02:00,5.8,8.8,199,88
2023-01-26T03:00,5.1,7.3,191,94
2023-01-26T04:00,5.1,5.8,210,95
2023-01-26T05:00,4.3,4.4,235,97
2023-01-26T06:00,4.9,4.3,228,94
2023-01-26T07:00,5.9,1.1,18,86
2023-01-26T08:00,7.9,4.6,135,74
2023-01-26T09:00,9.9,4.7,113,61
2023-01-26T10:00,11.6,8.3,92,51
2023-01-26T11:00,12.6,9.7,117,48
2023-01-26T12:00,13.8,12.3,122,46
2023-01-26T13:00,14.9,14.0,125,44
2023-01-26T14:00,15.7,15.4,127,42
2023-01-26T15:00,15.9,16.3,118,41
2023-01-26T16:00,15.5,17.9,112,39
2023-01-26T17:00,14.7,18.6,105,39
2023-01-26T18:00,13.0,13.6,101,47
2023-01-26T19:00,11.9,11.5,104,56
2023-01-26T20:00,10.8,9.7,141,64
2023-01-26T21:00,9.2,11.9,180,75
2023-01-26T22:00,8.4,13.3,123,78
2023-01-26T23:00,7.7,1.6,207,82
2023-01-27T00:00,7.2,11.2,178,83
2023-01-27T01:00,7.0,11.1,167,84
2023-01-27T02:00,6.3,9.8,197,87
2023-01-27T03:00,5.4,15.8,192,91
2023-01-27T04:00,5.4,13.4,186,87
2023-01-27T05:00,5.3,14.8,179,86
2023-01-27T06:00,4.7,14.0,181,90
2023-01-27T07:00,6.7,9.0,185,82
2023-01-27T08:00,8.5,7.9,177,74
2023-01-27T09:00,9.0,6.0,123,71
2023-01-27T10:00,10.8,5.8,90,66
2023-01-27T11:00,12.3,7.2,87,60
2023-01-27T12:00,13.5,8.2,131,54
2023-01-27T13:00,15.1,13.4,153,54
2023-01-27T14:00,15.7,17.3,144,51
2023-01-27T15:00,15.1,19.6,136,49
2023-01-27T16:00,14.6,22.4,120,45
2023-01-27T17:00,13.5,18.4,96,46
2023-01-27T18:00,12.5,13.0,114,52
2023-01-27T19:00,10.7,8.3,146,66
2023-01-27T20:00,9.7,8.3,124,72
2023-01-27T21:00,9.5,7.9,106,74
2023-01-27T22:00,8.0,5.8,158,81
2023-01-27T23:00,6.8,9.8,216,88
2023-01-28T00:00,7.1,11.7,171,87
2023-01-28T01:00,5.8,6.1,273,96
2023-01-28T02:00,6.2,7.6,278,94
2023-01-28T03:00,5.4,4.8,243,97
2023-01-28T04:00,5.7,2.2,261,95
2023-01-28T05:00,5.0,3.7,281,97
2023-01-28T06:00,5.0,4.2,290,97
2023-01-28T07:00,7.2,4.5,284,87
2023-01-28T08:00,9.3,3.6,270,69
2023-01-28T09:00,10.5,4.2,70,61
2023-01-28T10:00,11.8,7.3,70,55
2023-01-28T11:00,12.6,6.6,81,51
2023-01-28T12:00,13.7,7.2,84,47
2023-01-28T13:00,15.0,11.9,90,48
2023-01-28T14:00,11.8,17.8,97,63
2023-01-28T15:00,14.3,18.7,90,50
2023-01-28T16:00,13.5,24.6,97,50
2023-01-28T17:00,12.4,18.4,92,57
2023-01-28T18:00,11.3,16.3,96,60
2023-01-28T19:00,10.7,9.7,149,70
2023-01-28T20:00,9.7,9.7,86,74
2023-01-28T21:00,9.4,12.8,68,67
2023-01-28T22:00,8.5,16.4,57,65
2023-01-28T23:00,8.0,15.1,50,69
2023-01-29T00:00,7.8,9.7,31,70
2023-01-29T01:00,7.7,11.5,46,66
2023-01-29T02:00,6.2,10.2,51,73
2023-01-29T03:00,5.0,8.4,43,79
2023-01-29T04:00,4.3,7.1,45,83
2023-01-29T05:00,3.7,4.0,63,86
2023-01-29T06:00,4.4,1.8,169,87
2023-01-29T07:00,6.9,8.2,218,83
2023-01-29T08:00,8.5,4.4,189,67
2023-01-29T09:00,10.5,7.7,79,59
2023-01-29T10:00,11.1,8.7,95,57
2023-01-29T11:00,11.7,12.4,120,55
2023-01-29T12:00,12.2,9.0,113,58
2023-01-29T13:00,12.3,9.8,98,60
2023-01-29T14:00,12.4,12.4,64,60
2023-01-29T15:00,13.2,13.0,62,57
2023-01-29T16:00,13.3,15.3,98,55
2023-01-29T17:00,12.1,16.9,101,56
2023-01-29T18:00,10.4,13.0,161,66
2023-01-29T19:00,7.9,23.1,182,83
2023-01-29T20:00,7.3,17.6,139,86
2023-01-29T21:00,6.6,6.0,155,89
2023-01-29T22:00,6.7,8.9,223,90
2023-01-29T23:00,6.7,2.5,172,90
2023-01-30T00:00,6.9,3.3,103,87
2023-01-30T01:00,6.9,7.2,117,87
2023-01-30T02:00,7.0,3.7,191,85
2023-01-30T03:00,6.9,3.0,284,85
2023-01-30T04:00,6.8,1.3,304,85
2023-01-30T05:00,6.7,4.6,225,85
2023-01-30T06:00,6.8,11.0,191,86
2023-01-30T07:00,7.3,5.9,191,84
2023-01-30T08:00,8.2,5.7,108,80
2023-01-30T09:00,8.8,11.2,94,78
2023-01-30T10:00,10.0,12.6,114,70
2023-01-30T11:00,11.8,11.1,119,66
2023-01-30T12:00,12.8,11.4,118,58
2023-01-30T13:00,13.6,10.8,143,55
2023-01-30T14:00,14.4,13.0,138,55
2023-01-30T15:00,13.9,14.4,94,57
2023-01-30T16:00,12.5,18.8,102,59
2023-01-30T17:00,10.2,14.6,74,72
2023-01-30T18:00,9.2,6.3,347,76
2023-01-30T19:00,7.5,9.4,277,83
2023-01-30T20:00,7.3,6.6,221,86
2023-01-30T21:00,6.8,4.0,190,90
2023-01-30T22:00,6.7,3.6,217,92
2023-01-30T23:00,6.5,5.1,172,93
2023-01-31T00:00,6.7,5.4,200,88
2023-01-31T01:00,6.6,8.2,247,89
2023-01-31T02:00,5.5,13.1,254,94
2023-01-31T03:00,4.8,8.7,240,95
2023-01-31T04:00,5.0,7.3,237,92
2023-01-31T05:00,5.1,12.0,226,92
2023-01-31T06:00,5.0,12.8,212,92
2023-01-31T07:00,7.1,3.4,288,87
2023-01-31T08:00,8.5,5.2,196,82
2023-01-31T09:00,9.7,8.0,172,75
2023-01-31T10:00,11.1,6.3,167,69
2023-01-31T11:00,12.1,5.2,164,65
2023-01-31T12:00,13.5,6.6,171,59
2023-01-31T13:00,9.7,21.4,115,78
2023-01-31T14:00,11.9,7.1,75,67
2023-01-31T15:00,11.7,8.9,104,68
2023-01-31T16:00,9.8,8.4,115,76
2023-01-31T17:00,10.7,9.0,209,70
2023-01-31T18:00,9.2,4.1,142,74
2023-01-31T19:00,8.5,12.8,164,81
2023-01-31T20:00,8.0,11.9,155,83
2023-01-31T21:00,7.2,11.3,158,87
2023-01-31T22:00,7.0,6.3,257,87
2023-01-31T23:00,6.6,4.7,247,89
2023-02-01T00:00,6.3,4.6,225,89
2023-02-01T01:00,5.9,11.7,252,91
2023-02-01T02:00,6.0,14.1,238,85
2023-02-01T03:00,5.4,15.8,225,86
2023-02-01T04:00,5.3,13.3,232,87
2023-02-01T05:00,5.3,14.8,227,87
2023-02-01T06:00,5.6,12.9,216,88
2023-02-01T07:00,6.4,15.5,205,84
2023-02-01T08:00,7.1,16.8,189,85
2023-02-01T09:00,8.2,13.1,172,82
2023-02-01T10:00,10.3,11.1,144,71
2023-02-01T11:00,9.6,17.1,120,71
2023-02-01T12:00,11.6,20.0,97,71
2023-02-01T13:00,12.8,21.9,104,62
2023-02-01T14:00,11.9,23.2,114,65
2023-02-01T15:00,12.8,22.9,112,61
2023-02-01T16:00,12.8,21.0,112,57
2023-02-01T17:00,12.2,18.9,114,57
2023-02-01T18:00,10.9,13.9,121,65
2023-02-01T19:00,8.9,9.7,129,75
2023-02-01T20:00,8.1,10.2,135,77
2023-02-01T21:00,8.1,17.6,118,77
2023-02-01T22:00,7.5,10.3,126,83
2023-02-01T23:00,6.4,11.3,171,90
2023-02-02T00:00,5.2,13.1,164,98
2023-02-02T01:00,5.0,15.2,187,96
2023-02-02T02:00,4.6,8.0,185,99
2023-02-02T03:00,5.2,8.0,207,94
2023-02-02T04:00,5.1,6.2,277,94
2023-02-02T05:00,4.8,6.7,286,96
2023-02-02T06:00,4.8,4.0,280,95
2023-02-02T07:00,5.9,4.3,90,91
2023-02-02T08:00,7.8,4.3,90,84
2023-02-02T09:00,9.8,3.9,68,75
2023-02-02T10:00,10.9,4.5,76,68
2023-02-02T11:00,12.1,4.0,95,64
2023-02-02T12:00,13.5,7.6,82,62
2023-02-02T13:00,14.0,10.1,88,56
2023-02-02T14:00,10.7,16.3,135,70
2023-02-02T15:00,13.5,12.4,112,58
2023-02-02T16:00,13.2,9.4,94,57
2023-02-02T17:00,12.6,10.9,99,56
2023-02-02T18:00,11.4,6.6,112,66
2023-02-02T19:00,9.0,4.7,171,81
2023-02-02T20:00,8.3,4.7,293,82
2023-02-02T21:00,7.2,0.5,225,87
2023-02-02T22:00,7.7,5.7,252,84
2023-02-02T23:00,6.8,6.8,273,92
2023-02-03T00:00,6.6,8.3,272,90
2023-02-03T01:00,6.8,8.4,260,89
2023-02-03T02:00,6.6,5.4,270,89
2023-02-03T03:00,6.5,3.7,331,86
2023-02-03T04:00,6.4,3.0,346,87
2023-02-03T05:00,6.5,5.0,21,87
2023-02-03T06:00,6.7,4.6,39,87
2023-02-03T07:00,6.8,4.4,99,88
2023-02-03T08:00,8.2,4.1,75,83
2023-02-03T09:00,9.9,6.2,36,72
2023-02-03T10:00,9.8,10.8,75,73
2023-02-03T11:00,10.9,10.9,107,74
2023-02-03T12:00,12.1,12.9,113,62
2023-02-03T13:00,12.6,12.3,85,59
2023-02-03T14:00,12.3,9.6,70,60
2023-02-03T15:00,12.7,5.6,130,54
2023-02-03T16:00,13.4,2.1,121,52
2023-02-03T17:00,10.3,6.4,63,65
2023-02-03T18:00,8.6,7.6,90,78
2023-02-03T19:00,8.2,7.3,351,78
2023-02-03T20:00,7.6,2.1,31,82
2023-02-03T21:00,7.4,6.9,9,86
2023-02-03T22:00,6.8,10.5,22,89
2023-02-03T23:00,7.0,13.9,21,83
2023-02-04T00:00,6.5,15.5,28,83
2023-02-04T01:00,6.4,14.3,18,83
2023-02-04T02:00,6.3,11.8,23,85
2023-02-04T03:00,6.3,10.9,8,85
2023-02-04T04:00,6.4,11.0,349,83
2023-02-04T05:00,5.8,10.4,314,86
2023-02-04T06:00,5.5,11.2,310,87
2023-02-04T07:00,4.5,13.4,294,90
2023-02-04T08:00,6.0,12.8,320,82
2023-02-04T09:00,7.8,16.0,346,76
2023-02-04T10:00,8.4,13.0,357,73
2023-02-04T11:00,9.8,10.7,20,71
2023-02-04T12:00,10.9,8.4,47,66
2023-02-04T13:00,7.9,14.8,51,81
2023-02-04T14:00,10.2,12.4,64,73
2023-02-04T15:00,10.5,12.4,64,70
2023-02-04T16:00,10.3,3.1,126,71
2023-02-04T17:00,8.6,11.6,248,81
2023-02-04T18:00,7.5,7.8,304,85
2023-02-04T19:00,7.4,5.1,274,83
2023-02-04T20:00,7.5,5.9,346,81
2023-02-04T21:00,7.2,7.4,331,84
2023-02-04T22:00,6.9,9.1,342,87
2023-02-04T23:00,6.3,12.1,337,91
2023-02-05T00:00,6.3,10.5,344,89
2023-02-05T01:00,5.9,16.5,344,89
2023-02-05T02:00,5.0,21.8,344,89
2023-02-05T03:00,3.6,15.6,334,94
2023-02-05T04:00,3.4,10.1,305,94
2023-02-05T05:00,3.7,8.6,268,94
2023-02-05T06:00,4.1,6.3,246,92
2023-02-05T07:00,2.2,4.6,231,97
2023-02-05T08:00,3.9,3.7,209,89
2023-02-05T09:00,5.5,2.9,270,86
2023-02-05T10:00,8.0,4.1,285,79
2023-02-05T11:00,9.6,5.4,290,75
2023-02-05T12:00,10.9,8.7,308,68
2023-02-05T13:00,12.6,10.6,298,59
2023-02-05T14:00,9.9,10.0,285,68
2023-02-05T15:00,9.8,14.6,52,71
2023-02-05T16:00,10.7,9.2,48,69
2023-02-05T17:00,10.2,7.2,360,65
2023-02-05T18:00,8.0,2.4,243,77
2023-02-05T19:00,7.7,8.4,250,84
2023-02-05T20:00,7.7,5.4,217,84
2023-02-05T21:00,5.9,3.2,243,89
2023-02-05T22:00,5.6,3.9,236,90
2023-02-05T23:00,5.2,9.4,277,91
2023-02-06T00:00,4.9,9.4,270,91
2023-02-06T01:00,4.8,8.7,300,92
2023-02-06T02:00,4.6,9.8,332,91
2023-02-06T03:00,5.0,8.6,285,87
2023-02-06T04:00,5.0,7.9,223,86
2023-02-06T05:00,4.8,7.2,217,88
2023-02-06T06:00,4.9,3.9,202,89
2023-02-06T07:00,5.4,5.6,135,88
2023-02-06T08:00,6.7,7.4,137,82
2023-02-06T09:00,8.1,7.2,143,75
2023-02-06T10:00,8.9,4.1,135,76
2023-02-06T11:00,10.2,1.6,63,71
2023-02-06T12:00,11.8,6.6,292,62
2023-02-06T13:00,10.9,3.3,221,64
2023-02-06T14:00,9.1,16.8,132,88
2023-02-06T15:00,12.1,1.3,214,65
2023-02-06T16:00,10.6,3.7,119,69
2023-02-06T17:00,10.1,10.2,51,69
2023-02-06T18:00,8.2,14.8,354,81
2023-02-06T19:00,7.6,8.0,275,82
2023-02-06T20:00,7.4,6.0,343,83
2023-02-06T21:00,6.1,7.2,342,88
2023-02-06T22:00,6.4,9.6,290,89
2023-02-06T23:00,6.2,7.2,273,89
2023-02-07T00:00,5.9,10.4,250,89
2023-02-07T01:00,5.3,9.8,234,89
2023-02-07T02:00,4.9,10.3,234,88
2023-02-07T03:00,4.8,5.4,274,87
2023-02-07T04:00,4.8,6.4,313,87
2023-02-07T05:00,4.9,5.9,317,88
2023-02-07T06:00,5.2,3.1,225,87
2023-02-07T07:00,6.5,0.7,90,85
2023-02-07T08:00,7.6,6.4,137,79
2023-02-07T09:00,8.6,5.9,137,75
2023-02-07T10:00,9.5,6.9,133,74
2023-02-07T11:00,10.4,5.0,150,69
2023-02-07T12:00,11.6,2.0,225,63
2023-02-07T13:00,13.2,1.5,256,57
2023-02-07T14:00,13.8,3.3,221,56
2023-02-07T15:00,12.4,14.1,52,65
2023-02-07T16:00,10.7,5.8,86,73
2023-02-07T17:00,11.0,4.3,48,69
2023-02-07T18:00,8.6,12.2,137,80
2023-02-07T19:00,7.3,11.2,270,84
2023-02-07T20:00,6.9,4.7,247,88
2023-02-07T21:00,7.3,6.6,202,88
2023-02-07T22:00,6.5,3.3,221,94
2023-02-07T23:00,6.7,4.6,129,90
2023-02-08T00:00,5.8,10.7,213,93
2023-02-08T01:00,4.8,10.5,221,93
2023-02-08T02:00,4.7,5.0,201,92
2023-02-08T03:00,5.5,4.4,279,88
2023-02-08T04:00,5.7,2.2,261,86
2023-02-08T05:00,5.5,3.8,311,86
2023-02-08T06:00,5.6,3.0,346,86
2023-02-08T07:00,6.3,5.1,176,88
2023-02-08T08:00,7.8,6.6,171,80
2023-02-08T09:00,9.3,6.5,180,76
2023-02-08T10:00,10.7,6.7,164,70
2023-02-08T11:00,12.1,8.0,185,64
2023-02-08T12:00,12.4,10.1,186,61
2023-02-08T13:00,12.4,9.7,184,61
2023-02-08T14:00,13.4,7.4,141,55
2023-02-08T15:00,11.6,13.2,73,67
2023-02-08T16:00,11.2,10.8,120,70
2023-02-08T17:00,10.8,7.4,141,70
2023-02-08T18:00,8.2,15.9,218,82
2023-02-08T19:00,8.0,7.8,214,87
2023-02-08T20:00,7.1,13.2,223,86
2023-02-08T21:00,7.5,8.7,225,86
2023-02-08T22:00,7.1,11.8,232,87
2023-02-08T23:00,6.4,13.0,246,86
2023-02-09T00:00,6.1,7.9,267,87
2023-02-09T01:00,6.2,7.6,251,88
2023-02-09T02:00,6.4,7.7,233,87
2023-02-09T03:00,6.4,9.0,233,86
2023-02-09T04:00,6.0,10.4,226,87
2023-02-09T05:00,6.0,9.6,200,87
2023-02-09T06:00,5.6,10.9,163,89
2023-02-09T07:00,5.8,5.5,203,86
2023-02-09T08:00,7.5,4.9,234,79
2023-02-09T09:00,8.5,3.9,248,74
2023-02-09T10:00,9.5,4.2,301,70
2023-02-09T11:00,11.0,1.3,304,71
2023-02-09T12:00,12.5,1.3,326,67
2023-02-09T13:00,13.0,3.9,236,62
2023-02-09T14:00,13.3,1.8,217,59
2023-02-09T15:00,13.1,10.8,116,60
2023-02-09T16:00,10.1,11.6,97,77
2023-02-09T17:00,10.4,13.7,60,72
2023-02-09T18:00,9.7,13.0,219,75
2023-02-09T19:00,8.0,12.3,355,84
2023-02-09T20:00,7.9,7.3,351,85
2023-02-09T21:00,7.6,2.5,352,87
2023-02-09T22:00,7.6,2.3,342,84
2023-02-09T23:00,7.4,7.3,340,86
2023-02-10T00:00,7.0,8.7,343,87
2023-02-10T01:00,6.3,7.2,333,88
2023-02-10T02:00,6.4,2.2,279,87
2023-02-10T03:00,5.8,2.3,39,93
2023-02-10T04:00,4.9,2.5,82,97
2023-02-10T05:00,4.6,2.9,60,99
2023-02-10T06:00,4.5,2.8,40,100
2023-02-10T07:00,7.0,2.5,270,88
2023-02-10T08:00,8.9,8.0,297,77
2023-02-10T09:00,10.4,10.5,333,68
2023-02-10T10:00,10.8,10.8,4,66
2023-02-10T11:00,11.2,8.9,32,67
2023-02-10T12:00,11.7,4.2,59,69
2023-02-10T13:00,12.9,1.5,45,66
2023-02-10T14:00,13.3,1.5,194,63
2023-02-10T15:00,13.8,3.9,124,59
2023-02-10T16:00,13.4,5.1,82,62
2023-02-10T17:00,8.3,3.7,331,83
2023-02-10T18:00,8.9,2.1,149,78
2023-02-10T19:00,8.6,6.6,283,82
2023-02-10T20:00,6.9,4.1,15,90
2023-02-10T21:00,7.9,10.2,157,86
2023-02-10T22:00,7.3,8.7,114,86
2023-02-10T23:00,6.5,7.2,174,89
2023-02-11T00:00,6.2,5.6,195,90
2023-02-11T01:00,6.6,3.6,264,89
2023-02-11T02:00,6.6,5.5,281,89
2023-02-11T03:00,6.6,4.3,275,88
2023-02-11T04:00,6.7,4.1,308,88
2023-02-11T05:00,6.1,3.4,342,93
2023-02-11T06:00,5.9,2.8,40,96
2023-02-11T07:00,6.9,1.6,27,90
2023-02-11T08:00,9.1,5.5,349,77
2023-02-11T09:00,10.5,8.1,13,67
2023-02-11T10:00,11.7,8.7,24,66
2023-02-11T11:00,12.7,8.7,24,66
2023-02-11T12:00,13.5,6.7,54,63
2023-02-11T13:00,14.3,9.7,90,55
2023-02-11T14:00,12.1,12.4,80,61
2023-02-11T15:00,13.0,9.3,103,55
2023-02-11T16:00,12.3,7.8,124,63
2023-02-11T17:00,11.4,15.6,142,65
2023-02-11T18:00,10.0,0.8,243,71
2023-02-11T19:00,9.4,5.7,325,80
2023-02-11T20:00,8.5,4.2,340,88
2023-02-11T21:00,7.2,5.5,58,93
2023-02-11T22:00,7.5,5.2,335,91
2023-02-11T23:00,7.2,3.7,299,91
2023-02-12T00:00,6.9,5.9,281,91
2023-02-12T01:00,6.4,5.9,281,94
2023-02-12T02:00,5.9,4.3,265,96
2023-02-12T03:00,5.1,5.0,291,97
2023-02-12T04:00,4.8,5.7,288,98
2023-02-12T05:00,4.5,5.2,304,98
2023-02-12T06:00,5.2,4.9,343,97
2023-02-12T07:00,6.3,4.8,347,91
2023-02-12T08:00,8.2,5.5,349,79
2023-02-12T09:00,9.5,5.3,28,73
2023-02-12T10:00,11.1,6.3,77,63
2023-02-12T11:00,12.5,9.0,74,57
2023-02-12T12:00,13.1,8.8,81,54
2023-02-12T13:00,13.4,8.2,113,54
2023-02-12T14:00,13.3,10.0,142,54
2023-02-12T15:00,14.0,11.4,125,52
2023-02-12T16:00,14.0,13.2,112,51
2023-02-12T17:00,13.5,14.4,112,53
2023-02-12T18:00,11.5,11.6,97,68
2023-02-12T19:00,10.0,3.7,119,83
2023-02-12T20:00,8.3,12.3,339,86
2023-02-12T21:00,7.6,13.0,265,91
2023-02-12T22:00,7.2,4.4,261,91
2023-02-12T23:00,6.7,5.9,133,91
2023-02-13T00:00,6.9,0.8,63,92
2023-02-13T01:00,5.5,8.4,137,97
2023-02-13T02:00,6.1,1.8,270,88
2023-02-13T03:00,5.4,3.3,319,94
2023-02-13T04:00,5.0,8.3,265,94
2023-02-13T05:00,5.3,8.7,330,89
2023-02-13T06:00,5.3,6.2,324,89
2023-02-13T07:00,6.9,7.4,317,89
2023-02-13T08:00,8.8,5.1,315,84
2023-02-13T09:00,10.1,3.2,63,79
2023-02-13T10:00,11.7,4.6,72,71
2023-02-13T11:00,12.9,3.4,58,66
2023-02-13T12:00,13.9,1.5,45,63
2023-02-13T13:00,14.6,1.4,90,60
2023-02-13T14:00,15.1,1.3,146,57
2023-02-13T15:00,14.7,11.9,104,59
2023-02-13T16:00,12.9,12.0,99,62
2023-02-13T17:00,12.7,13.0,204,60
2023-02-13T18:00,7.3,21.6,210,90
2023-02-13T19:00,8.5,8.5,216,82
2023-02-13T20:00,8.0,10.6,198,87
2023-02-13T21:00,7.4,8.5,216,89
2023-02-13T22:00,7.1,6.4,223,89
2023-02-13T23:00,6.5,6.4,164,89
2023-02-14T00:00,5.9,10.5,128,96
2023-02-14T01:00,6.1,9.9,170,92
2023-02-14T02:00,5.7,4.5,166,93
2023-02-14T03:00,4.6,4.7,58,96
2023-02-14T04:00,4.8,5.0,21,97
2023-02-14T05:00,4.0,6.6,315,99
2023-02-14T06:00,3.1,2.7,293,99
2023-02-14T07:00,6.8,1.1,270,90
2023-02-14T08:00,8.5,1.8,37,83
2023-02-14T09:00,9.9,3.4,148,77
2023-02-14T10:00,12.0,4.5,151,69
2023-02-14T11:00,11.1,13.4,144,73
2023-02-14T12:00,12.3,5.2,196,67
2023-02-14T13:00,13.5,10.5,174,65
2023-02-14T14:00,14.7,11.3,97,63
2023-02-14T15:00,9.2,15.5,13,82
2023-02-14T16:00,11.3,5.7,55,68
2023-02-14T17:00,8.6,14.9,352,84
2023-02-14T18:00,8.7,4.2,200,83
2023-02-14T19:00,8.3,9.6,326,81
2023-02-14T20:00,8.2,5.4,278,83
2023-02-14T21:00,7.1,6.3,257,91
2023-02-14T22:00,6.3,4.7,270,94
2023-02-14T23:00,6.2,3.4,302,95
2023-02-15T00:00,6.4,2.3,321,91
2023-02-15T01:00,5.3,3.1,249,97
2023-02-15T02:00,5.0,4.2,70,97
2023-02-15T03:00,5.1,3.4,18,100
2023-02-15T04:00,4.8,3.3,283,100
2023-02-15T05:00,4.1,2.1,329,99
2023-02-15T06:00,4.2,2.8,310,98
2023-02-15T07:00,5.8,4.0,190,99
2023-02-15T08:00,8.0,5.0,201,83
2023-02-15T09:00,9.9,2.9,180,73
2023-02-15T10:00,11.1,2.7,337,66
2023-02-15T11:00,12.1,5.5,337,69
2023-02-15T12:00,13.2,5.6,320,65
2023-02-15T13:00,14.6,5.8,292,59
2023-02-15T14:00,15.2,6.6,261,56
2023-02-15T15:00,12.2,11.3,292,71
2023-02-15T16:00,11.6,0.4,90,71
2023-02-15T17:00,11.0,8.5,242,71
2023-02-15T18:00,10.4,5.8,263,72
2023-02-15T19:00,9.4,13.8,319,80
2023-02-15T20:00,8.7,7.8,338,86
2023-02-15T21:00,8.6,11.0,341,84
2023-02-15T22:00,7.8,8.1,291,90
2023-02-15T23:00,7.5,5.5,281,92
2023-02-16T00:00,7.1,2.9,277,92
2023-02-16T01:00,7.3,7.0,339,91
2023-02-16T02:00,5.7,17.7,347,94
2023-02-16T03:00,5.4,10.6,342,92
2023-02-16T04:00,5.0,9.7,345,94
2023-02-16T05:00,4.2,9.7,345,97
2023-02-16T06:00,4.0,8.8,348,97
2023-02-16T07:00,6.0,9.7,329,89
2023-02-16T08:00,8.5,7.0,305,81
2023-02-16T09:00,11.0,11.7,236,67
2023-02-16T10:00,12.7,10.5,221,56
2023-02-16T11:00,13.4,8.7,204,51
2023-02-16T12:00,14.6,7.6,172,49
2023-02-16T13:00,15.5,8.0,162,46
2023-02-16T14:00,16.3,5.8,180,45
2023-02-16T15:00,16.8,4.7,203,41
2023-02-16T16:00,16.6,12.8,238,39
2023-02-16T17:00,14.1,21.7,212,46
2023-02-16T18:00,8.7,12.9,120,78
2023-02-16T19:00,10.2,24.8,230,64
2023-02-16T20:00,8.3,25.2,227,67
2023-02-16T21:00,7.5,22.4,222,69
2023-02-16T22:00,6.9,23.4,225,71
2023-02-16T23:00,6.4,22.0,230,73
2023-02-17T00:00,6.0,16.9,236,75
2023-02-17T01:00,5.5,11.4,235,77
2023-02-17T02:00,4.9,8.4,227,80
2023-02-17T03:00,5.0,8.9,227,79
2023-02-17T04:00,5.4,9.4,230,78
2023-02-17T05:00,5.7,8.3,236,78
2023-02-17T06:00,5.1,7.8,236,80
2023-02-17T07:00,6.6,6.3,257,73
2023-02-17T08:00,8.6,8.1,257,62
2023-02-17T09:00,10.2,5.0,270,63
2023-02-17T10:00,11.4,4.8,283,63
2023-02-17T11:00,12.6,4.0,275,56
2023-02-17T12:00,13.5,1.6,297,54
2023-02-17T13:00,14.7,3.9,304,53
2023-02-17T14:00,15.6,6.0,295,48
2023-02-17T15:00,15.9,4.7,266,46
2023-02-17T16:00,12.0,16.2,270,63
2023-02-17T17:00,10.5,3.1,69,68
2023-02-17T18:00,9.3,11.2,310,79
2023-02-17T19:00,10.4,10.0,244,77
2023-02-17T20:00,8.4,6.0,57,88
2023-02-17T21:00,7.0,15.5,112,87
2023-02-17T22:00,7.7,6.1,90,84
2023-02-17T23:00,6.7,5.7,198,91
2023-02-18T00:00,5.5,5.0,249,97
2023-02-18T01:00,6.2,5.8,270,96
2023-02-18T02:00,5.5,4.7,274,98
2023-02-18T03:00,5.2,6.5,273,99
2023-02-18T04:00,4.9,4.7,270,100
2023-02-18T05:00,4.6,4.0,265,100
2023-02-18T06:00,4.6,3.7,209,99
2023-02-18T07:00,6.5,8.0,234,89
2023-02-18T08:00,9.0,12.5,224,69
2023-02-18T09:00,10.5,8.4,245,63
2023-02-18T10:00,11.4,6.1,298,58
2023-02-18T11:00,12.1,3.7,331,58
2023-02-18T12:00,13.2,9.5,11,62
2023-02-18T13:00,12.2,12.8,11,61
2023-02-18T14:00,11.8,9.0,337,63
2023-02-18T15:00,11.2,8.8,12,63
2023-02-18T16:00,12.1,4.8,283,60
2023-02-18T17:00,10.2,11.8,203,70
2023-02-18T18:00,9.2,1.8,90,74
2023-02-18T19:00,8.8,5.6,225,84
2023-02-18T20:00,8.1,1.9,292,91
2023-02-18T21:00,7.6,2.7,23,92
2023-02-18T22:00,6.3,5.2,326,96
2023-02-18T23:00,5.9,8.0,280,95
2023-02-19T00:00,5.5,5.9,232,86
2023-02-19T01:00,5.2,7.6,205,81
2023-02-19T02:00,4.8,10.8,210,80
2023-02-19T03:00,4.3,10.9,214,82
2023-02-19T04:00,3.7,9.1,236,86
2023-02-19T05:00,2.9,8.2,247,89
2023-02-19T06:00,1.5,8.0,252,99
2023-02-19T07:00,3.1,5.4,290,98
2023-02-19T08:00,6.3,7.7,307,84
2023-02-19T09:00,8.4,8.2,311,80
2023-02-19T10:00,10.6,7.0,291,65
2023-02-19T11:00,12.0,3.9,292,58
2023-02-19T12:00,13.1,2.2,270,54
2023-02-19T13:00,14.2,1.8,217,45
2023-02-19T14:00,15.0,2.6,214,40
2023-02-19T15:00,15.9,4.6,198,35
2023-02-19T16:00,15.9,5.2,115,34
2023-02-19T17:00,14.0,17.5,76,56
2023-02-19T18:00,11.8,12.3,83,66
2023-02-19T19:00,9.9,10.8,105,65
2023-02-19T20:00,9.0,8.8,189,71
2023-02-19T21:00,7.9,17.5,238,64
2023-02-19T22:00,7.0,16.3,221,65
2023-02-19T23:00,6.6,14.5,207,70
2023-02-20T00:00,6.2,14.7,216,72
2023-02-20T01:00,5.6,14.7,208,75
2023-02-20T02:00,5.7,12.6,204,78
2023-02-20T03:00,5.4,10.6,215,81
2023-02-20T04:00,4.9,9.7,222,85
2023-02-20T05:00,4.4,8.9,227,86
2023-02-20T06:00,3.9,8.0,207,87
2023-02-20T07:00,6.9,7.1,229,76
2023-02-20T08:00,9.3,8.5,242,63
2023-02-20T09:00,10.8,5.4,222,59
2023-02-20T10:00,11.8,4.2,160,56
2023-02-20T11:00,12.5,9.7,129,56
2023-02-20T12:00,13.6,9.8,107,58
2023-02-20T13:00,14.4,10.6,100,56
2023-02-20T14:00,14.7,12.8,100,54
2023-02-20T15:00,14.9,17.9,112,52
2023-02-20T16:00,13.9,21.0,102,52
2023-02-20T17:00,12.3,18.5,97,55
2023-02-20T18:00,11.0,11.4,103,65
2023-02-20T19:00,8.9,14.4,302,81
2023-02-20T20:00,7.6,2.1,149,86
2023-02-20T21:00,7.5,6.3,257,85
2023-02-20T22:00,7.0,5.1,266,91
2023-02-20T23:00,6.7,6.9,208,91
2023-02-21T00:00,5.9,3.0,284,96
2023-02-21T01:00,5.2,4.8,318,98
2023-02-21T02:00,4.5,5.6,333,100
2023-02-21T03:00,4.3,2.3,39,100
2023-02-21T04:00,4.2,1.8,37,99
2023-02-21T05:00,3.1,5.4,4,100
2023-02-21T06:00,3.1,5.5,11,99
2023-02-21T07:00,4.3,3.7,331,97
2023-02-21T08:00,6.6,4.7,337,91
2023-02-21T09:00,9.0,5.9,14,75
2023-02-21T10:00,10.8,8.4,7,66
2023-02-21T11:00,12.0,6.9,6,59
2023-02-21T12:00,12.9,4.1,38,59
2023-02-21T13:00,13.8,6.6,68,58
2023-02-21T14:00,14.7,10.4,88,52
2023-02-21T15:00,14.3,14.5,125,50
2023-02-21T16:00,13.6,13.8,139,48
2023-02-21T17:00,12.7,13.9,115,50
2023-02-21T18:00,11.3,6.3,156,65
2023-02-21T19:00,9.4,13.0,236,76
2023-02-21T20:00,8.6,10.9,236,78
2023-02-21T21:00,8.2,6.9,231,82
2023-02-21T22:00,7.4,6.5,236,86
2023-02-21T23:00,6.9,7.6,245,87
2023-02-22T00:00,6.5,5.0,249,89
2023-02-22T01:00,6.0,2.9,330,90
2023-02-22T02:00,5.2,8.9,50,96
2023-02-22T03:00,5.9,8.2,322,89
2023-02-22T04:00,5.7,5.3,298,91
2023-02-22T05:00,5.7,2.9,300,92
2023-02-22T06:00,6.0,3.4,212,92
2023-02-22T07:00,6.8,1.1,18,88
2023-02-22T08:00,8.6,4.3,24,77
2023-02-22T09:00,9.6,7.1,24,70
2023-02-22T10:00,11.0,7.1,24,61
2023-02-22T11:00,12.2,7.2,37,55
2023-02-22T12:00,12.5,4.7,58,55
2023-02-22T13:00,13.3,2.2,171,51
2023-02-22T14:00,13.4,4.9,144,53
2023-02-22T15:00,14.3,7.7,139,49
2023-02-22T16:00,14.0,14.3,135,50
2023-02-22T17:00,11.6,12.5,221,61
2023-02-22T18:00,9.8,19.5,208,74
2023-02-22T19:00,9.4,13.5,224,77
2023-02-22T20:00,8.6,11.0,221,78
2023-02-22T21:00,7.5,13.9,217,81
2023-02-22T22:00,7.5,4.2,200,85
2023-02-22T23:00,7.1,9.5,191,89
2023-02-23T00:00,6.6,9.7,195,91
2023-02-23T01:00,6.1,10.9,197,92
2023-02-23T02:00,5.1,7.4,219,95
2023-02-23T03:00,5.5,6.2,260,94
2023-02-23T04:00,5.5,4.3,270,94
2023-02-23T05:00,5.8,5.5,302,93
2023-02-23T06:00,5.4,4.7,302,95
2023-02-23T07:00,6.7,7.6,360,91
2023-02-23T08:00,8.7,8.4,335,80
2023-02-23T09:00,10.4,8.5,324,67
2023-02-23T10:00,11.7,6.0,343,58
2023-02-23T11:00,13.1,7.6,8,54
2023-02-23T12:00,14.3,3.7,29,46
2023-02-23T13:00,15.3,5.2,106,42
2023-02-23T14:00,15.7,10.2,113,39
2023-02-23T15:00,15.9,15.0,101,35
2023-02-23T16:00,15.2,17.5,99,35
2023-02-23T17:00,14.2,16.4,128,39
2023-02-23T18:00,11.8,8.7,142,57
2023-02-23T19:00,9.6,8.4,121,69
2023-02-23T20:00,8.8,9.4,137,73
2023-02-23T21:00,7.8,8.0,144,83
2023-02-23T22:00,7.3,4.1,142,87
2023-02-23T23:00,6.9,7.8,214,90
2023-02-24T00:00,6.4,11.2,201,90
2023-02-24T01:00,5.9,10.5,196,90
2023-02-24T02:00,5.5,9.5,205,89
2023-02-24T03:00,5.0,7.4,227,90
2023-02-24T04:00,4.3,4.1,285,92
2023-02-24T05:00,3.8,4.7,360,94
2023-02-24T06:00,4.2,6.5,19,95
2023-02-24T07:00,5.9,1.0,315,91
2023-02-24T08:00,8.8,1.8,307,76
2023-02-24T09:00,10.7,1.9,292,68
2023-02-24T10:00,12.3,3.2,333,55
2023-02-24T11:00,13.4,4.1,315,51
2023-02-24T12:00,14.5,4.3,294,49
2023-02-24T13:00,15.4,4.4,261,48
2023-02-24T14:00,16.4,6.1,220,45
2023-02-24T15:00,16.8,9.8,126,43
2023-02-24T16:00,15.2,22.0,93,41
2023-02-24T17:00,13.7,11.0,71,47
2023-02-24T18:00,12.4,8.2,61,59
2023-02-24T19:00,10.2,4.7,351,80
2023-02-24T20:00,9.1,7.1,285,82
2023-02-24T21:00,8.0,7.4,293,86
2023-02-24T22:00,7.1,5.0,300,87
2023-02-24T23:00,7.0,4.3,265,84
2023-02-25T00:00,5.9,5.4,262,89
2023-02-25T01:00,6.4,2.7,337,85
2023-02-25T02:00,4.9,6.2,10,94
2023-02-25T03:00,4.5,6.0,33,96
2023-02-25T04:00,4.4,10.2,48,96
2023-02-25T05:00,4.5,6.6,347,95
2023-02-25T06:00,4.4,8.0,5,96
2023-02-25T07:00,6.7,2.2,351,89
2023-02-25T08:00,9.3,4.0,27,77
2023-02-25T09:00,11.4,3.3,6,64
2023-02-25T10:00,12.9,1.6,333,60
2023-02-25T11:00,14.0,2.6,286,57
2023-02-25T12:00,15.0,2.6,254,53
2023-02-25T13:00,15.6,4.4,215,52
2023-02-25T14:00,15.7,10.4,136,51
2023-02-25T15:00,12.8,19.9,58,60
2023-02-25T16:00,14.0,13.7,92,48
2023-02-25T17:00,14.1,7.4,76,46
2023-02-25T18:00,10.4,16.6,248,68
2023-02-25T19:00,9.8,9.7,266,77
2023-02-25T20:00,9.0,8.5,242,83
2023-02-25T21:00,8.6,11.2,230,83
2023-02-25T22:00,8.0,9.4,227,82
2023-02-25T23:00,7.4,9.3,242,83
2023-02-26T00:00,7.1,7.8,236,85
2023-02-26T01:00,6.4,5.8,263,89
2023-02-26T02:00,5.7,4.1,345,92
2023-02-26T03:00,4.9,5.2,344,95
2023-02-26T04:00,4.4,4.3,318,97
2023-02-26T05:00,3.3,4.8,312,100
2023-02-26T06:00,3.3,5.1,352,100
2023-02-26T07:00,4.6,2.3,288,99
2023-02-26T08:00,7.6,3.8,343,89
2023-02-26T09:00,10.8,3.6,323,72
2023-02-26T10:00,13.1,2.2,360,54
2023-02-26T11:00,14.6,4.0,95,44
2023-02-26T12:00,15.6,8.3,95,40
2023-02-26T13:00,16.3,12.0,99,36
2023-02-26T14:00,16.6,14.4,89,33
2023-02-26T15:00,16.5,18.0,89,32
2023-02-26T16:00,16.2,19.5,88,34
2023-02-26T17:00,14.4,22.2,110,41
2023-02-26T18:00,12.4,17.8,111,53
2023-02-26T19:00,10.7,12.2,114,63
2023-02-26T20:00,9.9,11.4,108,69
2023-02-26T21:00,8.8,7.8,124,76
2023-02-26T22:00,9.6,2.5,225,66
2023-02-26T23:00,6.7,6.6,225,86
2023-02-27T00:00,5.9,8.4,205,90
2023-02-27T01:00,5.5,13.7,203,91
2023-02-27T02:00,4.9,12.0,221,92
2023-02-27T03:00,4.5,8.1,212,93
2023-02-27T04:00,4.2,4.5,209,95
2023-02-27T05:00,3.9,3.4,18,95
2023-02-27T06:00,3.6,6.5,34,98
2023-02-27T07:00,4.5,2.9,360,99
2023-02-27T08:00,7.2,3.8,17,89
2023-02-27T09:00,10.4,5.7,18,72
2023-02-27T10:00,12.2,11.5,94,64
2023-02-27T11:00,11.8,15.7,53,65
2023-02-27T12:00,12.5,11.6,64,60
2023-02-27T13:00,13.6,16.9,89,57
2023-02-27T14:00,14.5,21.3,85,50
2023-02-27T15:00,13.8,25.5,81,48
2023-02-27T16:00,12.8,24.0,77,50
2023-02-27T17:00,12.1,21.1,82,53
2023-02-27T18:00,10.9,13.0,96,61
2023-02-27T19:00,10.4,10.8,120,63
2023-02-27T20:00,9.7,11.3,117,67
2023-02-27T21:00,9.1,8.7,114,73
2023-02-27T22:00,8.3,10.3,115,77
2023-02-27T23:00,8.1,8.6,92,81
2023-02-28T00:00,8.2,7.5,73,81
2023-02-28T01:00,6.2,5.2,56,89
2023-02-28T02:00,6.0,4.0,63,86
2023-02-28T03:00,5.4,4.0,63,88
2023-02-28T04:00,4.2,5.6,40,92
2023-02-28T05:00,3.7,8.4,31,92
2023-02-28T06:00,3.3,8.8,19,93
2023-02-28T07:00,5.2,4.4,9,87
2023-02-28T08:00,8.0,5.9,346,77
2023-02-28T09:00,10.1,3.4,342,67
2023-02-28T10:00,12.0,5.7,55,56
2023-02-28T11:00,13.4,9.2,69,48
2023-02-28T12:00,14.8,10.8,75,41
2023-02-28T13:00,15.7,14.5,83,38
2023-02-28T14:00,16.1,16.1,80,36
2023-02-28T15:00,16.2,17.3,94,36
2023-02-28T16:00,15.7,18.4,101,37
2023-02-28T17:00,14.6,19.5,113,41
2023-02-28T18:00,12.3,14.4,122,55
2023-02-28T19:00,10.9,14.1,128,63
2023-02-28T20:00,9.9,12.9,120,68
2023-02-28T21:00,9.3,13.2,107,72
2023-02-28T22:00,8.6,10.8,88,77
2023-02-28T23:00,7.3,5.0,30,81
2023-03-01T00:00,6.2,8.4,317,85
2023-03-01T01:00,5.0,5.1,278,89
2023-03-01T02:00,4.4,5.4,180,93
2023-03-01T03:00,4.2,3.6,127,95
2023-03-01T04:00,3.5,7.0,21,93
2023-03-01T05:00,2.5,7.6,360,92
2023-03-01T06:00,2.6,7.2,342,93
2023-03-01T07:00,5.9,7.1,345,79
2023-03-01T08:00,9.2,8.2,337,68
2023-03-01T09:00,11.4,7.0,325,58
2023-03-01T10:00,13.2,5.7,325,45
2023-03-01T11:00,14.4,4.4,351,41
2023-03-01T12:00,15.7,4.5,61,36
2023-03-01T13:00,16.9,11.3,83,27
2023-03-01T14:00,17.3,18.2,76,24
2023-03-01T15:00,17.0,20.5,75,28
2023-03-01T16:00,16.3,17.1,83,32
2023-03-01T17:00,15.6,16.6,86,35
2023-03-01T18:00,13.4,14.6,99,47
2023-03-01T19:00,11.4,14.8,104,53
2023-03-01T20:00,10.2,12.7,115,59
2023-03-01T21:00,9.0,11.4,156,65
2023-03-01T22:00,7.5,9.0,175,72
2023-03-01T23:00,7.3,3.3,257,69
2023-03-02T00:00,5.7,8.0,297,79
2023-03-02T01:00,5.1,7.4,317,82
2023-03-02T02:00,4.5,6.2,306,84
2023-03-02T03:00,4.0,6.4,297,84
2023-03-02T04:00,3.2,4.9,306,86
2023-03-02T05:00,2.5,5.4,340,88
2023-03-02T06:00,2.0,7.2,360,90
2023-03-02T07:00,5.8,5.1,4,77
2023-03-02T08:00,10.3,4.7,351,59
2023-03-02T09:00,12.6,4.1,322,52
2023-03-02T10:00,14.4,3.3,311,43
2023-03-02T11:00,15.9,3.8,319,37
2023-03-02T12:00,17.1,3.6,315,32
2023-03-02T13:00,18.3,3.2,270,27
2023-03-02T14:00,18.4,4.3,265,24
2023-03-02T15:00,19.2,4.6,252,22
2023-03-02T16:00,18.4,2.4,153,24
2023-03-02T17:00,16.5,5.0,90,27
2023-03-02T18:00,14.5,14.3,223,41
2023-03-02T19:00,13.7,4.6,321,53
2023-03-02T20:00,12.0,7.0,348,62
2023-03-02T21:00,10.7,5.8,263,69
2023-03-02T22:00,9.9,14.6,232,59
2023-03-02T23:00,8.9,15.2,234,65
2023-03-03T00:00,8.1,15.0,222,68
2023-03-03T01:00,7.3,13.9,217,72
2023-03-03T02:00,5.8,7.1,225,82
2023-03-03T03:00,6.0,0.8,297,79
2023-03-03T04:00,5.3,1.6,243,83
2023-03-03T05:00,3.5,6.1,242,92
2023-03-03T06:00,3.2,5.4,262,93
2023-03-03T07:00,6.6,3.3,6,80
2023-03-03T08:00,9.6,5.4,278,65
2023-03-03T09:00,11.9,6.2,291,58
2023-03-03T10:00,13.8,6.3,294,49
2023-03-03T11:00,15.3,5.0,270,41
2023-03-03T12:00,16.6,4.3,222,36
2023-03-03T13:00,17.2,8.4,205,33
2023-03-03T14:00,17.9,11.4,204,28
2023-03-03T15:00,17.8,8.8,145,27
2023-03-03T16:00,15.0,23.0,65,49
2023-03-03T17:00,15.1,16.3,55,39
2023-03-03T18:00,11.7,16.6,326,64
2023-03-03T19:00,12.4,17.1,345,56
2023-03-03T20:00,11.5,13.2,317,63
2023-03-03T21:00,11.0,11.5,316,67
2023-03-03T22:00,10.1,6.4,313,74
2023-03-03T23:00,8.9,6.7,324,81
2023-03-04T00:00,8.1,8.2,337,83
2023-03-04T01:00,7.4,10.1,358,84
2023-03-04T02:00,6.6,11.2,4,86
2023-03-04T03:00,6.0,10.5,8,88
2023-03-04T04:00,5.3,10.1,356,90
2023-03-04T05:00,4.8,8.9,346,92
2023-03-04T06:00,4.6,8.0,342,92
2023-03-04T07:00,7.2,5.2,326,80
2023-03-04T08:00,10.2,6.1,315,67
2023-03-04T09:00,12.5,5.6,320,56
2023-03-04T10:00,14.5,5.6,320,48
2023-03-04T11:00,16.1,4.8,318,42
2023-03-04T12:00,17.5,4.6,18,39
2023-03-04T13:00,18.6,8.0,63,36
2023-03-04T14:00,18.9,15.2,76,31
2023-03-04T15:00,18.7,21.0,83,27
2023-03-04T16:00,16.7,27.2,84,37
2023-03-04T17:00,15.5,21.3,93,42
2023-03-04T18:00,14.0,20.2,95,49
2023-03-04T19:00,13.8,9.1,99,51
2023-03-04T20:00,12.2,6.5,19,61
2023-03-04T21:00,11.0,5.1,266,70
2023-03-04T22:00,9.0,23.1,214,75
2023-03-04T23:00,8.4,18.9,162,79
2023-03-05T00:00,9.1,12.5,147,79
2023-03-05T01:00,7.5,4.0,207,87
2023-03-05T02:00,7.7,4.2,250,85
2023-03-05T03:00,6.8,2.6,236,91
2023-03-05T04:00,6.1,5.0,291,95
2023-03-05T05:00,6.1,3.0,166,95
2023-03-05T06:00,5.4,0.8,27,100
2023-03-05T07:00,6.9,3.4,302,91
2023-03-05T08:00,9.3,1.0,315,77
2023-03-05T09:00,11.5,7.3,11,63
2023-03-05T10:00,13.8,9.7,39,52
2023-03-05T11:00,15.5,13.1,69,44
2023-03-05T12:00,16.4,17.7,84,39
2023-03-05T13:00,16.9,22.0,90,37
2023-03-05T14:00,16.9,23.5,95,35
2023-03-05T15:00,16.8,21.5,99,37
2023-03-05T16:00,16.4,21.2,111,36
2023-03-05T17:00,15.7,21.5,111,36
2023-03-05T18:00,13.8,22.4,114,42
2023-03-05T19:00,12.7,18.2,115,54
2023-03-05T20:00,11.6,15.4,101,59
2023-03-05T21:00,10.4,11.6,83,60
2023-03-05T22:00,8.9,9.7,88,69
2023-03-05T23:00,7.7,9.0,74,78
2023-03-06T00:00,6.7,6.0,107,87
2023-03-06T01:00,6.6,7.9,114,87
2023-03-06T02:00,5.1,4.7,94,95
2023-03-06T03:00,4.9,1.1,360,96
2023-03-06T04:00,3.8,6.8,3,99
2023-03-06T05:00,3.5,7.6,5,97
2023-03-06T06:00,3.3,7.6,360,98
2023-03-06T07:00,4.2,5.8,22,100
2023-03-06T08:00,7.4,4.7,9,84
2023-03-06T09:00,10.9,1.8,360,64
2023-03-06T10:00,13.2,4.9,36,46
2023-03-06T11:00,15.0,8.9,43,37
2023-03-06T12:00,16.5,10.3,65,31
2023-03-06T13:00,17.4,9.4,83,27
2023-03-06T14:00,18.1,10.2,82,26
2023-03-06T15:00,18.7,13.7,93,26
2023-03-06T16:00,17.7,21.3,85,27
2023-03-06T17:00,16.2,20.9,86,31
2023-03-06T18:00,14.7,16.6,85,37
2023-03-06T19:00,13.7,13.6,101,49
2023-03-06T20:00,12.9,8.7,95,54
2023-03-06T21:00,12.0,7.2,53,61
2023-03-06T22:00,10.5,4.6,51,76
2023-03-06T23:00,9.0,5.6,207,77
2023-03-07T00:00,7.9,9.2,211,76
2023-03-07T01:00,7.5,2.1,329,84
2023-03-07T02:00,6.6,3.3,319,89
2023-03-07T03:00,6.4,3.1,324,86
2023-03-07T04:00,5.7,2.9,270,92
2023-03-07T05:00,5.9,2.1,31,87
2023-03-07T06:00,4.9,3.3,174,94
2023-03-07T07:00,7.4,5.7,198,77
2023-03-07T08:00,10.9,7.9,177,61
2023-03-07T09:00,12.8,7.0,102,54
2023-03-07T10:00,14.3,8.0,85,47
2023-03-07T11:00,16.0,8.1,77,43
2023-03-07T12:00,17.4,9.1,83,40
2023-03-07T13:00,18.2,10.1,90,36
2023-03-07T14:00,18.7,11.0,109,33
2023-03-07T15:00,16.7,12.1,107,34
2023-03-07T16:00,17.2,8.0,144,33
2023-03-07T17:00,13.3,11.0,302,45
2023-03-07T18:00,9.4,28.5,261,72
2023-03-07T19:00,10.5,7.9,267,70
2023-03-07T20:00,7.6,12.6,217,83
2023-03-07T21:00,8.5,11.5,229,79
2023-03-07T22:00,8.5,5.8,353,82
2023-03-07T23:00,7.7,9.0,331,86
2023-03-08T00:00,7.3,6.8,3,86
2023-03-08T01:00,7.2,7.7,28,87
2023-03-08T02:00,7.2,7.5,17,89
2023-03-08T03:00,7.0,6.1,357,91
2023-03-08T04:00,6.7,7.2,342,92
2023-03-08T05:00,6.2,7.1,315,92
2023-03-08T06:00,5.9,3.9,326,94
2023-03-08T07:00,7.8,6.5,276,84
2023-03-08T08:00,9.7,6.1,273,74
2023-03-08T09:00,11.0,4.0,270,65
2023-03-08T10:00,12.8,1.8,270,57
2023-03-08T11:00,14.0,3.4,212,56
2023-03-08T12:00,15.2,4.2,149,53
2023-03-08T13:00,16.1,5.9,128,48
2023-03-08T14:00,16.7,8.6,112,44
2023-03-08T15:00,16.0,18.4,86,44
2023-03-08T16:00,15.7,15.6,82,43
2023-03-08T17:00,11.8,15.7,212,59
2023-03-08T18:00,10.3,22.3,219,70
2023-03-08T19:00,9.2,11.4,193,77
2023-03-08T20:00,9.1,8.9,194,78
2023-03-08T21:00,8.7,3.8,197,81
2023-03-08T22:00,8.1,2.6,124,86
2023-03-08T23:00,7.9,1.9,292,87
2023-03-09T00:00,7.0,5.5,349,93
2023-03-09T01:00,6.5,9.9,33,94
2023-03-09T02:00,6.0,8.0,342,97
2023-03-09T03:00,5.6,5.2,348,97
2023-03-09T04:00,5.3,4.7,4,97
2023-03-09T05:00,4.9,4.0,333,98
2023-03-09T06:00,4.9,2.5,360,100
2023-03-09T07:00,6.7,1.8,217,95
2023-03-09T08:00,8.9,2.9,360,82
2023-03-09T09:00,10.6,2.3,252,75
2023-03-09T10:00,12.2,2.2,180,69
2023-03-09T11:00,13.9,4.0,100,58
2023-03-09T12:00,10.6,17.0,103,72
2023-03-09T13:00,12.7,7.9,106,57
2023-03-09T14:00,14.4,13.0,87,55
2023-03-09T15:00,13.4,12.7,83,58
2023-03-09T16:00,14.1,12.6,87,56
2023-03-09T17:00,13.0,13.1,74,56
2023-03-09T18:00,11.8,3.4,32,64
2023-03-09T19:00,10.2,2.6,304,70
2023-03-09T20:00,8.5,8.0,80,80
2023-03-09T21:00,8.1,1.8,169,83
2023-03-09T22:00,7.1,5.1,51,91
2023-03-09T23:00,7.2,5.0,150,93
2023-03-10T00:00,7.1,4.3,246,93
2023-03-10T01:00,6.8,4.8,228,93
2023-03-10T02:00,6.7,6.4,232,92
2023-03-10T03:00,6.6,2.5,180,89
2023-03-10T04:00,6.4,5.4,180,92
2023-03-10T05:00,5.2,6.9,171,97
2023-03-10T06:00,5.1,4.3,132,97
2023-03-10T07:00,7.2,6.5,267,90
2023-03-10T08:00,8.8,2.9,187,82
2023-03-10T09:00,9.9,3.7,61,75
2023-03-10T10:00,11.6,4.6,45,67
2023-03-10T11:00,13.1,8.6,75,61
2023-03-10T12:00,14.2,16.6,88,55
2023-03-10T13:00,12.9,20.3,77,58
2023-03-10T14:00,13.5,18.7,101,57
2023-03-10T15:00,14.0,15.6,82,55
2023-03-10T16:00,13.4,13.1,74,54
2023-03-10T17:00,12.7,13.9,59,56
2023-03-10T18:00,11.2,5.0,300,68
2023-03-10T19:00,10.2,3.3,264,75
2023-03-10T20:00,9.0,4.5,151,81
2023-03-10T21:00,8.5,9.4,40,81
2023-03-10T22:00,6.7,15.8,330,92
2023-03-10T23:00,5.6,11.5,311,95
2023-03-11T00:00,5.1,6.9,317,97
2023-03-11T01:00,5.2,4.1,315,97
2023-03-11T02:00,5.3,0.7,90,97
2023-03-11T03:00,5.1,2.9,330,98
2023-03-11T04:00,4.6,6.6,351,99
2023-03-11T05:00,4.3,5.0,360,99
2023-03-11T06:00,3.7,5.0,360,100
2023-03-11T07:00,4.6,10.2,8,97
2023-03-11T08:00,6.9,9.7,2,88
2023-03-11T09:00,9.4,10.9,6,76
2023-03-11T10:00,11.2,12.5,57,61
2023-03-11T11:00,12.1,14.0,78,55
2023-03-11T12:00,13.1,13.4,95,55
2023-03-11T13:00,14.1,12.6,121,56
2023-03-11T14:00,14.8,15.8,117,53
2023-03-11T15:00,14.5,16.3,118,51
2023-03-11T16:00,14.2,16.6,117,49
2023-03-11T17:00,13.4,16.8,118,48
2023-03-11T18:00,11.4,12.1,127,61
2023-03-11T19:00,10.1,13.4,110,66
2023-03-11T20:00,9.1,15.2,95,71
2023-03-11T21:00,8.7,16.2,159,78
2023-03-11T22:00,7.5,13.4,174,86
2023-03-11T23:00,6.6,8.0,190,90
2023-03-12T00:00,5.9,6.2,234,93
2023-03-12T01:00,5.6,3.0,284,95
2023-03-12T02:00,5.4,2.2,360,95
2023-03-12T03:00,5.5,1.3,124,93
2023-03-12T04:00,4.4,5.8,210,97
2023-03-12T05:00,4.1,4.3,222,98
2023-03-12T06:00,4.5,1.3,236,94
2023-03-12T07:00,4.6,3.7,259,99
2023-03-12T08:00,6.7,3.1,306,91
2023-03-12T09:00,9.1,6.7,74,77
2023-03-12T10:00,11.1,8.0,85,63
2023-03-12T11:00,12.3,7.6,82,55
2023-03-12T12:00,14.0,8.8,102,49
2023-03-12T13:00,14.8,12.8,106,48
2023-03-12T14:00,15.1,14.4,112,47
2023-03-12T15:00,15.0,17.1,112,45
2023-03-12T16:00,14.6,18.2,115,45
2023-03-12T17:00,13.6,15.8,117,47
2023-03-12T18:00,11.6,10.1,125,61
2023-03-12T19:00,10.1,10.6,190,69
2023-03-12T20:00,8.5,13.2,206,80
2023-03-12T21:00,7.7,13.0,208,85
2023-03-12T22:00,6.8,10.6,208,89
2023-03-12T23:00,5.8,9.9,224,90
2023-03-13T00:00,5.4,9.4,220,89
2023-03-13T01:00,4.7,6.9,223,92
2023-03-13T02:00,5.1,1.8,191,89
2023-03-13T03:00,3.8,3.7,169,95
2023-03-13T04:00,3.4,7.4,309,97
2023-03-13T05:00,3.1,7.3,327,98
2023-03-13T06:00,3.1,5.9,349,98
2023-03-13T07:00,4.7,7.7,11,96
2023-03-13T08:00,7.7,8.8,9,84
2023-03-13T09:00,9.8,5.4,340,67
2023-03-13T10:00,11.3,5.2,12,58
2023-03-13T11:00,12.8,5.0,30,51
2023-03-13T12:00,13.7,6.8,65,46
2023-03-13T13:00,14.4,7.4,76,45
2023-03-13T14:00,14.7,5.0,90,45
2023-03-13T15:00,15.3,3.6,90,43
2023-03-13T16:00,15.0,6.8,108,43
2023-03-13T17:00,14.3,16.5,80,43
2023-03-13T18:00,12.3,10.9,107,57
2023-03-13T19:00,10.4,9.3,103,70
2023-03-13T20:00,9.2,6.8,183,78
2023-03-13T21:00,8.3,11.9,183,82
2023-03-13T22:00,7.9,9.6,124,85
2023-03-13T23:00,6.8,7.8,124,90
2023-03-14T00:00,6.4,2.8,140,92
2023-03-14T01:00,6.5,1.6,27,89
2023-03-14T02:00,5.3,5.0,30,96
2023-03-14T03:00,5.1,5.4,48,97
2023-03-14T04:00,4.4,4.0,333,99
2023-03-14T05:00,4.5,6.0,335,100
2023-03-14T06:00,4.2,6.0,343,100
2023-03-14T07:00,5.7,3.6,323,94
2023-03-14T08:00,8.1,5.4,290,79
2023-03-14T09:00,9.9,5.4,290,74
2023-03-14T10:00,11.0,1.3,326,68
2023-03-14T11:00,12.4,2.8,140,62
2023-03-14T12:00,12.6,4.0,153,57
2023-03-14T13:00,14.0,8.2,142,53
2023-03-14T14:00,14.4,9.1,108,52
2023-03-14T15:00,14.3,17.3,88,53
2023-03-14T16:00,12.8,2.7,157,53
2023-03-14T17:00,10.2,13.1,233,68
2023-03-14T18:00,8.6,17.4,243,79
2023-03-14T19:00,7.7,13.3,229,84
2023-03-14T20:00,7.1,13.9,201,90
2023-03-14T21:00,6.5,12.5,198,89
2023-03-14T22:00,7.3,5.8,240,86
2023-03-14T23:00,7.3,3.3,229,84
2023-03-15T00:00,6.9,5.1,231,86
2023-03-15T01:00,6.7,5.8,202,84
2023-03-15T02:00,6.2,10.7,194,87
2023-03-15T03:00,5.0,13.8,221,88
2023-03-15T04:00,4.7,9.7,243,84
2023-03-15T05:00,4.7,8.4,239,84
2023-03-15T06:00,4.0,3.7,259,88
2023-03-15T07:00,6.4,8.7,218,78
2023-03-15T08:00,8.6,14.5,228,65
2023-03-15T09:00,10.1,10.7,213,56
2023-03-15T10:00,11.4,9.0,175,51
2023-03-15T11:00,12.3,11.2,147,49
2023-03-15T12:00,12.5,8.7,120,50
2023-03-15T13:00,13.4,10.0,105,52
2023-03-15T14:00,14.2,9.7,112,51
2023-03-15T15:00,14.7,9.2,101,50
2023-03-15T16:00,12.8,15.0,132,50
2023-03-15T17:00,12.4,6.1,130,54
2023-03-15T18:00,6.7,16.3,215,90
2023-03-15T19:00,6.1,11.0,229,88
2023-03-15T20:00,6.9,16.4,218,84
2023-03-15T21:00,6.8,6.4,47,86
2023-03-15T22:00,6.1,9.9,10,92
2023-03-15T23:00,5.9,7.2,37,95
2023-03-16T00:00,5.7,4.2,329,97
2023-03-16T01:00,4.8,4.5,284,97
2023-03-16T02:00,4.6,3.7,241,90
2023-03-16T03:00,3.8,5.0,249,90
2023-03-16T04:00,2.6,4.2,239,96
2023-03-16T05:00,2.5,5.9,227,96
2023-03-16T06:00,2.5,6.6,225,94
2023-03-16T07:00,5.5,12.5,224,74
2023-03-16T08:00,7.4,13.5,226,66
2023-03-16T09:00,9.1,10.8,217,62
2023-03-16T10:00,10.6,10.0,193,59
2023-03-16T11:00,11.6,10.5,158,57
2023-03-16T12:00,12.1,11.0,131,62
2023-03-16T13:00,13.0,10.5,131,61
2023-03-16T14:00,12.7,11.8,102,61
2023-03-16T15:00,12.9,10.4,88,55
2023-03-16T16:00,12.3,4.3,132,51
2023-03-16T17:00,11.7,6.4,133,51
2023-03-16T18:00,10.3,5.1,321,62
2023-03-16T19:00,7.1,7.7,323,84
2023-03-16T20:00,6.9,2.6,214,84
2023-03-16T21:00,6.1,9.0,196,87
2023-03-16T22:00,4.9,7.3,160,95
2023-03-16T23:00,5.4,13.1,217,92
2023-03-17T00:00,4.9,8.9,238,92
2023-03-17T01:00,4.3,4.5,209,94
2023-03-17T02:00,4.4,0.8,243,92
2023-03-17T03:00,3.7,2.5,180,95
2023-03-17T04:00,3.8,2.2,270,96
2023-03-17T05:00,4.0,5.4,307,95
2023-03-17T06:00,3.2,4.4,325,98
2023-03-17T07:00,5.5,3.6,323,87
2023-03-17T08:00,7.4,1.8,360,76
2023-03-17T09:00,8.7,11.8,63,69
2023-03-17T10:00,9.9,12.1,102,62
2023-03-17T11:00,10.9,15.9,115,59
2023-03-17T12:00,11.0,15.6,113,69
2023-03-17T13:00,12.7,14.5,109,63
2023-03-17T14:00,13.3,14.4,127,58
2023-03-17T15:00,13.3,15.1,128,56
2023-03-17T16:00,12.7,18.0,127,54
2023-03-17T17:00,12.1,14.5,97,50
2023-03-17T18:00,9.7,9.0,92,69
2023-03-17T19:00,8.1,5.1,188,81
2023-03-17T20:00,7.1,10.7,220,86
2023-03-17T21:00,5.3,15.0,226,93
2023-03-17T22:00,4.9,10.1,235,94
2023-03-17T23:00,5.1,11.6,244,95
2023-03-18T00:00,4.6,8.0,207,94
2023-03-18T01:00,4.6,10.6,190,96
2023-03-18T02:00,4.8,12.2,194,94
2023-03-18T03:00,5.0,12.9,203,91
2023-03-18T04:00,5.0,11.8,192,89
2023-03-18T05:00,5.0,8.4,200,88
2023-03-18T06:00,4.9,6.1,208,89
2023-03-18T07:00,5.4,10.5,202,88
2023-03-18T08:00,6.7,4.8,207,84
2023-03-18T09:00,7.7,3.8,253,79
2023-03-18T10:00,9.3,5.2,282,72
2023-03-18T11:00,9.8,3.8,253,64
2023-03-18T12:00,7.3,17.7,175,86
2023-03-18T13:00,9.7,6.5,183,72
2023-03-18T14:00,11.1,9.7,180,60
2023-03-18T15:00,11.8,8.1,193,58
2023-03-18T16:00,12.4,8.0,153,58
2023-03-18T17:00,11.2,11.4,125,60
2023-03-18T18:00,9.0,8.3,355,75
2023-03-18T19:00,7.8,6.5,304,78
2023-03-18T20:00,6.4,1.8,270,92
2023-03-18T21:00,5.6,14.0,226,87
2023-03-18T22:00,5.5,9.7,297,89
2023-03-18T23:00,3.3,5.5,349,98
2023-03-19T00:00,4.4,0.7,270,97
2023-03-19T01:00,3.7,3.1,216,100
2023-03-19T02:00,3.1,7.3,213,98
2023-03-19T03:00,3.0,3.3,13,99
2023-03-19T04:00,3.5,5.4,274,97
2023-03-19T05:00,2.8,7.6,270,98
2023-03-19T06:00,2.0,4.1,285,100
2023-03-19T07:00,3.8,3.8,163,97
2023-03-19T08:00,5.9,2.3,39,87
2023-03-19T09:00,8.1,7.0,291,79
2023-03-19T10:00,9.5,7.7,233,73
2023-03-19T11:00,10.7,7.9,196,70
2023-03-19T12:00,11.9,6.6,209,62
2023-03-19T13:00,12.6,6.3,204,58
2023-03-19T14:00,13.1,7.7,191,56
2023-03-19T15:00,13.6,10.7,160,52
2023-03-19T16:00,12.5,15.4,127,50
2023-03-19T17:00,11.6,15.0,145,52
2023-03-19T18:00,5.8,21.8,189,93
2023-03-19T19:00,7.7,15.3,221,81
2023-03-19T20:00,6.1,13.0,236,92
2023-03-19T21:00,5.3,9.6,214,91
2023-03-19T22:00,5.0,8.7,197,94
2023-03-19T23:00,4.8,6.6,292,93
2023-03-20T00:00,4.4,7.8,22,94
2023-03-20T01:00,3.2,10.4,34,98
2023-03-20T02:00,2.9,9.7,22,98
2023-03-20T03:00,3.2,4.8,13,97
2023-03-20T04:00,3.3,5.8,263,97
2023-03-20T05:00,2.9,7.1,225,99
2023-03-20T06:00,2.4,6.6,221,99
2023-03-20T07:00,4.3,6.9,223,96
2023-03-20T08:00,6.5,4.8,222,85
2023-03-20T09:00,7.8,4.2,211,79
2023-03-20T10:00,9.2,3.4,198,74
2023-03-20T11:00,10.6,4.0,175,70
2023-03-20T12:00,11.7,3.3,131,66
2023-03-20T13:00,12.8,6.9,141,61
2023-03-20T14:00,13.3,12.0,136,56
2023-03-20T15:00,11.2,12.0,136,67
2023-03-20T16:00,11.5,13.1,122,60
2023-03-20T17:00,10.5,4.2,20,62
2023-03-20T18:00,8.5,4.5,256,75
2023-03-20T19:00,7.0,9.4,238,86
2023-03-20T20:00,6.9,10.1,197,84
2023-03-20T21:00,6.6,5.8,202,87
2023-03-20T22:00,5.7,8.9,194,92
2023-03-20T23:00,4.5,3.1,159,98
2023-03-21T00:00,4.4,2.1,301,98
2023-03-21T01:00,4.8,5.2,214,96
2023-03-21T02:00,4.6,4.1,255,96
2023-03-21T03:00,3.9,5.8,274,98
2023-03-21T04:00,3.5,6.6,229,97
2023-03-21T05:00,2.8,5.8,210,97
2023-03-21T06:00,3.8,1.8,323,96
2023-03-21T07:00,5.2,0.7,90,94
2023-03-21T08:00,7.2,3.3,13,83
2023-03-21T09:00,8.3,7.0,348,79
2023-03-21T10:00,9.5,4.8,42,74
2023-03-21T11:00,10.7,2.0,45,70
2023-03-21T12:00,11.8,1.5,45,68
2023-03-21T13:00,12.9,3.6,90,63
2023-03-21T14:00,13.3,6.7,106,58
2023-03-21T15:00,11.7,14.1,109,63
2023-03-21T16:00,11.2,8.6,90,65
2023-03-21T17:00,11.1,14.6,110,62
2023-03-21T18:00,9.7,8.2,139,72
2023-03-21T19:00,8.5,10.2,222,85
2023-03-21T20:00,6.7,8.1,193,90
2023-03-21T21:00,5.7,15.5,267,93
2023-03-21T22:00,6.1,9.6,257,93
2023-03-21T23:00,5.5,8.6,272,93
2023-03-22T00:00,4.7,6.3,336,97
2023-03-22T01:00,4.5,5.9,349,96
2023-03-22T02:00,4.6,6.5,341,95
2023-03-22T03:00,4.8,4.7,351,93
2023-03-22T04:00,5.0,4.5,331,93
2023-03-22T05:00,5.1,5.0,330,92
2023-03-22T06:00,5.2,3.3,319,92
2023-03-22T07:00,5.8,1.5,76,90
2023-03-22T08:00,6.8,3.8,163,82
2023-03-22T09:00,7.3,5.0,201,81
2023-03-22T10:00,8.5,10.0,201,75
2023-03-22T11:00,9.2,7.1,150,80
2023-03-22T12:00,9.9,7.0,168,78
2023-03-22T13:00,11.1,9.4,187,70
2023-03-22T14:00,12.1,9.1,187,70
2023-03-22T15:00,12.5,14.1,165,63
2023-03-22T16:00,12.7,16.4,142,54
2023-03-22T17:00,11.6,12.0,141,59
2023-03-22T18:00,9.0,10.2,190,80
2023-03-22T19:00,6.8,20.9,234,87
2023-03-22T20:00,6.3,9.9,237,90
2023-03-22T21:00,5.1,7.9,286,94
2023-03-22T22:00,5.4,5.5,337,94
2023-03-22T23:00,4.2,7.2,27,99
2023-03-23T00:00,4.4,7.0,35,98
2023-03-23T01:00,4.0,8.3,358,98
2023-03-23T02:00,4.0,7.0,325,97
2023-03-23T03:00,4.5,2.8,320,96
2023-03-23T04:00,4.7,6.9,84,97
2023-03-23T05:00,4.8,2.2,9,95
2023-03-23T06:00,4.8,2.4,243,96
2023-03-23T07:00,5.7,1.5,194,92
2023-03-23T08:00,7.4,10.3,205,84
2023-03-23T09:00,8.9,10.5,164,78
2023-03-23T10:00,10.0,14.5,138,71
2023-03-23T11:00,11.5,15.0,138,66
2023-03-23T12:00,12.6,15.3,129,65
2023-03-23T13:00,13.0,14.1,128,62
2023-03-23T14:00,13.4,15.6,128,61
2023-03-23T15:00,13.3,17.9,124,58
2023-03-23T16:00,13.2,19.1,110,53
2023-03-23T17:00,11.4,18.8,97,59
2023-03-23T18:00,8.4,16.5,79,78
2023-03-23T19:00,7.9,14.6,128,83
2023-03-23T20:00,7.4,2.3,39,90
2023-03-23T21:00,7.3,1.1,18,87
2023-03-23T22:00,7.0,4.2,211,90
2023-03-23T23:00,5.7,3.8,221,96
2023-03-24T00:00,5.9,5.8,248,96
2023-03-24T01:00,6.3,6.4,218,88
2023-03-24T02:00,5.1,5.6,207,96
2023-03-24T03:00,5.9,10.0,150,89
2023-03-24T04:00,5.5,12.2,133,89
2023-03-24T05:00,5.4,8.7,138,90
2023-03-24T06:00,5.3,4.6,135,94
2023-03-24T07:00,6.7,13.7,120,84
2023-03-24T08:00,6.6,13.5,106,84
2023-03-24T09:00,7.5,15.9,94,81
2023-03-24T10:00,8.9,12.6,114,76
2023-03-24T11:00,10.1,10.9,124,70
2023-03-24T12:00,11.0,11.3,143,67
2023-03-24T13:00,12.6,10.0,111,60
2023-03-24T14:00,10.7,17.4,84,67
2023-03-24T15:00,11.8,10.6,114,63
2023-03-24T16:00,12.4,9.0,113,59
2023-03-24T17:00,9.8,12.2,24,69
2023-03-24T18:00,7.3,15.1,320,89
2023-03-24T19:00,6.9,7.0,192,88
2023-03-24T20:00,6.9,1.4,180,83
2023-03-24T21:00,6.9,3.4,198,85
2023-03-24T22:00,6.7,3.7,241,88
2023-03-24T23:00,5.2,4.0,275,95
2023-03-25T00:00,5.9,5.9,281,93
2023-03-25T01:00,5.7,3.5,294,92
2023-03-25T02:00,5.3,2.8,320,96
2023-03-25T03:00,5.4,1.8,307,95
2023-03-25T04:00,4.8,3.2,360,97
2023-03-25T05:00,4.3,3.3,354,96
2023-03-25T06:00,3.4,1.5,284,100
2023-03-25T07:00,5.3,2.7,23,95
2023-03-25T08:00,7.3,2.5,352,82
2023-03-25T09:00,9.2,7.3,351,69
2023-03-25T10:00,10.7,8.3,5,60
2023-03-25T11:00,11.8,8.2,15,55
2023-03-25T12:00,12.4,6.8,18,55
2023-03-25T13:00,13.3,6.9,39,53
2023-03-25T14:00,13.1,3.2,63,59
2023-03-25T15:00,13.8,7.2,87,57
2023-03-25T16:00,11.2,16.1,48,67
2023-03-25T17:00,9.6,11.0,308,74
2023-03-25T18:00,8.0,9.0,268,84
2023-03-25T19:00,7.7,5.8,270,86
2023-03-25T20:00,7.3,5.6,230,88
2023-03-25T21:00,6.4,6.1,220,91
2023-03-25T22:00,5.6,5.4,222,95
2023-03-25T23:00,6.0,11.4,332,94
2023-03-26T00:00,5.1,15.3,251,96
2023-03-26T01:00,3.1,13.2,287,98
2023-03-26T02:00,3.6,4.6,231,93
2023-03-26T03:00,3.7,6.2,234,96
2023-03-26T04:00,3.2,4.5,284,98
2023-03-26T05:00,2.6,5.7,325,99
2023-03-26T06:00,2.1,6.7,344,100
2023-03-26T07:00,4.5,10.5,308,89
2023-03-26T08:00,5.9,11.2,312,83
2023-03-26T09:00,8.0,12.3,328,74
2023-03-26T10:00,10.0,10.5,4,63
2023-03-26T11:00,11.3,10.1,27,56
2023-03-26T12:00,12.0,6.4,27,55
2023-03-26T13:00,12.9,3.8,73,54
2023-03-26T14:00,13.8,7.2,93,51
2023-03-26T15:00,13.8,12.3,95,51
2023-03-26T16:00,13.2,16.3,98,51
2023-03-26T17:00,11.6,18.8,86,57
2023-03-26T18:00,9.3,12.6,87,75
2023-03-26T19:00,7.9,14.6,81,84
2023-03-26T20:00,7.3,7.3,349,84
2023-03-26T21:00,6.6,13.6,292,89
2023-03-26T22:00,6.7,8.5,242,88
2023-03-26T23:00,5.0,9.8,264,95
2023-03-27T00:00,4.9,5.4,278,96
2023-03-27T01:00,4.4,3.1,291,96
2023-03-27T02:00,3.9,3.8,287,98
2023-03-27T03:00,3.8,2.6,16,98
2023-03-27T04:00,4.4,1.5,14,98
2023-03-27T05:00,4.1,3.1,69,100
2023-03-27T06:00,4.7,3.3,84,99
2023-03-27T07:00,5.2,1.5,166,98
2023-03-27T08:00,7.7,2.7,337,80
2023-03-27T09:00,8.8,10.5,6,75
2023-03-27T10:00,9.8,6.6,29,72
2023-03-27T11:00,10.9,6.8,58,69
2023-03-27T12:00,12.1,4.8,63,66
2023-03-27T13:00,12.4,6.9,62,61
2023-03-27T14:00,13.3,6.9,84,56
2023-03-27T15:00,11.6,15.7,58,62
2023-03-27T16:00,11.4,12.1,80,61
2023-03-27T17:00,10.4,10.5,38,64
2023-03-27T18:00,8.1,9.2,296,82
2023-03-27T19:00,8.2,12.2,236,84
2023-03-27T20:00,7.0,9.7,225,88
2023-03-27T21:00,6.4,8.4,239,90
2023-03-27T22:00,6.1,9.4,263,92
2023-03-27T23:00,6.2,11.0,251,91
2023-03-28T00:00,6.0,12.0,221,90
2023-03-28T01:00,6.1,5.8,202,91
2023-03-28T02:00,6.3,4.1,218,90
2023-03-28T03:00,4.9,9.6,326,96
2023-03-28T04:00,4.4,5.9,259,97
2023-03-28T05:00,4.8,1.9,248,94
2023-03-28T06:00,3.6,4.4,351,97
2023-03-28T07:00,5.7,1.1,342,92
2023-03-28T08:00,7.7,4.5,331,80
2023-03-28T09:00,8.8,8.6,327,74
2023-03-28T10:00,10.3,9.4,328,66
2023-03-28T11:00,11.2,7.4,331,60
2023-03-28T12:00,12.1,4.1,322,61
2023-03-28T13:00,13.1,4.4,325,60
2023-03-28T14:00,13.8,4.0,275,58
2023-03-28T15:00,14.1,2.5,8,56
2023-03-28T16:00,10.5,21.2,108,75
2023-03-28T17:00,10.8,3.7,119,68
2023-03-28T18:00,8.8,9.1,214,81
2023-03-28T19:00,6.7,15.0,235,89
2023-03-28T20:00,5.3,8.7,275,96
2023-03-28T21:00,4.1,4.7,356,98
2023-03-28T22:00,3.9,8.0,10,99
2023-03-28T23:00,4.1,6.0,57,97
2023-03-29T00:00,4.3,5.4,352,96
2023-03-29T01:00,4.7,10.7,348,92
2023-03-29T02:00,4.0,8.0,10,97
2023-03-29T03:00,4.7,5.9,349,96
2023-03-29T04:00,4.4,8.3,342,99
2023-03-29T05:00,4.7,8.4,10,93
2023-03-29T06:00,4.7,8.8,9,92
2023-03-29T07:00,5.5,6.6,283,88
2023-03-29T08:00,6.8,5.1,309,82
2023-03-29T09:00,8.4,2.9,240,75
2023-03-29T10:00,9.7,2.1,239,68
2023-03-29T11:00,11.1,2.9,330,65
2023-03-29T12:00,12.1,4.4,351,66
2023-03-29T13:00,13.1,4.9,324,62
2023-03-29T14:00,13.4,3.4,302,60
2023-03-29T15:00,14.0,2.0,315,55
2023-03-29T16:00,12.3,13.8,99,61
2023-03-29T17:00,9.3,6.7,36,76
2023-03-29T18:00,7.4,10.1,107,88
2023-03-29T19:00,7.8,7.3,261,85
2023-03-29T20:00,7.0,9.3,242,89
2023-03-29T21:00,6.3,8.6,285,92
2023-03-29T22:00,5.2,9.1,261,96
2023-03-29T23:00,5.3,4.7,261,91
2023-03-30T00:00,4.5,6.9,242,96
2023-03-30T01:00,4.7,6.1,242,95
2023-03-30T02:00,5.1,5.6,255,90
2023-03-30T03:00,5.2,5.5,238,89
2023-03-30T04:00,4.4,5.3,298,94
2023-03-30T05:00,4.1,7.7,349,97
2023-03-30T06:00,4.4,8.7,355,96
2023-03-30T07:00,5.8,3.8,343,91
2023-03-30T08:00,7.4,8.2,331,84
2023-03-30T09:00,8.7,7.8,347,78
2023-03-30T10:00,10.2,8.3,18,68
2023-03-30T11:00,11.2,7.9,30,66
2023-03-30T12:00,12.3,7.5,55,57
2023-03-30T13:00,12.9,8.8,81,55
2023-03-30T14:00,13.6,10.4,92,55
2023-03-30T15:00,13.9,11.2,105,53
2023-03-30T16:00,13.2,16.0,113,54
2023-03-30T17:00,11.9,15.7,106,58
2023-03-30T18:00,10.1,11.6,112,71
2023-03-30T19:00,9.1,10.8,105,75
2023-03-30T20:00,8.6,11.5,94,77
2023-03-30T21:00,8.3,14.3,108,79
2023-03-30T22:00,6.8,8.7,60,83
2023-03-30T23:00,5.4,8.3,360,86
2023-03-31T00:00,4.4,4.1,322,92
2023-03-31T01:00,4.2,2.3,219,94
2023-03-31T02:00,3.9,0.7,180,97
2023-03-31T03:00,3.5,1.3,34,99
2023-03-31T04:00,2.5,3.1,339,100
2023-03-31T05:00,2.5,4.3,318,100
2023-03-31T06:00,2.0,3.6,307,100
2023-03-31T07:00,4.9,3.1,291,97
2023-03-31T08:00,7.2,2.4,297,85
2023-03-31T09:00,9.1,4.4,81,74
2023-03-31T10:00,10.5,8.8,78,72
2023-03-31T11:00,11.8,14.9,82,65
2023-03-31T12:00,11.3,19.5,87,64
2023-03-31T13:00,11.5,16.2,91,67
2023-03-31T14:00,12.0,17.3,95,63
2023-03-31T15:00,12.3,16.3,76,61
2023-03-31T16:00,12.0,15.5,89,59
2023-03-31T17:00,11.3,15.9,108,60
2023-03-31T18:00,9.6,13.6,127,75
2023-03-31T19:00,7.9,14.3,115,79
2023-03-31T20:00,8.0,16.8,105,79
2023-03-31T21:00,7.6,16.3,84,76
2023-03-31T22:00,7.3,15.4,69,77
2023-03-31T23:00,5.7,9.7,27,85
2023-04-01T00:00,5.2,8.7,336,90
2023-04-01T01:00,4.0,6.3,301,96
2023-04-01T02:00,3.7,3.6,233,97
2023-04-01T03:00,3.2,4.4,189,97
2023-04-01T04:00,2.5,4.0,185,100
2023-04-01T05:00,1.6,1.8,349,99
2023-04-01T06:00,1.5,1.9,22,100
2023-04-01T07:00,5.0,6.3,13,91
2023-04-01T08:00,7.2,8.7,5,79
2023-04-01T09:00,9.4,12.0,44,66
2023-04-01T10:00,10.8,15.5,54,61
2023-04-01T11:00,11.8,17.1,62,57
2023-04-01T12:00,12.6,14.4,68,52
2023-04-01T13:00,13.1,12.1,80,49
2023-04-01T14:00,13.1,11.7,79,48
2023-04-01T15:00,13.1,15.2,95,49
2023-04-01T16:00,12.3,17.1,97,54
2023-04-01T17:00,11.8,14.1,96,56
2023-04-01T18:00,9.4,10.0,116,73
2023-04-01T19:00,7.9,10.6,118,77
2023-04-01T20:00,7.8,14.3,124,77
2023-04-01T21:00,7.4,12.4,100,81
2023-04-01T22:00,6.1,8.9,50,80
2023-04-01T23:00,5.1,9.4,2,81
2023-04-02T00:00,5.0,1.8,127,81
2023-04-02T01:00,4.8,1.8,191,88
2023-04-02T02:00,4.6,0.8,207,86
2023-04-02T03:00,4.0,3.1,216,92
2023-04-02T04:00,3.4,2.4,27,97
2023-04-02T05:00,2.4,7.9,24,99
2023-04-02T06:00,2.2,6.4,16,100
2023-04-02T07:00,4.3,7.2,6,98
2023-04-02T08:00,6.8,7.5,343,86
2023-04-02T09:00,8.9,4.7,351,77
2023-04-02T10:00,10.4,8.6,15,68
2023-04-02T11:00,11.7,8.3,18,61
2023-04-02T12:00,12.8,6.2,10,61
2023-04-02T13:00,13.4,4.3,48,58
2023-04-02T14:00,14.0,6.5,109,53
2023-04-02T15:00,14.4,11.7,108,51
2023-04-02T16:00,13.5,16.5,110,49
2023-04-02T17:00,12.2,15.7,101,55
2023-04-02T18:00,9.8,10.5,121,73
2023-04-02T19:00,8.7,8.6,112,76
2023-04-02T20:00,7.6,5.7,145,82
2023-04-02T21:00,7.4,10.4,214,83
2023-04-02T22:00,6.5,7.5,215,88
2023-04-02T23:00,6.0,8.3,214,87
2023-04-03T00:00,5.5,3.6,270,88
2023-04-03T01:00,4.3,4.4,351,92
2023-04-03T02:00,3.7,2.9,60,97
2023-04-03T03:00,3.6,0.8,243,98
2023-04-03T04:00,3.7,5.0,21,98
2023-04-03T05:00,3.1,2.5,352,100
2023-04-03T06:00,3.0,3.6,6,99
2023-04-03T07:00,6.2,4.7,261,88
2023-04-03T08:00,7.9,5.3,208,83
2023-04-03T09:00,9.5,5.9,169,80
2023-04-03T10:00,10.8,3.0,166,75
2023-04-03T11:00,11.5,1.3,34,72
2023-04-03T12:00,12.9,1.1,108,64
2023-04-03T13:00,13.5,2.9,150,62
2023-04-03T14:00,13.8,4.7,157,58
2023-04-03T15:00,13.3,8.0,162,59
2023-04-03T16:00,10.7,16.2,184,69
2023-04-03T17:00,9.8,5.5,203,72
2023-04-03T18:00,7.1,6.6,225,84
2023-04-03T19:00,8.4,8.9,201,84
2023-04-03T20:00,7.4,9.8,287,89
2023-04-03T21:00,6.5,7.1,315,91
2023-04-03T22:00,5.9,5.2,304,94
2023-04-03T23:00,5.7,5.2,335,95
2023-04-04T00:00,4.7,7.5,17,98
2023-04-04T01:00,4.2,7.7,11,99
2023-04-04T02:00,3.9,8.2,23,98
2023-04-04T03:00,3.6,7.7,11,98
2023-04-04T04:00,3.4,7.3,9,98
2023-04-04T05:00,2.7,5.6,315,99
2023-04-04T06:00,3.0,2.4,333,98
2023-04-04T07:00,4.9,6.5,236,96
2023-04-04T08:00,6.5,4.5,241,85
2023-04-04T09:00,8.4,5.2,236,80
2023-04-04T10:00,10.1,4.1,232,70
2023-04-04T11:00,11.5,2.8,230,62
2023-04-04T12:00,12.5,3.9,214,57
2023-04-04T13:00,13.6,5.9,194,51
2023-04-04T14:00,14.0,12.0,189,50
2023-04-04T15:00,13.4,9.8,107,49
2023-04-04T16:00,11.3,17.9,68,70
2023-04-04T17:00,10.8,4.6,309,69
2023-04-04T18:00,6.9,17.6,313,92
2023-04-04T19:00,7.0,11.4,347,83
2023-04-04T20:00,6.8,7.1,336,84
2023-04-04T21:00,6.4,5.9,76,89
2023-04-04T22:00,5.6,6.2,83,93
2023-04-04T23:00,5.7,3.8,49,94
2023-04-05T00:00,5.0,2.4,297,97
2023-04-05T01:00,5.2,4.1,232,96
2023-04-05T02:00,3.6,4.1,232,100
2023-04-05T03:00,3.2,4.3,270,100
2023-04-05T04:00,3.3,9.9,226,92
2023-04-05T05:00,3.1,13.3,218,85
2023-04-05T06:00,2.1,11.5,224,86
2023-04-05T07:00,2.3,9.3,242,91
2023-04-05T08:00,5.5,13.9,245,73
2023-04-05T09:00,7.8,12.9,240,63
2023-04-05T10:00,9.9,10.6,235,52
2023-04-05T11:00,11.2,10.2,219,46
2023-04-05T12:00,12.1,8.9,223,44
2023-04-05T13:00,13.0,7.3,237,41
2023-04-05T14:00,13.6,8.1,225,38
2023-04-05T15:00,13.9,9.7,211,36
2023-04-05T16:00,13.9,12.9,216,34
2023-04-05T17:00,13.0,9.7,228,42
2023-04-05T18:00,9.9,12.5,237,55
2023-04-05T19:00,8.3,20.1,224,55
2023-04-05T20:00,6.4,22.1,217,62
2023-04-05T21:00,5.5,20.2,211,67
2023-04-05T22:00,4.9,20.2,211,71
2023-04-05T23:00,4.3,18.1,215,75
2023-04-06T00:00,3.7,15.3,229,77
2023-04-06T01:00,3.1,12.9,234,78
2023-04-06T02:00,2.6,12.8,220,79
2023-04-06T03:00,2.0,11.8,211,81
2023-04-06T04:00,1.2,9.4,212,82
2023-04-06T05:00,0.4,8.7,218,84
2023-04-06T06:00,-0.1,9.2,231,83
2023-04-06T07:00,1.8,8.5,242,76
2023-04-06T08:00,4.7,7.1,255,65
2023-04-06T09:00,7.4,5.4,270,59
2023-04-06T10:00,9.3,1.8,281,52
2023-04-06T11:00,10.5,1.1,270,53
2023-04-06T12:00,11.8,4.4,215,49
2023-04-06T13:00,12.9,6.6,193,43
2023-04-06T14:00,13.6,9.0,180,42
2023-04-06T15:00,13.8,9.2,141,41
2023-04-06T16:00,12.7,17.7,94,45
2023-04-06T17:00,10.9,18.6,80,51
2023-04-06T18:00,9.1,9.9,71,62
2023-04-06T19:00,7.6,9.4,58,68
2023-04-06T20:00,7.9,3.6,360,60
2023-04-06T21:00,5.6,8.6,255,77
2023-04-06T22:00,4.7,9.4,252,81
2023-04-06T23:00,5.2,3.2,207,73
2023-04-07T00:00,4.0,3.9,214,81
2023-04-07T01:00,2.9,5.8,184,89
2023-04-07T02:00,2.1,7.6,188,91
2023-04-07T03:00,1.4,8.9,227,94
2023-04-07T04:00,1.4,11.0,218,93
2023-04-07T05:00,1.9,7.6,225,93
2023-04-07T06:00,1.6,5.4,222,96
2023-04-07T07:00,4.0,2.3,252,90
2023-04-07T08:00,5.9,4.6,72,84
2023-04-07T09:00,7.8,9.5,61,77
2023-04-07T10:00,9.5,11.8,70,66
2023-04-07T11:00,11.1,10.9,81,56
2023-04-07T12:00,11.7,10.7,78,54
2023-04-07T13:00,12.5,9.0,85,53
2023-04-07T14:00,12.8,8.0,98,50
2023-04-07T15:00,13.1,10.3,115,49
2023-04-07T16:00,12.1,12.3,105,50
2023-04-07T17:00,10.8,15.1,102,54
2023-04-07T18:00,9.0,9.5,115,69
2023-04-07T19:00,7.7,11.2,184,77
2023-04-07T20:00,6.5,9.5,217,87
2023-04-07T21:00,5.6,4.1,195,92
2023-04-07T22:00,5.4,8.4,230,91
2023-04-07T23:00,4.5,12.8,170,94
2023-04-08T00:00,3.7,6.9,81,97
2023-04-08T01:00,3.4,6.4,207,98
2023-04-08T02:00,2.9,4.7,238,98
2023-04-08T03:00,3.5,7.3,281,97
2023-04-08T04:00,3.2,8.3,272,98
2023-04-08T05:00,3.5,6.9,261,96
2023-04-08T06:00,3.3,4.7,274,97
2023-04-08T07:00,4.9,5.3,242,94
2023-04-08T08:00,6.4,4.9,197,85
2023-04-08T09:00,8.0,1.0,315,80
2023-04-08T10:00,10.1,5.3,332,66
2023-04-08T11:00,10.5,5.9,349,59
2023-04-08T12:00,11.8,8.2,38,54
2023-04-08T13:00,12.2,14.1,50,53
2023-04-08T14:00,10.8,10.2,67,57
2023-04-08T15:00,12.2,12.7,83,46
2023-04-08T16:00,12.1,14.9,110,47
2023-04-08T17:00,10.0,9.2,132,60
2023-04-08T18:00,8.8,8.4,160,72
2023-04-08T19:00,7.1,10.8,217,79
2023-04-08T20:00,7.3,6.8,177,81
2023-04-08T21:00,6.4,9.0,143,84
2023-04-08T22:00,5.7,6.0,73,88
2023-04-08T23:00,5.1,3.4,72,93
2023-04-09T00:00,4.6,7.3,261,95
2023-04-09T01:00,3.0,10.6,242,97
2023-04-09T02:00,2.0,10.7,228,98
2023-04-09T03:00,2.7,9.9,226,95
2023-04-09T04:00,3.0,6.0,237,96
2023-04-09T05:00,2.5,1.9,338,99
2023-04-09T06:00,2.2,5.5,349,99
2023-04-09T07:00,4.3,4.6,252,87
2023-04-09T08:00,5.6,3.3,264,80
2023-04-09T09:00,7.5,5.3,298,74
2023-04-09T10:00,8.6,7.4,317,69
2023-04-09T11:00,9.9,6.4,322,61
2023-04-09T12:00,11.1,5.9,322,56
2023-04-09T13:00,11.8,3.7,331,57
2023-04-09T14:00,12.7,3.6,270,55
2023-04-09T15:00,11.8,3.1,249,55
2023-04-09T16:00,12.1,5.3,62,50
2023-04-09T17:00,9.9,13.6,78,65
2023-04-09T18:00,6.6,9.2,309,83
2023-04-09T19:00,5.4,10.1,4,91
2023-04-09T20:00,5.7,13.6,230,92
2023-04-09T21:00,5.7,5.5,247,89
2023-04-09T22:00,4.5,3.7,119,96
2023-04-09T23:00,4.1,4.3,95,99
2023-04-10T00:00,3.4,5.1,51,100
2023-04-10T01:00,2.5,3.3,347,100
2023-04-10T02:00,2.1,3.9,326,100
2023-04-10T03:00,2.0,1.8,360,100
2023-04-10T04:00,2.5,5.0,240,98
2023-04-10T05:00,2.2,7.9,219,100
2023-04-10T06:00,1.8,8.2,221,99
2023-04-10T07:00,1.4,6.5,236,98
2023-04-10T08:00,2.6,6.4,254,95
2023-04-10T09:00,5.6,4.3,270,84
2023-04-10T10:00,7.9,2.3,219,77
2023-04-10T11:00,9.5,2.2,270,65
2023-04-10T12:00,10.8,1.0,315,60
2023-04-10T13:00,11.8,2.1,31,58
2023-04-10T14:00,12.5,1.3,304,54
2023-04-10T15:00,12.5,2.3,219,52
2023-04-10T16:00,12.2,9.0,106,52
2023-04-10T17:00,11.2,8.7,107,60
2023-04-10T18:00,9.0,12.7,353,73
2023-04-10T19:00,7.5,11.2,327,83
2023-04-10T20:00,5.8,10.2,309,92
2023-04-10T21:00,5.5,8.7,330,91
2023-04-10T22:00,5.3,8.8,325,89
2023-04-10T23:00,4.7,6.2,7,91
2023-04-11T00:00,4.3,2.6,34,91
2023-04-11T01:00,3.6,13.0,134,98
2023-04-11T02:00,3.5,5.0,69,99
2023-04-11T03:00,2.5,4.5,284,100
2023-04-11T04:00,2.2,5.5,259,100
2023-04-11T05:00,1.8,5.2,282,100
2023-04-11T06:00,2.1,2.6,326,99
2023-04-11T07:00,3.5,1.8,360,99
2023-04-11T08:00,4.7,3.9,292,97
2023-04-11T09:00,7.2,2.3,309,83
2023-04-11T10:00,8.8,0.8,243,79
2023-04-11T11:00,10.3,2.9,173,68
2023-04-11T12:00,11.6,6.3,204,61
2023-04-11T13:00,12.8,6.0,213,51
2023-04-11T14:00,13.6,4.7,212,44
2023-04-11T15:00,14.0,7.6,188,40
2023-04-11T16:00,13.5,11.9,155,43
2023-04-11T17:00,12.1,10.5,96,53
2023-04-11T18:00,9.4,7.9,60,76
2023-04-11T19:00,8.9,1.1,18,70
2023-04-11T20:00,7.3,9.0,254,81
2023-04-11T21:00,6.6,8.7,253,75
2023-04-11T22:00,6.3,12.3,249,53
2023-04-11T23:00,5.5,13.8,250,52
2023-04-12T00:00,4.2,8.4,239,64
2023-04-12T01:00,4.0,5.0,210,63
2023-04-12T02:00,2.8,7.6,211,71
2023-04-12T03:00,2.4,8.8,235,74
2023-04-12T04:00,1.6,8.0,265,78
2023-04-12T05:00,0.8,7.3,290,83
2023-04-12T06:00,0.3,6.4,313,90
2023-04-12T07:00,0.8,3.4,342,99
2023-04-12T08:00,4.8,4.1,15,94
2023-04-12T09:00,7.8,5.8,4,80
2023-04-12T10:00,10.6,3.6,315,51
2023-04-12T11:00,12.0,3.6,270,44
2023-04-12T12:00,13.2,2.1,301,41
2023-04-12T13:00,13.8,2.8,310,40
2023-04-12T14:00,14.7,7.6,262,37
2023-04-12T15:00,14.7,8.5,258,36
2023-04-12T16:00,14.0,6.5,273,37
2023-04-12T17:00,12.7,11.9,35,45
2023-04-12T18:00,10.1,14.7,28,67
2023-04-12T19:00,9.0,12.7,35,73
2023-04-12T20:00,7.4,6.8,360,83
2023-04-12T21:00,7.0,6.0,287,86
2023-04-12T22:00,6.5,9.3,257,82
2023-04-12T23:00,5.9,10.7,237,68
2023-04-13T00:00,4.8,9.0,247,70
2023-04-13T01:00,3.8,6.8,238,75
2023-04-13T02:00,3.1,6.4,243,78
2023-04-13T03:00,2.4,7.0,235,82
2023-04-13T04:00,1.5,5.6,243,86
2023-04-13T05:00,1.3,4.8,347,86
2023-04-13T06:00,1.0,7.2,6,89
2023-04-13T07:00,4.1,2.6,344,82
2023-04-13T08:00,7.6,2.9,360,70
2023-04-13T09:00,10.0,3.8,343,65
2023-04-13T10:00,11.9,7.9,317,56
2023-04-13T11:00,13.0,8.9,310,51
2023-04-13T12:00,14.2,8.9,310,48
2023-04-13T13:00,15.1,8.1,291,43
2023-04-13T14:00,15.6,7.9,267,41
2023-04-13T15:00,15.7,8.0,234,40
2023-04-13T16:00,15.2,5.6,225,40
2023-04-13T17:00,14.6,3.8,17,41
2023-04-13T18:00,11.8,12.7,45,59
2023-04-13T19:00,8.2,17.9,279,72
2023-04-13T20:00,8.1,12.6,267,70
2023-04-13T21:00,7.5,10.5,229,73
2023-04-13T22:00,6.7,13.1,233,69
2023-04-13T23:00,5.9,12.7,225,70
2023-04-14T00:00,5.6,12.8,220,73
2023-04-14T01:00,5.0,12.5,219,76
2023-04-14T02:00,4.2,9.7,239,81
2023-04-14T03:00,3.6,8.4,250,84
2023-04-14T04:00,2.3,6.6,261,90
2023-04-14T05:00,1.6,4.7,293,92
2023-04-14T06:00,0.9,5.1,321,96
2023-04-14T07:00,3.6,4.6,288,89
2023-04-14T08:00,7.1,5.4,290,79
2023-04-14T09:00,9.8,6.3,301,70
2023-04-14T10:00,11.8,6.5,304,58
2023-04-14T11:00,13.1,5.0,291,50
2023-04-14T12:00,13.9,6.3,294,49
2023-04-14T13:00,14.8,6.6,279,47
2023-04-14T14:00,15.2,6.5,251,42
2023-04-14T15:00,15.9,8.7,204,37
2023-04-14T16:00,15.3,7.5,125,34
2023-04-14T17:00,13.5,12.9,63,53
2023-04-14T18:00,10.7,17.1,42,69
2023-04-14T19:00,9.3,18.2,321,77
2023-04-14T20:00,7.8,15.4,327,78
2023-04-14T21:00,7.2,9.7,321,81
2023-04-14T22:00,6.8,10.7,346,84
2023-04-14T23:00,6.4,6.5,19,87
2023-04-15T00:00,6.3,6.8,357,88
2023-04-15T01:00,4.8,7.3,281,94
2023-04-15T02:00,4.9,6.7,306,94
2023-04-15T03:00,4.7,6.8,270,94
2023-04-15T04:00,3.6,8.0,216,97
2023-04-15T05:00,2.9,3.7,241,97
2023-04-15T06:00,2.5,4.0,5,98
2023-04-15T07:00,5.1,6.1,357,92
2023-04-15T08:00,8.2,8.3,358,75
2023-04-15T09:00,10.1,9.4,353,66
2023-04-15T10:00,11.7,7.9,344,62
2023-04-15T11:00,12.8,7.4,337,57
2023-04-15T12:00,13.7,6.8,328,57
2023-04-15T13:00,14.5,5.1,315,55
2023-04-15T14:00,14.5,4.6,309,53
2023-04-15T15:00,15.1,1.1,270,45
2023-04-15T16:00,14.1,3.2,297,49
2023-04-15T17:00,9.3,20.9,225,76
2023-04-15T18:00,9.3,9.4,238,75
2023-04-15T19:00,7.8,13.5,245,84
2023-04-15T20:00,7.9,11.7,252,82
2023-04-15T21:00,7.5,7.1,300,86
2023-04-15T22:00,6.2,7.7,319,91
2023-04-15T23:00,5.5,8.4,350,94
2023-04-16T00:00,4.7,10.0,13,96
2023-04-16T01:00,4.4,9.4,356,96
2023-04-16T02:00,4.4,10.9,343,95
2023-04-16T03:00,4.1,10.9,333,95
2023-04-16T04:00,3.6,8.9,333,96
2023-04-16T05:00,3.2,7.4,331,97
2023-04-16T06:00,2.6,6.0,335,98
2023-04-16T07:00,2.9,6.4,317,99
2023-04-16T08:00,4.7,5.2,304,96
2023-04-16T09:00,7.6,4.2,329,87
2023-04-16T10:00,10.5,4.3,312,70
2023-04-16T11:00,12.2,4.0,275,58
2023-04-16T12:00,13.3,1.5,256,50
2023-04-16T13:00,14.1,1.1,252,46
2023-04-16T14:00,14.9,3.8,229,42
2023-04-16T15:00,15.4,7.1,221,38
2023-04-16T16:00,15.4,9.8,197,36
2023-04-16T17:00,14.0,8.4,155,46
2023-04-16T18:00,11.0,7.1,150,69
2023-04-16T19:00,9.8,7.1,165,73
2023-04-16T20:00,9.2,13.3,237,67
2023-04-16T21:00,7.4,15.6,232,56
2023-04-16T22:00,6.8,15.5,222,56
2023-04-16T23:00,6.7,14.8,225,58
2023-04-17T00:00,6.3,12.7,223,62
2023-04-17T01:00,5.1,11.8,211,70
2023-04-17T02:00,4.3,12.3,212,77
2023-04-17T03:00,3.5,11.3,207,81
2023-04-17T04:00,3.0,10.3,216,83
2023-04-17T05:00,2.5,10.2,219,84
2023-04-17T06:00,1.9,7.9,231,86
2023-04-17T07:00,4.7,5.2,236,74
2023-04-17T08:00,7.5,5.4,266,66
2023-04-17T09:00,10.4,8.8,258,49
2023-04-17T10:00,12.1,7.9,246,41
2023-04-17T11:00,13.2,5.8,240,39
2023-04-17T12:00,14.2,5.4,222,34
2023-04-17T13:00,14.8,6.9,219,33
2023-04-17T14:00,15.5,9.7,225,30
2023-04-17T15:00,15.7,8.4,223,28
2023-04-17T16:00,15.5,5.5,212,27
2023-04-17T17:00,14.5,3.2,90,33
2023-04-17T18:00,11.1,13.7,55,53
2023-04-17T19:00,10.6,3.1,339,54
2023-04-17T20:00,8.9,11.5,226,58
2023-04-17T21:00,7.3,12.3,218,52
2023-04-17T22:00,6.4,13.2,225,56
2023-04-17T23:00,6.0,13.7,235,62
2023-04-18T00:00,5.2,14.3,229,65
2023-04-18T01:00,4.8,13.8,227,64
2023-04-18T02:00,4.2,13.5,226,62
2023-04-18T03:00,3.6,10.7,225,63
2023-04-18T04:00,3.3,10.3,216,62
2023-04-18T05:00,3.3,11.2,213,60
2023-04-18T06:00,2.4,9.3,234,65
2023-04-18T07:00,5.9,7.6,239,53
2023-04-18T08:00,8.4,9.0,247,44
2023-04-18T09:00,10.0,7.6,262,37
2023-04-18T10:00,11.6,7.6,265,36
2023-04-18T11:00,12.9,6.6,261,36
2023-04-18T12:00,13.7,5.5,259,36
2023-04-18T13:00,14.6,5.6,255,36
2023-04-18T14:00,15.7,6.9,242,33
2023-04-18T15:00,16.9,8.5,216,27
2023-04-18T16:00,16.3,7.5,145,27
2023-04-18T17:00,12.5,17.0,86,49
2023-04-18T18:00,10.4,12.1,80,56
2023-04-18T19:00,9.7,6.8,342,70
2023-04-18T20:00,8.7,10.7,256,70
2023-04-18T21:00,8.1,17.8,234,49
2023-04-18T22:00,6.6,15.1,230,50
2023-04-18T23:00,5.4,12.2,208,56
2023-04-19T00:00,3.9,7.4,219,67
2023-04-19T01:00,5.5,4.0,260,51
2023-04-19T02:00,3.1,6.3,283,69
2023-04-19T03:00,1.9,6.4,308,77
2023-04-19T04:00,2.8,1.6,117,68
2023-04-19T05:00,1.4,3.9,214,74
2023-04-19T06:00,0.1,6.2,263,81
2023-04-19T07:00,3.2,3.6,276,72
2023-04-19T08:00,7.0,3.4,288,53
2023-04-19T09:00,9.6,3.1,315,52
2023-04-19T10:00,12.0,5.4,352,50
2023-04-19T11:00,13.9,5.9,349,42
2023-04-19T12:00,14.9,5.4,312,37
2023-04-19T13:00,15.7,5.1,274,33
2023-04-19T14:00,16.1,7.2,243,31
2023-04-19T15:00,16.4,8.2,229,31
2023-04-19T16:00,16.6,6.5,180,29
2023-04-19T17:00,14.4,13.0,96,39
2023-04-19T18:00,11.3,13.0,95,52
2023-04-19T19:00,10.0,10.6,100,49
2023-04-19T20:00,10.0,4.5,166,47
2023-04-19T21:00,7.6,10.1,235,62
2023-04-19T22:00,6.4,10.7,228,62
2023-04-19T23:00,5.8,10.2,203,56
2023-04-20T00:00,4.6,12.6,211,60
2023-04-20T01:00,3.3,6.6,209,79
2023-04-20T02:00,2.8,7.8,326,72
2023-04-20T03:00,2.3,9.9,341,73
2023-04-20T04:00,2.0,10.8,339,90
2023-04-20T05:00,1.9,10.4,346,96
2023-04-20T06:00,1.6,10.0,13,99
2023-04-20T07:00,4.5,7.1,15,90
2023-04-20T08:00,7.8,6.3,347,73
2023-04-20T09:00,9.9,8.0,324,65
2023-04-20T10:00,11.5,9.5,331,60
2023-04-20T11:00,12.8,8.4,335,54
2023-04-20T12:00,13.9,4.3,336,49
2023-04-20T13:00,14.6,3.3,347,46
2023-04-20T14:00,15.2,3.5,336,45
2023-04-20T15:00,14.0,9.4,83,47
2023-04-20T16:00,13.1,5.4,70,46
2023-04-20T17:00,12.9,7.7,101,49
2023-04-20T18:00,10.4,6.8,93,68
2023-04-20T19:00,9.7,10.4,236,75
2023-04-20T20:00,7.9,9.8,253,82
2023-04-20T21:00,7.7,8.3,268,81
2023-04-20T22:00,7.2,7.9,267,84
2023-04-20T23:00,6.8,6.8,245,86
2023-04-21T00:00,5.8,7.2,233,86
2023-04-21T01:00,5.3,9.1,214,79
2023-04-21T02:00,4.3,7.4,223,79
2023-04-21T03:00,3.8,5.1,266,79
2023-04-21T04:00,2.7,7.2,307,90
2023-04-21T05:00,1.8,5.8,300,97
2023-04-21T06:00,1.5,3.9,304,100
2023-04-21T07:00,3.6,1.8,323,98
2023-04-21T08:00,7.0,2.3,288,85
2023-04-21T09:00,10.0,3.8,311,63
2023-04-21T10:00,12.1,2.6,286,43
2023-04-21T11:00,13.5,2.2,189,36
2023-04-21T12:00,14.8,5.9,191,31
2023-04-21T13:00,15.6,4.9,163,29
2023-04-21T14:00,16.1,5.6,140,27
2023-04-21T15:00,16.3,8.4,133,25
2023-04-21T16:00,16.2,9.7,129,24
2023-04-21T17:00,14.7,8.8,109,30
2023-04-21T18:00,11.2,10.7,50,44
2023-04-21T19:00,9.5,10.3,54,46
2023-04-21T20:00,8.0,7.3,259,58
2023-04-21T21:00,7.8,19.5,240,51
2023-04-21T22:00,7.4,24.0,234,56
2023-04-21T23:00,6.4,22.5,235,62
2023-04-22T00:00,5.6,18.7,236,64
2023-04-22T01:00,5.0,17.1,226,64
2023-04-22T02:00,4.5,16.5,224,63
2023-04-22T03:00,4.0,13.4,234,62
2023-04-22T04:00,2.5,6.4,227,72
2023-04-22T05:00,2.8,5.3,208,66
2023-04-22T06:00,3.0,4.5,241,62
2023-04-22T07:00,4.2,2.7,293,60
2023-04-22T08:00,7.7,4.1,315,49
2023-04-22T09:00,10.2,5.9,313,37
2023-04-22T10:00,11.8,4.3,265,33
2023-04-22T11:00,13.2,5.2,214,29
2023-04-22T12:00,14.5,7.7,191,28
2023-04-22T13:00,15.7,8.7,185,27
2023-04-22T14:00,16.4,8.2,151,24
2023-04-22T15:00,16.3,10.6,114,23
2023-04-22T16:00,15.5,14.0,89,24
2023-04-22T17:00,13.4,16.4,71,28
2023-04-22T18:00,10.6,14.2,60,36
2023-04-22T19:00,9.7,12.8,74,40
2023-04-22T20:00,10.3,2.2,270,38
2023-04-22T21:00,7.1,12.4,260,53
2023-04-22T22:00,6.8,6.3,301,57
2023-04-22T23:00,6.0,8.6,268,62
2023-04-23T00:00,5.2,10.7,222,63
2023-04-23T01:00,4.6,12.5,219,63
2023-04-23T02:00,3.9,11.2,220,69
2023-04-23T03:00,2.8,8.6,202,77
2023-04-23T04:00,1.9,7.8,193,80
2023-04-23T05:00,1.6,8.7,225,80
2023-04-23T06:00,1.2,10.3,234,81
2023-04-23T07:00,3.7,9.7,243,66
2023-04-23T08:00,7.2,10.5,248,55
2023-04-23T09:00,10.4,10.0,244,39
2023-04-23T10:00,12.2,7.9,246,34
2023-04-23T11:00,13.4,6.2,249,31
2023-04-23T12:00,14.4,5.4,233,30
2023-04-23T13:00,15.4,6.4,232,28
2023-04-23T14:00,16.4,10.0,221,26
2023-04-23T15:00,16.7,12.0,213,23
2023-04-23T16:00,16.1,5.7,198,22
2023-04-23T17:00,14.4,12.1,67,31
2023-04-23T18:00,11.1,15.5,72,54
2023-04-23T19:00,9.6,7.6,183,61
2023-04-23T20:00,8.3,17.3,247,52
2023-04-23T21:00,7.1,17.7,241,36
2023-04-23T22:00,6.0,20.1,224,43
2023-04-23T23:00,5.2,16.0,224,51
2023-04-24T00:00,3.9,9.2,222,63
2023-04-24T01:00,3.1,8.9,212,67
2023-04-24T02:00,2.6,10.9,207,70
2023-04-24T03:00,1.6,10.0,218,76
2023-04-24T04:00,0.4,7.2,243,81
2023-04-24T05:00,-0.2,5.2,254,83
2023-04-24T06:00,-0.5,5.1,262,83
2023-04-24T07:00,2.5,4.6,252,69
2023-04-24T08:00,6.2,4.9,253,55
2023-04-24T09:00,9.4,5.4,266,40
2023-04-24T10:00,11.4,3.5,246,34
2023-04-24T11:00,12.7,2.6,254,38
2023-04-24T12:00,13.9,4.0,275,36
2023-04-24T13:00,14.9,5.1,262,31
2023-04-24T14:00,15.4,4.3,222,28
2023-04-24T15:00,15.7,5.1,176,26
2023-04-24T16:00,15.6,5.5,122,26
2023-04-24T17:00,14.1,12.7,83,33
2023-04-24T18:00,11.2,14.6,70,49
2023-04-24T19:00,10.2,12.4,80,51
2023-04-24T20:00,9.2,10.2,100,52
2023-04-24T21:00,7.9,5.5,148,64
2023-04-24T22:00,6.6,7.1,225,70
2023-04-24T23:00,5.5,9.7,248,70
2023-04-25T00:00,4.0,6.2,234,71
2023-04-25T01:00,3.1,5.5,203,70
2023-04-25T02:00,2.4,9.8,197,66
2023-04-25T03:00,1.4,5.6,225,77
2023-04-25T04:00,1.1,8.4,335,73
2023-04-25T05:00,0.5,10.5,354,82
2023-04-25T06:00,0.6,12.0,351,90
2023-04-25T07:00,2.8,8.7,336,85
2023-04-25T08:00,6.7,6.4,308,65
2023-04-25T09:00,9.2,4.3,294,55
2023-04-25T10:00,11.4,3.3,319,47
2023-04-25T11:00,13.0,2.5,315,39
2023-04-25T12:00,14.3,3.1,249,32
2023-04-25T13:00,15.4,4.6,219,26
2023-04-25T14:00,16.3,4.8,193,22
2023-04-25T15:00,16.5,8.9,140,20
2023-04-25T16:00,15.8,13.8,99,20
2023-04-25T17:00,13.3,22.9,68,30
2023-04-25T18:00,11.0,20.0,62,33
2023-04-25T19:00,10.5,15.5,59,33
2023-04-25T20:00,9.6,13.1,58,38
2023-04-25T21:00,9.7,1.3,326,40
2023-04-25T22:00,6.7,11.6,248,52
2023-04-25T23:00,5.2,6.2,201,64
2023-04-26T00:00,4.4,6.8,212,70
2023-04-26T01:00,4.2,4.8,207,71
2023-04-26T02:00,4.3,4.0,270,69
2023-04-26T03:00,2.0,6.2,306,78
2023-04-26T04:00,1.8,5.4,318,73
2023-04-26T05:00,1.1,6.4,317,74
2023-04-26T06:00,0.9,6.0,335,73
2023-04-26T07:00,3.4,5.4,4,56
2023-04-26T08:00,7.7,4.5,331,41
2023-04-26T09:00,10.1,3.3,264,42
2023-04-26T10:00,11.9,2.5,135,44
2023-04-26T11:00,13.3,3.3,103,39
2023-04-26T12:00,14.6,3.2,90,33
2023-04-26T13:00,15.8,4.3,85,27
2023-04-26T14:00,16.5,5.5,113,23
2023-04-26T15:00,16.9,8.9,130,22
2023-04-26T16:00,15.9,18.4,121,23
2023-04-26T17:00,13.9,18.7,113,26
2023-04-26T18:00,11.6,17.7,78,40
2023-04-26T19:00,10.5,16.7,71,37
2023-04-26T20:00,9.7,15.9,72,42
2023-04-26T21:00,7.7,6.6,49,69
2023-04-26T22:00,6.7,9.4,270,66
2023-04-26T23:00,5.2,7.4,241,64
2023-04-27T00:00,6.2,5.1,262,53
2023-04-27T01:00,4.0,6.6,261,65
2023-04-27T02:00,4.5,5.1,231,58
2023-04-27T03:00,2.8,5.4,217,69
2023-04-27T04:00,3.4,3.3,264,63
2023-04-27T05:00,1.2,5.3,332,74
2023-04-27T06:00,0.2,7.9,3,78
2023-04-27T07:00,3.2,3.4,342,68
2023-04-27T08:00,7.6,1.8,349,51
2023-04-27T09:00,10.1,3.7,29,42
2023-04-27T10:00,12.1,7.4,47,35
2023-04-27T11:00,13.5,9.5,61,30
2023-04-27T12:00,14.6,10.5,74,24
2023-04-27T13:00,15.2,11.0,79,21
2023-04-27T14:00,15.2,10.6,72,19
2023-04-27T15:00,15.3,10.7,70,18
2023-04-27T16:00,15.0,9.7,90,16
2023-04-27T17:00,14.1,12.2,118,16
2023-04-27T18:00,11.6,11.5,122,25
2023-04-27T19:00,10.2,14.8,103,36
2023-04-27T20:00,9.4,16.6,94,45
2023-04-27T21:00,8.5,16.1,74,59
2023-04-27T22:00,7.2,12.0,41,65
2023-04-27T23:00,5.1,8.7,318,78
2023-04-28T00:00,3.9,9.3,254,75
2023-04-28T01:00,3.0,7.2,233,73
2023-04-28T02:00,2.6,9.3,208,67
2023-04-28T03:00,1.6,7.9,196,69
2023-04-28T04:00,3.0,3.9,236,58
2023-04-28T05:00,0.8,10.6,336,71
2023-04-28T06:00,0.2,10.4,358,78
2023-04-28T07:00,3.5,7.0,348,69
2023-04-28T08:00,7.6,8.7,336,57
2023-04-28T09:00,10.2,9.0,323,47
2023-04-28T10:00,12.0,6.6,331,40
2023-04-28T11:00,13.3,5.1,356,34
2023-04-28T12:00,14.5,3.9,56,27
2023-04-28T13:00,15.5,7.6,98,20
2023-04-28T14:00,16.0,11.2,105,15
2023-04-28T15:00,15.8,11.8,110,16
2023-04-28T16:00,15.6,12.6,117,19
2023-04-28T17:00,14.0,15.6,116,24
2023-04-28T18:00,11.5,12.8,101,36
2023-04-28T19:00,10.7,12.9,120,39
2023-04-28T20:00,9.8,12.5,129,40
2023-04-28T21:00,8.9,13.4,95,51
2023-04-28T22:00,7.7,11.5,58,66
2023-04-28T23:00,5.9,9.7,358,77
2023-04-29T00:00,4.3,7.8,292,80
2023-04-29T01:00,3.5,5.5,203,73
2023-04-29T02:00,4.3,1.1,180,56
2023-04-29T03:00,1.8,8.4,353,76
2023-04-29T04:00,1.0,7.6,352,86
2023-04-29T05:00,1.0,9.8,343,88
2023-04-29T06:00,0.9,11.2,2,91
2023-04-29T07:00,2.7,8.3,360,80
2023-04-29T08:00,6.8,6.2,353,66
2023-04-29T09:00,10.1,6.2,324,46
2023-04-29T10:00,12.2,4.7,302,35
2023-04-29T11:00,13.8,3.4,288,31
2023-04-29T12:00,14.9,1.5,256,28
2023-04-29T13:00,15.8,1.9,158,25
2023-04-29T14:00,16.3,4.8,138,22
2023-04-29T15:00,16.6,7.4,129,21
2023-04-29T16:00,16.3,7.7,131,21
2023-04-29T17:00,15.2,13.2,116,23
2023-04-29T18:00,12.5,14.5,113,36
2023-04-29T19:00,11.1,12.6,121,40
2023-04-29T20:00,10.1,11.7,108,45
2023-04-29T21:00,9.0,11.5,94,56
2023-04-29T22:00,9.2,0.8,27,62
2023-04-29T23:00,6.5,10.9,262,64
2023-04-30T00:00,5.6,5.4,270,60
2023-04-30T01:00,4.6,8.7,263,61
2023-04-30T02:00,3.3,7.9,231,67
2023-04-30T03:00,2.2,6.8,238,76
2023-04-30T04:00,1.4,5.8,240,81
2023-04-30T05:00,0.9,6.9,264,82
2023-04-30T06:00,0.5,7.5,305,82
2023-04-30T07:00,3.1,3.6,307,70
2023-04-30T08:00,6.9,0.4,360,57
2023-04-30T09:00,10.3,2.5,352,44
2023-04-30T10:00,12.6,3.2,270,34
2023-04-30T11:00,14.3,3.3,221,28
2023-04-30T12:00,15.5,5.1,184,25
2023-04-30T13:00,16.4,5.8,176,22
2023-04-30T14:00,17.1,7.1,165,20
2023-04-30T15:00,17.2,10.5,121,20
2023-04-30T16:00,16.4,17.5,98,23
2023-04-30T17:00,14.0,20.8,80,29
2023-04-30T18:00,12.0,14.5,63,36
2023-04-30T19:00,11.4,16.9,61,31
2023-04-30T20:00,10.1,11.1,54,38
2023-04-30T21:00,8.6,9.6,236,46
2023-04-30T22:00,7.5,9.4,230,50
2023-04-30T23:00,7.4,6.2,263,53
2023-05-01T00:00,5.4,7.6,262,62
2023-05-01T01:00,4.6,9.4,247,62
2023-05-01T02:00,3.7,4.6,231,67
2023-05-01T03:00,4.2,1.8,169,60
2023-05-01T04:00,4.0,3.7,299,61
2023-05-01T05:00,1.3,7.1,315,76
2023-05-01T06:00,0.9,7.9,313,74
2023-05-01T07:00,3.7,4.8,297,62
2023-05-01T08:00,7.9,2.5,270,48
2023-05-01T09:00,11.2,2.6,304,35
2023-05-01T10:00,13.3,2.3,288,31
2023-05-01T11:00,14.6,0.7,90,29
2023-05-01T12:00,15.8,4.0,117,25
2023-05-01T13:00,16.9,6.3,114,21
2023-05-01T14:00,17.5,11.0,101,20
2023-05-01T15:00,17.2,17.7,103,19
2023-05-01T16:00,16.1,19.7,105,21
2023-05-01T17:00,14.6,18.4,92,26
2023-05-01T18:00,12.2,14.8,76,41
2023-05-01T19:00,11.3,17.9,75,48
2023-05-01T20:00,9.9,9.1,83,64
2023-05-01T21:00,8.8,14.1,238,63
2023-05-01T22:00,8.1,14.5,228,45
2023-05-01T23:00,7.5,17.6,235,44
2023-05-02T00:00,6.6,16.3,235,49
2023-05-02T01:00,5.9,13.7,235,53
2023-05-02T02:00,4.4,7.9,227,65
2023-05-02T03:00,3.7,5.5,212,68
2023-05-02T04:00,3.1,4.8,257,70
2023-05-02T05:00,2.2,4.9,287,73
2023-05-02T06:00,2.6,3.9,248,69
2023-05-02T07:00,4.0,2.4,243,66
2023-05-02T08:00,7.7,2.4,243,53
2023-05-02T09:00,10.5,3.6,354,47
2023-05-02T10:00,12.7,5.1,8,41
2023-05-02T11:00,14.2,3.5,24,37
2023-05-02T12:00,15.3,3.0,76,31
2023-05-02T13:00,16.2,6.7,106,25
2023-05-02T14:00,16.7,9.5,115,19
2023-05-02T15:00,16.7,8.7,107,16
2023-05-02T16:00,16.6,13.0,92,15
2023-05-02T17:00,14.0,22.8,95,32
2023-05-02T18:00,12.0,19.6,84,46
2023-05-02T19:00,11.1,21.8,82,56
2023-05-02T20:00,10.4,18.7,71,63
2023-05-02T21:00,8.4,5.1,309,76
2023-05-02T22:00,7.6,9.3,234,74
2023-05-02T23:00,6.7,8.0,170,81
2023-05-03T00:00,5.4,4.7,157,91
2023-05-03T01:00,4.6,5.5,337,94
2023-05-03T02:00,4.8,3.5,336,91
2023-05-03T03:00,4.2,4.7,337,92
2023-05-03T04:00,3.3,7.3,327,94
2023-05-03T05:00,3.0,4.8,333,93
2023-05-03T06:00,2.3,5.0,339,95
2023-05-03T07:00,5.0,4.7,356,83
2023-05-03T08:00,8.3,5.9,349,67
2023-05-03T09:00,10.5,4.9,343,58
2023-05-03T10:00,12.3,3.5,336,52
2023-05-03T11:00,13.8,5.5,349,43
2023-05-03T12:00,15.1,5.2,326,36
2023-05-03T13:00,16.0,6.0,287,32
2023-05-03T14:00,16.4,6.0,303,31
2023-05-03T15:00,16.7,4.1,322,29
2023-05-03T16:00,16.3,1.8,53,28
2023-05-03T17:00,14.9,14.3,115,32
2023-05-03T18:00,13.4,15.1,108,42
2023-05-03T19:00,11.4,13.2,259,52
2023-05-03T20:00,10.7,9.2,244,56
2023-05-03T21:00,10.5,12.6,250,54
2023-05-03T22:00,9.9,7.2,243,56
2023-05-03T23:00,9.2,1.5,104,53
2023-05-04T00:00,8.3,2.5,270,56
2023-05-04T01:00,7.5,2.9,263,54
2023-05-04T02:00,6.7,2.9,7,58
2023-05-04T03:00,5.6,1.8,307,67
2023-05-04T04:00,4.8,3.3,311,70
2023-05-04T05:00,2.7,7.7,349,88
2023-05-04T06:00,2.3,9.0,5,98
2023-05-04T07:00,4.9,3.8,311,89
2023-05-04T08:00,8.1,5.0,291,73
2023-05-04T09:00,10.5,5.3,298,58
2023-05-04T10:00,12.7,6.6,299,46
2023-05-04T11:00,14.4,9.7,301,38
2023-05-04T12:00,15.8,12.3,310,34
2023-05-04T13:00,16.6,14.0,314,34
2023-05-04T14:00,17.0,14.6,320,33
2023-05-04T15:00,17.0,19.4,318,31
2023-05-04T16:00,14.9,15.3,319,35
2023-05-04T17:00,14.3,16.2,323,38
2023-05-04T18:00,12.1,3.8,253,57
2023-05-04T19:00,11.8,18.8,317,49
2023-05-04T20:00,11.2,10.2,302,56
2023-05-04T21:00,9.6,6.3,301,68
2023-05-04T22:00,9.2,3.1,315,77
2023-05-04T23:00,8.9,1.8,349,79
2023-05-05T00:00,8.4,1.8,307,75
2023-05-05T01:00,7.8,5.4,233,77
2023-05-05T02:00,7.6,5.1,225,77
2023-05-05T03:00,6.9,4.2,250,76
2023-05-05T04:00,6.4,3.0,284,79
2023-05-05T05:00,6.2,3.6,6,80
2023-05-05T06:00,5.9,7.2,6,87
2023-05-05T07:00,6.2,4.9,17,83
2023-05-05T08:00,8.3,7.4,346,71
2023-05-05T09:00,10.1,6.4,313,62
2023-05-05T10:00,11.4,6.0,303,57
2023-05-05T11:00,12.7,9.7,312,50
2023-05-05T12:00,14.0,10.9,304,40
2023-05-05T13:00,15.5,11.2,312,33
2023-05-05T14:00,16.3,17.1,309,28
2023-05-05T15:00,12.3,27.6,263,48
2023-05-05T16:00,11.6,12.4,188,46
2023-05-05T17:00,7.3,8.4,187,78
2023-05-05T18:00,6.6,4.2,160,83
2023-05-05T19:00,4.8,1.8,169,89
2023-05-05T20:00,5.7,6.3,13,87
2023-05-05T21:00,5.1,8.0,18,92
2023-05-05T22:00,5.8,2.3,18,90
2023-05-05T23:00,5.3,7.4,284,91
2023-05-06T00:00,5.1,8.0,275,89
2023-05-06T01:00,4.5,7.2,273,92
2023-05-06T02:00,3.3,4.7,270,97
2023-05-06T03:00,3.0,4.0,260,99
2023-05-06T04:00,2.6,4.0,275,100
2023-05-06T05:00,1.6,4.4,325,100
2023-05-06T06:00,2.6,7.6,341,100
2023-05-06T07:00,3.1,3.6,323,97
2023-05-06T08:00,4.1,5.7,342,98
2023-05-06T09:00,6.5,8.2,331,85
2023-05-06T10:00,9.4,10.2,318,69
2023-05-06T11:00,11.3,12.0,314,63
2023-05-06T12:00,11.2,9.4,274,64
2023-05-06T13:00,11.5,10.5,266,57
2023-05-06T14:00,11.6,9.9,280,60
2023-05-06T15:00,10.2,15.0,287,68
2023-05-06T16:00,10.8,9.9,280,67
2023-05-06T17:00,7.3,19.8,10,83
2023-05-06T18:00,5.0,12.0,33,91
2023-05-06T19:00,7.0,6.6,283,83
2023-05-06T20:00,6.1,5.2,115,89
2023-05-06T21:00,6.1,10.0,38,92
2023-05-06T22:00,6.0,6.9,6,86
2023-05-06T23:00,5.7,4.5,346,90
2023-05-07T00:00,5.1,4.7,4,95
2023-05-07T01:00,4.9,3.9,22,96
2023-05-07T02:00,3.8,4.7,4,100
2023-05-07T03:00,3.4,5.8,7,99
2023-05-07T04:00,2.8,5.8,338,100
2023-05-07T05:00,2.4,6.4,333,99
2023-05-07T06:00,2.3,5.6,315,100
2023-05-07T07:00,3.7,4.7,328,97
2023-05-07T08:00,5.6,4.2,250,91
2023-05-07T09:00,7.6,5.5,259,72
2023-05-07T10:00,9.2,6.2,249,58
2023-05-07T11:00,10.3,3.8,253,48
2023-05-07T12:00,11.4,3.6,233,45
2023-05-07T13:00,11.5,6.6,221,45
2023-05-07T14:00,12.0,7.2,207,44
2023-05-07T15:00,12.7,9.7,135,40
2023-05-07T16:00,11.2,14.4,89,46
2023-05-07T17:00,9.6,15.8,43,53
2023-05-07T18:00,8.9,3.6,360,60
2023-05-07T19:00,7.1,9.0,268,76
2023-05-07T20:00,6.5,10.9,304,76
2023-05-07T21:00,6.1,12.1,307,77
2023-05-07T22:00,5.5,6.6,299,82
2023-05-07T23:00,5.4,4.3,360,84
2023-05-08T00:00,4.8,6.9,351,88
2023-05-08T01:00,4.4,7.2,18,91
2023-05-08T02:00,3.9,7.1,45,92
2023-05-08T03:00,4.1,7.6,45,93
2023-05-08T04:00,4.1,7.6,19,92
2023-05-08T05:00,3.9,4.7,23,93
2023-05-08T06:00,3.8,5.4,4,93
2023-05-08T07:00,3.9,5.4,318,86
2023-05-08T08:00,4.6,3.4,252,83
2023-05-08T09:00,5.7,3.9,248,78
2023-05-08T10:00,6.4,3.4,238,74
2023-05-08T11:00,7.7,5.8,158,67
2023-05-08T12:00,7.9,5.8,86,65
2023-05-08T13:00,8.5,6.3,59,64
2023-05-08T14:00,9.2,6.8,65,59
2023-05-08T15:00,9.6,5.8,68,57
2023-05-08T16:00,9.6,6.9,81,57
2023-05-08T17:00,8.9,6.0,107,56
2023-05-08T18:00,7.9,6.9,137,67
2023-05-08T19:00,5.5,17.8,188,79
2023-05-08T20:00,4.7,16.3,202,86
2023-05-08T21:00,3.7,10.8,206,94
2023-05-08T22:00,2.4,5.4,143,98
2023-05-08T23:00,2.5,4.1,38,96
2023-05-09T00:00,2.7,5.6,345,95
2023-05-09T01:00,3.1,8.5,332,92
2023-05-09T02:00,3.4,6.7,324,90
2023-05-09T03:00,3.8,8.0,324,88
2023-05-09T04:00,3.8,11.5,314,89
2023-05-09T05:00,3.4,8.9,291,93
2023-05-09T06:00,2.4,6.6,283,99
2023-05-09T07:00,3.5,7.9,313,91
2023-05-09T08:00,5.4,11.0,302,82
2023-05-09T09:00,7.2,10.9,304,75
2023-05-09T10:00,8.6,6.9,313,65
2023-05-09T11:00,9.7,5.2,326,57
2023-05-09T12:00,10.6,3.7,331,50
2023-05-09T13:00,10.9,6.9,321,51
2023-05-09T14:00,10.5,6.3,336,49
2023-05-09T15:00,10.4,6.6,319,46
2023-05-09T16:00,10.1,4.3,318,46
2023-05-09T17:00,10.2,0.8,297,45
2023-05-09T18:00,9.0,2.4,63,62
2023-05-09T19:00,6.1,5.6,105,67
2023-05-09T20:00,5.6,2.4,207,61
2023-05-09T21:00,3.9,7.9,246,78
2023-05-09T22:00,3.2,8.0,243,83
2023-05-09T23:00,3.4,8.6,237,83
2023-05-10T00:00,2.3,8.1,238,86
2023-05-10T01:00,1.9,7.9,240,86
2023-05-10T02:00,1.4,8.0,234,86
2023-05-10T03:00,1.0,9.4,230,84
2023-05-10T04:00,1.2,9.2,228,80
2023-05-10T05:00,0.3,4.7,238,82
2023-05-10T06:00,-0.6,5.4,4,86
2023-05-10T07:00,1.9,4.3,355,87
2023-05-10T08:00,4.2,3.9,338,80
2023-05-10T09:00,7.1,4.8,333,64
2023-05-10T10:00,8.7,2.2,270,50
2023-05-10T11:00,9.7,2.1,211,45
2023-05-10T12:00,10.4,1.5,194,43
2023-05-10T13:00,11.2,1.4,180,39
2023-05-10T14:00,11.8,1.9,112,37
2023-05-10T15:00,11.9,3.9,112,35
2023-05-10T16:00,11.8,7.7,127,36
2023-05-10T17:00,10.0,13.9,115,48
2023-05-10T18:00,7.6,14.5,109,49
2023-05-10T19:00,6.4,9.4,83,56
2023-05-10T20:00,6.1,12.6,93,55
2023-05-10T21:00,5.7,13.4,84,78
2023-05-10T22:00,4.4,5.2,34,86
2023-05-10T23:00,3.9,5.2,282,86
2023-05-11T00:00,2.3,6.9,231,87
2023-05-11T01:00,1.3,6.1,220,92
2023-05-11T02:00,0.9,4.6,252,95
2023-05-11T03:00,0.8,3.8,311,93
2023-05-11T04:00,0.3,4.3,336,91
2023-05-11T05:00,-0.3,5.4,307,91
2023-05-11T06:00,0.0,6.1,298,88
2023-05-11T07:00,1.9,4.1,308,83
2023-05-11T08:00,4.7,3.2,360,73
2023-05-11T09:00,6.8,3.3,49,72
2023-05-11T10:00,8.5,3.8,49,65
2023-05-11T11:00,9.8,2.5,8,58
2023-05-11T12:00,10.7,4.2,329,54
2023-05-11T13:00,11.6,5.4,278,53
2023-05-11T14:00,11.5,6.1,273,53
2023-05-11T15:00,11.4,7.4,223,53
2023-05-11T16:00,8.5,11.9,177,64
2023-05-11T17:00,9.4,9.4,67,60
2023-05-11T18:00,7.7,11.5,88,72
2023-05-11T19:00,6.6,8.0,82,76
2023-05-11T20:00,7.1,2.9,90,62
2023-05-11T21:00,5.0,8.7,228,80
2023-05-11T22:00,4.0,16.2,180,89
2023-05-11T23:00,4.1,13.2,158,84
2023-05-12T00:00,3.0,11.2,165,90
2023-05-12T01:00,2.3,8.2,195,92
2023-05-12T02:00,1.7,4.7,270,93
2023-05-12T03:00,1.4,5.1,315,93
2023-05-12T04:00,1.0,7.2,360,95
2023-05-12T05:00,0.9,5.7,325,96
2023-05-12T06:00,0.6,4.4,305,96
2023-05-12T07:00,3.1,1.8,270,95
2023-05-12T08:00,5.9,4.0,260,81
2023-05-12T09:00,7.6,1.5,256,74
2023-05-12T10:00,9.2,0.0,270,68
2023-05-12T11:00,10.5,1.3,304,63
2023-05-12T12:00,11.6,4.2,59,59
2023-05-12T13:00,10.9,10.3,36,56
2023-05-12T14:00,11.1,10.8,53,55
2023-05-12T15:00,9.2,18.8,58,66
2023-05-12T16:00,8.8,6.5,56,68
2023-05-12T17:00,6.6,1.1,252,78
2023-05-12T18:00,6.1,4.4,305,83
2023-05-12T19:00,4.3,4.6,288,92
2023-05-12T20:00,4.2,6.6,221,93
2023-05-12T21:00,3.6,6.2,216,96
2023-05-12T22:00,3.7,6.3,257,95
2023-05-12T23:00,2.7,6.0,253,97
2023-05-13T00:00,2.4,6.5,236,97
2023-05-13T01:00,2.4,5.5,238,97
2023-05-13T02:00,1.7,5.2,254,99
2023-05-13T03:00,1.4,4.7,270,99
2023-05-13T04:00,1.2,3.6,276,99
2023-05-13T05:00,2.1,4.0,265,98
2023-05-13T06:00,2.8,3.2,243,96
2023-05-13T07:00,1.3,6.6,283,99
2023-05-13T08:00,3.2,4.9,306,97
2023-05-13T09:00,5.8,4.2,301,83
2023-05-13T10:00,7.8,3.9,338,72
2023-05-13T11:00,8.7,1.8,360,64
2023-05-13T12:00,9.9,2.2,360,60
2023-05-13T13:00,11.1,2.9,300,59
2023-05-13T14:00,11.8,6.0,335,56
2023-05-13T15:00,12.2,8.3,360,52
2023-05-13T16:00,10.5,7.3,349,56
2023-05-13T17:00,8.7,8.4,277,69
2023-05-13T18:00,5.3,7.3,11,90
2023-05-13T19:00,3.6,10.2,190,97
2023-05-13T20:00,3.3,6.3,193,98
2023-05-13T21:00,3.2,5.8,180,98
2023-05-13T22:00,3.2,7.2,217,97
2023-05-13T23:00,3.6,7.2,267,95
2023-05-14T00:00,1.1,6.4,297,98
2023-05-14T01:00,0.4,9.2,312,99
2023-05-14T02:00,-0.4,7.6,329,100
2023-05-14T03:00,-0.8,7.7,332,99
2023-05-14T04:00,-0.1,7.4,317,97
2023-05-14T05:00,0.4,8.7,322,97
2023-05-14T06:00,1.2,9.0,331,95
2023-05-14T07:00,1.0,7.6,329,96
2023-05-14T08:00,3.3,8.3,342,93
2023-05-14T09:00,5.7,6.6,347,87
2023-05-14T10:00,8.4,4.9,343,73
2023-05-14T11:00,9.7,4.3,336,65
2023-05-14T12:00,10.7,4.3,336,56
2023-05-14T13:00,11.4,4.5,346,51
2023-05-14T14:00,12.1,3.2,360,49
2023-05-14T15:00,12.7,1.1,360,46
2023-05-14T16:00,12.9,1.8,101,44
2023-05-14T17:00,11.3,5.6,130,63
2023-05-14T18:00,8.9,8.9,122,68
2023-05-14T19:00,7.6,9.1,124,73
2023-05-14T20:00,6.6,5.9,166,75
2023-05-14T21:00,7.4,2.7,203,65
2023-05-14T22:00,4.5,6.2,263,84
2023-05-14T23:00,3.6,9.1,252,87
2023-05-15T00:00,2.7,7.9,227,89
2023-05-15T01:00,2.6,7.2,233,88
2023-05-15T02:00,2.9,8.4,250,85
2023-05-15T03:00,2.8,7.3,250,85
2023-05-15T04:00,2.4,4.5,256,84
2023-05-15T05:00,2.8,1.0,315,78
2023-05-15T06:00,0.9,3.8,17,89
2023-05-15T07:00,3.2,3.6,354,83
2023-05-15T08:00,6.1,2.0,315,76
2023-05-15T09:00,8.4,2.4,297,67
2023-05-15T10:00,10.1,2.7,293,63
2023-05-15T11:00,11.4,5.5,302,56
2023-05-15T12:00,12.5,7.6,295,47
2023-05-15T13:00,13.0,8.6,285,42
2023-05-15T14:00,13.1,5.6,285,40
2023-05-15T15:00,13.4,1.1,90,38
2023-05-15T16:00,13.9,6.8,25,35
2023-05-15T17:00,11.5,9.1,353,58
2023-05-15T18:00,8.4,7.7,332,71
2023-05-15T19:00,9.5,4.0,275,48
2023-05-15T20:00,6.4,14.4,212,60
2023-05-15T21:00,5.2,15.2,211,61
2023-05-15T22:00,3.7,12.2,204,68
2023-05-15T23:00,2.9,11.4,208,69
2023-05-16T00:00,1.9,12.0,187,71
2023-05-16T01:00,0.9,11.3,173,75
2023-05-16T02:00,-0.6,6.8,177,80
2023-05-16T03:00,-1.3,7.0,235,81
2023-05-16T04:00,-1.8,8.4,277,81
2023-05-16T05:00,-2.3,8.0,280,79
2023-05-16T06:00,-2.8,5.4,274,76
2023-05-16T07:00,-0.1,2.4,333,70
2023-05-16T08:00,3.6,2.4,297,62
2023-05-16T09:00,6.9,4.1,308,52
2023-05-16T10:00,9.5,5.5,302,39
2023-05-16T11:00,11.0,4.3,294,32
2023-05-16T12:00,11.9,3.8,287,30
2023-05-16T13:00,12.7,2.7,293,27
2023-05-16T14:00,13.4,1.4,270,25
2023-05-16T15:00,13.6,5.4,233,28
2023-05-16T16:00,13.6,3.4,302,28
2023-05-16T17:00,11.6,7.6,93,50
2023-05-16T18:00,8.5,14.8,84,55
2023-05-16T19:00,6.9,6.9,84,60
2023-05-16T20:00,5.6,9.2,244,66
2023-05-16T21:00,3.8,7.9,246,76
2023-05-16T22:00,3.2,7.1,229,76
2023-05-16T23:00,2.7,9.0,241,70
2023-05-17T00:00,1.6,6.9,231,66
2023-05-17T01:00,0.7,7.4,227,67
2023-05-17T02:00,0.2,9.0,233,67
2023-05-17T03:00,-0.5,9.0,241,71
2023-05-17T04:00,-1.4,6.9,276,75
2023-05-17T05:00,-1.9,6.9,298,76
2023-05-17T06:00,-2.7,7.0,325,79
2023-05-17T07:00,0.2,4.0,350,72
2023-05-17T08:00,4.4,3.2,360,64
2023-05-17T09:00,7.9,5.4,352,51
2023-05-17T10:00,10.6,6.5,341,39
2023-05-17T11:00,12.1,5.1,321,32
2023-05-17T12:00,13.1,5.1,274,27
2023-05-17T13:00,13.6,5.2,258,26
2023-05-17T14:00,13.9,2.7,293,26
2023-05-17T15:00,14.5,4.7,328,23
2023-05-17T16:00,14.5,7.5,287,24
2023-05-17T17:00,11.5,7.1,285,55
2023-05-17T18:00,10.9,3.3,49,37
2023-05-17T19:00,8.3,5.2,124,50
2023-05-17T20:00,5.7,9.4,266,65
2023-05-17T21:00,4.2,9.7,228,70
2023-05-17T22:00,3.5,8.4,223,67
2023-05-17T23:00,3.1,9.4,238,60
2023-05-18T00:00,2.2,8.9,230,61
2023-05-18T01:00,1.1,8.5,216,65
2023-05-18T02:00,0.1,7.9,210,70
2023-05-18T03:00,-0.7,6.8,252,73
2023-05-18T04:00,-0.4,5.4,290,69
2023-05-18T05:00,-0.8,6.2,353,69
2023-05-18T06:00,-1.8,7.2,18,74
2023-05-18T07:00,1.5,6.4,16,67
2023-05-18T08:00,5.6,3.6,323,61
2023-05-18T09:00,8.5,5.2,295,51
2023-05-18T10:00,10.5,3.6,276,42
2023-05-18T11:00,12.1,1.8,270,36
2023-05-18T12:00,13.0,1.9,292,35
2023-05-18T13:00,13.6,2.2,261,33
2023-05-18T14:00,14.2,2.9,240,30
2023-05-18T15:00,14.7,1.1,198,28
2023-05-18T16:00,14.8,0.7,270,26
2023-05-18T17:00,12.5,4.4,99,58
2023-05-18T18:00,9.8,15.9,108,51
2023-05-18T19:00,8.8,14.7,101,61
2023-05-18T20:00,8.0,14.9,83,68
2023-05-18T21:00,6.1,6.6,68,83
2023-05-18T22:00,5.0,8.4,263,85
2023-05-18T23:00,3.9,8.3,236,83
2023-05-19T00:00,4.3,4.3,228,78
2023-05-19T01:00,2.7,7.2,267,85
2023-05-19T02:00,2.8,6.3,301,81
2023-05-19T03:00,3.5,5.1,315,76
2023-05-19T04:00,2.4,4.7,337,82
2023-05-19T05:00,2.1,3.6,307,84
2023-05-19T06:00,1.9,3.3,221,84
2023-05-19T07:00,1.9,1.8,281,86
2023-05-19T08:00,6.1,2.9,240,72
2023-05-19T09:00,9.0,3.6,233,58
2023-05-19T10:00,11.1,4.2,239,48
2023-05-19T11:00,12.4,3.8,319,45
2023-05-19T12:00,13.5,7.2,333,41
2023-05-19T13:00,14.8,10.0,330,36
2023-05-19T14:00,15.3,12.2,294,35
2023-05-19T15:00,15.0,11.9,265,37
2023-05-19T16:00,14.8,8.1,249,36
2023-05-19T17:00,14.0,1.8,233,38
2023-05-19T18:00,10.9,11.3,83,55
2023-05-19T19:00,9.0,6.9,84,69
2023-05-19T20:00,8.0,10.8,206,71
2023-05-19T21:00,7.4,19.8,233,60
2023-05-19T22:00,6.9,20.3,237,51
2023-05-19T23:00,5.8,15.3,231,56
2023-05-20T00:00,5.3,16.6,228,55
2023-05-20T01:00,4.5,15.0,224,59
2023-05-20T02:00,3.5,11.6,240,64
2023-05-20T03:00,2.3,8.7,232,71
2023-05-20T04:00,1.1,6.3,239,77
2023-05-20T05:00,1.2,4.5,256,72
2023-05-20T06:00,0.9,4.0,260,73
2023-05-20T07:00,2.2,4.1,285,72
2023-05-20T08:00,6.0,3.7,299,62
2023-05-20T09:00,9.3,5.0,300,48
2023-05-20T10:00,11.3,7.9,254,40
2023-05-20T11:00,12.5,7.7,242,37
2023-05-20T12:00,13.3,7.2,252,38
2023-05-20T13:00,14.2,10.6,235,36
2023-05-20T14:00,14.5,8.9,243,33
2023-05-20T15:00,15.7,10.3,258,29
2023-05-20T16:00,14.9,20.8,247,31
2023-05-20T17:00,13.5,11.2,276,38
2023-05-20T18:00,12.8,10.6,252,45
2023-05-20T19:00,10.7,22.3,219,36
2023-05-20T20:00,9.5,21.5,218,39
2023-05-20T21:00,7.1,15.0,228,47
2023-05-20T22:00,5.7,14.6,232,50
2023-05-20T23:00,4.9,16.3,225,51
2023-05-21T00:00,3.8,13.5,214,55
2023-05-21T01:00,3.1,14.0,206,57
2023-05-21T02:00,2.6,13.3,213,57
2023-05-21T03:00,2.2,12.2,214,57
2023-05-21T04:00,1.2,8.8,215,64
2023-05-21T05:00,3.1,4.1,232,48
2023-05-21T06:00,2.0,2.6,286,52
2023-05-21T07:00,2.1,2.9,277,56
2023-05-21T08:00,5.1,2.9,270,52
2023-05-21T09:00,7.6,2.6,286,46
2023-05-21T10:00,9.6,3.8,311,40
2023-05-21T11:00,11.2,5.0,300,35
2023-05-21T12:00,12.3,6.2,291,34
2023-05-21T13:00,13.7,0.8,333,29
2023-05-21T14:00,16.2,9.2,225,14
2023-05-21T15:00,15.8,32.3,237,14
2023-05-21T16:00,15.3,25.1,238,13
2023-05-21T17:00,12.9,23.0,229,17
2023-05-21T18:00,9.7,20.2,215,24
2023-05-21T19:00,8.0,16.8,203,32
2023-05-21T20:00,6.6,18.7,205,33
2023-05-21T21:00,5.3,18.0,213,35
2023-05-21T22:00,4.2,16.9,218,37
2023-05-21T23:00,3.3,15.6,214,40
2023-05-22T00:00,2.0,12.4,197,46
2023-05-22T01:00,0.3,9.3,193,55
2023-05-22T02:00,-0.6,9.5,191,56
2023-05-22T03:00,-1.7,8.0,207,60
2023-05-22T04:00,0.2,3.4,252,46
2023-05-22T05:00,-1.1,2.2,279,51
2023-05-22T06:00,-2.1,3.6,174,55
2023-05-22T07:00,-1.7,5.6,195,60
2023-05-22T08:00,2.2,7.4,227,47
2023-05-22T09:00,5.6,8.6,237,37
2023-05-22T10:00,8.1,8.5,234,30
2023-05-22T11:00,9.8,6.6,221,27
2023-05-22T12:00,11.1,5.6,230,26
2023-05-22T13:00,12.2,4.7,266,23
2023-05-22T14:00,13.4,6.2,291,20
2023-05-22T15:00,13.6,5.7,252,20
2023-05-22T16:00,13.3,4.2,211,20
2023-05-22T17:00,12.2,1.3,214,26
2023-05-22T18:00,9.3,10.0,77,40
2023-05-22T19:00,7.7,12.3,105,43
2023-05-22T20:00,6.5,9.9,123,46
2023-05-22T21:00,6.1,5.7,215,47
2023-05-22T22:00,3.7,10.4,270,61
2023-05-22T23:00,4.3,4.6,288,53
2023-05-23T00:00,3.7,6.0,303,56
2023-05-23T01:00,4.6,4.7,270,50
2023-05-23T02:00,1.8,5.2,196,63
2023-05-23T03:00,-0.4,7.1,225,74
2023-05-23T04:00,-0.4,9.1,252,71
2023-05-23T05:00,-0.1,4.9,287,65
2023-05-23T06:00,-2.2,7.8,13,77
2023-05-23T07:00,0.8,4.8,297,65
2023-05-23T08:00,4.8,4.0,270,57
2023-05-23T09:00,8.2,4.2,290,41
2023-05-23T10:00,10.1,3.4,328,34
2023-05-23T11:00,11.5,3.4,342,31
2023-05-23T12:00,12.8,4.0,333,27
2023-05-23T13:00,13.7,4.9,306,23
2023-05-23T14:00,14.0,4.8,228,24
2023-05-23T15:00,14.1,8.7,197,25
2023-05-23T16:00,14.2,4.3,265,24
2023-05-23T17:00,13.5,8.3,236,33
2023-05-23T18:00,10.4,12.1,157,39
2023-05-23T19:00,8.7,10.4,146,46
2023-05-23T20:00,7.4,11.9,194,52
2023-05-23T21:00,6.4,13.8,213,54
2023-05-23T22:00,5.8,14.0,228,36
2023-05-23T23:00,4.8,14.1,230,38
2023-05-24T00:00,3.7,14.1,230,42
2023-05-24T01:00,2.7,12.6,233,45
2023-05-24T02:00,1.8,11.5,250,50
2023-05-24T03:00,0.7,11.0,251,55
2023-05-24T04:00,-1.0,7.1,246,64
2023-05-24T05:00,-0.6,5.5,337,56
2023-05-24T06:00,-2.8,8.9,21,67
2023-05-24T07:00,0.3,6.6,22,54
2023-05-24T08:00,4.6,4.3,318,48
2023-05-24T09:00,7.4,6.9,309,46
2023-05-24T10:00,10.0,6.8,302,33
2023-05-24T11:00,11.8,4.5,284,23
2023-05-24T12:00,12.9,5.0,249,18
2023-05-24T13:00,14.0,8.2,241,16
2023-05-24T14:00,14.2,11.3,243,17
2023-05-24T15:00,14.1,7.9,246,19
2023-05-24T16:00,14.2,1.8,323,18
2023-05-24T17:00,12.8,13.8,99,24
2023-05-24T18:00,10.5,18.8,83,33
2023-05-24T19:00,8.8,6.7,106,53
2023-05-24T20:00,7.6,17.1,222,41
2023-05-24T21:00,6.9,18.3,212,26
2023-05-24T22:00,5.3,11.1,209,31
2023-05-24T23:00,3.5,9.5,171,41
2023-05-25T00:00,2.1,7.2,174,50
2023-05-25T01:00,1.5,7.2,174,51
2023-05-25T02:00,0.4,8.0,175,57
2023-05-25T03:00,2.2,3.1,201,41
2023-05-25T04:00,1.3,2.9,270,44
2023-05-25T05:00,0.6,4.0,243,46
2023-05-25T06:00,-0.7,5.4,266,54
2023-05-25T07:00,1.2,6.0,287,47
2023-05-25T08:00,4.6,5.4,266,38
2023-05-25T09:00,7.9,6.9,264,30
2023-05-25T10:00,10.2,5.1,262,23
2023-05-25T11:00,11.5,2.2,261,24
2023-05-25T12:00,12.8,3.6,270,26
2023-05-25T13:00,14.7,10.0,296,25
2023-05-25T14:00,15.4,16.3,295,25
2023-05-25T15:00,15.2,14.1,289,25
2023-05-25T16:00,15.4,10.8,307,23
2023-05-25T17:00,14.0,4.4,171,27
2023-05-25T18:00,10.9,12.6,92,42
2023-05-25T19:00,11.1,13.1,98,46
2023-05-25T20:00,9.6,15.1,90,54
2023-05-25T21:00,9.0,7.6,115,65
2023-05-25T22:00,8.2,13.0,228,64
2023-05-25T23:00,7.2,17.3,227,39
2023-05-26T00:00,5.6,15.0,235,44
2023-05-26T01:00,4.9,11.8,220,47
2023-05-26T02:00,4.1,10.2,219,53
2023-05-26T03:00,3.0,4.7,189,63
2023-05-26T04:00,2.5,4.0,190,63
2023-05-26T05:00,2.3,3.4,252,63
2023-05-26T06:00,0.6,7.7,242,76
2023-05-26T07:00,3.1,7.4,231,65
2023-05-26T08:00,6.9,7.6,245,46
2023-05-26T09:00,9.4,4.6,231,45
2023-05-26T10:00,10.9,1.0,315,48
2023-05-26T11:00,12.4,1.5,315,41
2023-05-26T12:00,13.7,1.6,333,37
2023-05-26T13:00,14.8,2.1,301,35
2023-05-26T14:00,15.7,2.5,262,33
2023-05-26T15:00,15.7,2.1,31,32
2023-05-26T16:00,13.9,15.3,66,43
2023-05-26T17:00,12.2,18.7,91,49
2023-05-26T18:00,11.4,14.4,90,52
2023-05-26T19:00,10.7,6.4,344,56
2023-05-26T20:00,9.4,5.4,250,69
2023-05-26T21:00,8.5,10.8,210,68
2023-05-26T22:00,6.8,8.6,213,75
2023-05-26T23:00,5.5,4.7,212,85
2023-05-27T00:00,5.8,1.6,117,79
2023-05-27T01:00,4.4,6.8,25,87
2023-05-27T02:00,3.2,5.8,7,91
2023-05-27T03:00,3.1,4.7,9,91
2023-05-27T04:00,4.2,3.2,297,86
2023-05-27T05:00,2.8,5.7,235,92
2023-05-27T06:00,2.6,5.4,228,89
2023-05-27T07:00,4.7,3.3,276,78
2023-05-27T08:00,7.7,2.5,278,62
2023-05-27T09:00,10.0,2.2,261,52
2023-05-27T10:00,11.6,3.0,284,47
2023-05-27T11:00,13.1,5.9,322,44
2023-05-27T12:00,14.8,9.5,335,39
2023-05-27T13:00,16.1,13.4,329,35
2023-05-27T14:00,16.9,16.1,321,32
2023-05-27T15:00,16.9,18.6,314,30
2023-05-27T16:00,15.9,17.3,315,30
2023-05-27T17:00,14.6,6.6,279,34
2023-05-27T18:00,12.2,14.1,161,46
2023-05-27T19:00,10.7,8.4,155,59
2023-05-27T20:00,9.0,9.6,236,69
2023-05-27T21:00,9.6,10.0,249,61
2023-05-27T22:00,8.4,14.6,232,46
2023-05-27T23:00,7.7,15.9,213,45
2023-05-28T00:00,6.3,12.5,224,49
2023-05-28T01:00,6.8,10.5,221,48
2023-05-28T02:00,6.9,11.8,220,48
2023-05-28T03:00,6.6,11.4,204,50
2023-05-28T04:00,5.7,11.0,203,53
2023-05-28T05:00,4.7,9.8,197,58
2023-05-28T06:00,3.5,6.6,167,69
2023-05-28T07:00,6.4,5.7,198,56
2023-05-28T08:00,8.2,6.0,213,49
2023-05-28T09:00,9.2,1.8,217,52
2023-05-28T10:00,10.9,0.5,45,53
2023-05-28T11:00,12.3,3.2,297,47
2023-05-28T12:00,14.1,7.1,300,41
2023-05-28T13:00,15.1,11.3,301,35
2023-05-28T14:00,15.4,8.2,299,33
2023-05-28T15:00,16.0,3.8,221,29
2023-05-28T16:00,14.9,9.1,162,32
2023-05-28T17:00,11.3,13.4,63,51
2023-05-28T18:00,9.7,21.3,56,67
2023-05-28T19:00,10.7,16.4,52,59
2023-05-28T20:00,9.2,13.4,8,68
2023-05-28T21:00,8.5,7.0,305,73
2023-05-28T22:00,7.6,3.8,311,83
2023-05-28T23:00,6.5,4.2,160,88
2023-05-29T00:00,5.1,6.6,158,96
2023-05-29T01:00,4.3,1.5,166,100
2023-05-29T02:00,3.3,3.3,6,100
2023-05-29T03:00,2.6,3.7,331,100
2023-05-29T04:00,3.2,1.6,333,99
2023-05-29T05:00,1.8,4.1,15,100
2023-05-29T06:00,0.7,5.4,360,100
2023-05-29T07:00,1.6,2.5,352,97
2023-05-29T08:00,3.9,2.3,321,93
2023-05-29T09:00,7.4,4.1,285,66
2023-05-29T10:00,11.0,10.1,235,37
2023-05-29T11:00,13.1,16.8,228,31
2023-05-29T12:00,14.4,18.6,227,27
2023-05-29T13:00,15.4,19.6,229,21
2023-05-29T14:00,15.6,23.2,229,20
2023-05-29T15:00,15.8,21.4,226,18
2023-05-29T16:00,15.4,24.2,213,14
2023-05-29T17:00,13.1,24.0,204,16
2023-05-29T18:00,10.4,24.3,192,18
2023-05-29T19:00,8.5,20.1,189,19
2023-05-29T20:00,6.5,18.7,196,23
2023-05-29T21:00,5.2,17.1,205,26
2023-05-29T22:00,4.3,14.5,215,29
2023-05-29T23:00,3.1,11.7,227,34
2023-05-30T00:00,1.3,7.7,233,47
2023-05-30T01:00,2.4,5.7,235,40
2023-05-30T02:00,0.2,9.0,233,49
2023-05-30T03:00,-1.3,8.0,243,56
2023-05-30T04:00,0.1,2.7,293,47
2023-05-30T05:00,-1.0,1.3,326,50
2023-05-30T06:00,-2.7,5.4,266,57
2023-05-30T07:00,-1.4,4.0,297,51
2023-05-30T08:00,2.1,2.2,351,42
2023-05-30T09:00,5.7,3.9,338,30
2023-05-30T10:00,8.5,5.9,322,22
2023-05-30T11:00,10.3,5.5,293,19
2023-05-30T12:00,11.7,4.3,270,17
2023-05-30T13:00,12.6,3.1,234,15
2023-05-30T14:00,13.3,3.1,201,13
2023-05-30T15:00,13.5,2.7,157,13
2023-05-30T16:00,13.2,3.7,119,13
2023-05-30T17:00,11.9,5.5,113,17
2023-05-30T18:00,8.9,8.4,83,32
2023-05-30T19:00,6.8,9.8,84,29
2023-05-30T20:00,5.3,9.7,68,31
2023-05-30T21:00,6.2,4.6,51,28
2023-05-30T22:00,6.0,3.6,276,28
2023-05-30T23:00,1.9,7.0,305,48
2023-05-31T00:00,1.3,6.8,328,50
2023-05-31T01:00,0.2,7.7,332,54
2023-05-31T02:00,-0.8,8.7,336,55
2023-05-31T03:00,-1.2,7.0,339,54
2023-05-31T04:00,-1.4,5.7,325,51
2023-05-31T05:00,-1.6,5.2,304,50
2023-05-31T06:00,-2.2,4.8,318,49
2023-05-31T07:00,-1.6,4.1,345,45
2023-05-31T08:00,3.4,4.0,350,37
2023-05-31T09:00,7.1,4.9,343,23
2023-05-31T10:00,9.5,4.3,318,18
2023-05-31T11:00,11.5,3.6,315,16
2023-05-31T12:00,12.8,1.0,315,14
2023-05-31T13:00,13.8,2.1,121,13
2023-05-31T14:00,14.7,5.6,130,12
2023-05-31T15:00,15.2,10.2,122,12
2023-05-31T16:00,14.7,13.7,117,12
2023-05-31T17:00,12.7,12.0,123,15
2023-05-31T18:00,9.8,11.5,122,22
2023-05-31T19:00,8.2,12.1,113,31
2023-05-31T20:00,6.7,8.2,119,42
2023-05-31T21:00,6.3,5.0,210,45
2023-05-31T22:00,4.4,10.4,256,44
2023-05-31T23:00,2.6,6.3,257,50
2023-06-01T00:00,4.5,4.0,260,29
2023-06-01T01:00,2.6,5.5,281,39
2023-06-01T02:00,2.1,5.5,281,38
2023-06-01T03:00,3.1,4.3,275,29
2023-06-01T04:00,1.9,4.6,321,34
2023-06-01T05:00,-0.8,5.9,346,48
2023-06-01T06:00,-2.7,6.9,354,58
2023-06-01T07:00,0.4,5.8,7,46
2023-06-01T08:00,4.7,4.0,360,39
2023-06-01T09:00,8.5,4.9,324,32
2023-06-01T10:00,10.5,3.5,294,32
2023-06-01T11:00,12.1,0.0,270,22
2023-06-01T12:00,13.4,2.3,129,17
2023-06-01T13:00,14.6,5.5,122,14
2023-06-01T14:00,15.3,8.0,108,11
2023-06-01T15:00,15.5,10.9,99,8
2023-06-01T16:00,14.8,15.6,97,9
2023-06-01T17:00,12.6,14.6,99,15
2023-06-01T18:00,9.9,10.6,100,25
2023-06-01T19:00,8.4,10.9,98,41
2023-06-01T20:00,7.6,11.9,87,50
2023-06-01T21:00,5.7,7.7,79,64
2023-06-01T22:00,6.7,3.9,292,52
2023-06-01T23:00,2.4,7.8,257,65
2023-06-02T00:00,3.9,3.7,259,42
2023-06-02T01:00,3.1,4.6,288,42
2023-06-02T02:00,2.6,2.5,225,40
2023-06-02T03:00,0.2,6.6,261,53
2023-06-02T04:00,1.7,4.8,283,44
2023-06-02T05:00,0.7,4.3,312,48
2023-06-02T06:00,-2.3,6.6,347,64
2023-06-02T07:00,-0.1,5.8,353,55
2023-06-02T08:00,4.9,4.3,360,43
2023-06-02T09:00,8.5,4.9,343,33
2023-06-02T10:00,10.7,4.2,329,28
2023-06-02T11:00,12.5,3.8,311,21
2023-06-02T12:00,13.7,2.6,286,16
2023-06-02T13:00,14.4,3.8,221,13
2023-06-02T14:00,14.8,6.0,213,12
2023-06-02T15:00,14.9,7.6,205,12
2023-06-02T16:00,14.5,6.5,183,12
2023-06-02T17:00,13.5,7.4,113,17
2023-06-02T18:00,10.7,13.8,84,25
2023-06-02T19:00,9.2,14.5,76,20
2023-06-02T20:00,7.6,11.9,65,27
2023-06-02T21:00,8.2,0.4,180,29
2023-06-02T22:00,4.4,9.8,246,42
2023-06-02T23:00,4.2,5.5,259,43
2023-06-03T00:00,2.4,7.7,242,51
2023-06-03T01:00,1.8,10.7,237,48
2023-06-03T02:00,0.1,8.1,249,56
2023-06-03T03:00,1.5,3.2,117,45
2023-06-03T04:00,1.1,1.8,259,47
2023-06-03T05:00,-2.0,6.3,283,63
2023-06-03T06:00,-2.1,5.9,308,59
2023-06-03T07:00,0.3,5.9,317,47
2023-06-03T08:00,4.1,3.1,306,39
2023-06-03T09:00,7.9,3.1,315,27
2023-06-03T10:00,10.5,2.2,261,21
2023-06-03T11:00,12.2,5.0,180,18
2023-06-03T12:00,13.6,7.1,165,15
2023-06-03T13:00,14.5,7.4,151,12
2023-06-03T14:00,15.0,8.9,130,12
2023-06-03T15:00,15.0,13.2,107,12
2023-06-03T16:00,14.0,17.2,101,11
2023-06-03T17:00,12.1,15.3,99,10
2023-06-03T18:00,9.7,13.3,90,14
2023-06-03T19:00,8.7,14.8,89,20
2023-06-03T20:00,7.7,14.7,79,25
2023-06-03T21:00,5.6,7.9,87,49
2023-06-03T22:00,4.4,9.4,268,47
2023-06-03T23:00,2.8,7.3,290,46
2023-06-04T00:00,3.5,6.5,289,40
2023-06-04T01:00,4.1,5.1,274,34
2023-06-04T02:00,4.2,4.3,246,31
2023-06-04T03:00,-0.4,7.7,221,56
2023-06-04T04:00,1.1,1.8,259,44
2023-06-04T05:00,-0.1,5.0,330,49
2023-06-04T06:00,-1.3,7.1,330,54
2023-06-04T07:00,1.1,5.6,315,46
2023-06-04T08:00,4.9,2.6,304,41
2023-06-04T09:00,8.2,3.1,306,30
2023-06-04T10:00,10.6,1.3,304,27
2023-06-04T11:00,12.1,1.1,270,25
2023-06-04T12:00,13.2,2.5,225,20
2023-06-04T13:00,14.0,5.0,210,15
2023-06-04T14:00,14.5,8.3,214,14
2023-06-04T15:00,14.7,8.9,220,13
2023-06-04T16:00,14.3,2.9,173,14
2023-06-04T17:00,12.5,15.7,81,21
2023-06-04T18:00,9.8,18.3,80,31
2023-06-04T19:00,9.2,18.9,77,30
2023-06-04T20:00,8.3,12.4,73,37
2023-06-04T21:00,6.1,6.5,214,53
2023-06-04T22:00,5.1,12.3,220,46
2023-06-04T23:00,3.8,8.4,190,54
2023-06-05T00:00,2.7,6.4,227,60
2023-06-05T01:00,3.2,4.0,185,50
2023-06-05T02:00,0.9,9.7,184,56
2023-06-05T03:00,0.3,11.7,198,58
2023-06-05T04:00,0.1,4.0,270,59
2023-06-05T05:00,-1.6,7.6,315,65
2023-06-05T06:00,-1.9,8.0,306,65
2023-06-05T07:00,0.9,4.7,293,48
2023-06-05T08:00,4.6,1.6,243,42
2023-06-05T09:00,7.5,0.0,270,44
2023-06-05T10:00,9.6,2.8,310,36
2023-06-05T11:00,11.3,2.4,297,29
2023-06-05T12:00,12.5,1.5,284,23
2023-06-05T13:00,13.2,3.2,270,21
2023-06-05T14:00,13.9,6.5,251,17
2023-06-05T15:00,14.2,10.8,240,15
2023-06-05T16:00,13.9,12.0,231,15
2023-06-05T17:00,12.8,9.5,169,17
2023-06-05T18:00,9.7,16.2,94,30
2023-06-05T19:00,8.8,15.0,79,35
2023-06-05T20:00,7.6,9.3,77,45
2023-06-05T21:00,6.1,8.3,275,54
2023-06-05T22:00,5.2,9.2,249,47
2023-06-05T23:00,4.3,8.6,195,53
2023-06-06T00:00,3.1,6.4,223,62
2023-06-06T01:00,2.1,5.8,210,65
2023-06-06T02:00,1.4,7.6,225,61
2023-06-06T03:00,0.9,8.9,243,57
2023-06-06T04:00,0.2,6.3,246,59
2023-06-06T05:00,1.5,4.0,270,49
2023-06-06T06:00,-1.2,5.5,337,64
2023-06-06T07:00,0.4,4.5,346,64
2023-06-06T08:00,4.5,1.8,360,51
2023-06-06T09:00,7.7,3.3,347,38
2023-06-06T10:00,10.0,1.6,333,28
2023-06-06T11:00,11.5,1.0,225,24
2023-06-06T12:00,12.6,2.7,203,21
2023-06-06T13:00,13.5,6.6,221,17
2023-06-06T14:00,13.7,10.7,225,16
2023-06-06T15:00,13.8,12.2,236,17
2023-06-06T16:00,13.7,12.7,241,17
2023-06-06T17:00,13.8,0.4,90,16
2023-06-06T18:00,10.3,18.7,92,32
2023-06-06T19:00,8.4,7.9,90,42
2023-06-06T20:00,7.1,8.3,180,48
2023-06-06T21:00,6.2,11.6,234,49
2023-06-06T22:00,5.5,11.3,233,42
2023-06-06T23:00,4.5,11.7,227,32
2023-06-07T00:00,3.7,12.3,218,31
2023-06-07T01:00,3.1,12.7,223,33
2023-06-07T02:00,2.3,11.2,222,37
2023-06-07T03:00,1.2,10.0,218,44
2023-06-07T04:00,-0.2,8.7,240,52
2023-06-07T05:00,-0.7,5.9,281,53
2023-06-07T06:00,0.4,2.4,333,43
2023-06-07T07:00,0.2,3.2,297,47
2023-06-07T08:00,3.6,4.7,270,42
2023-06-07T09:00,7.2,5.4,278,33
2023-06-07T10:00,9.7,4.8,257,24
2023-06-07T11:00,11.2,2.8,220,23
2023-06-07T12:00,12.3,3.3,186,22
2023-06-07T13:00,13.3,5.1,188,18
2023-06-07T14:00,14.0,5.9,191,16
2023-06-07T15:00,14.2,5.9,142,15
2023-06-07T16:00,13.5,11.6,106,20
2023-06-07T17:00,11.7,18.5,97,22
2023-06-07T18:00,9.6,14.1,94,26
2023-06-07T19:00,8.6,14.2,74,33
2023-06-07T20:00,7.3,13.0,71,38
2023-06-07T21:00,5.8,10.5,68,46
2023-06-07T22:00,6.9,3.2,360,37
2023-06-07T23:00,2.7,6.8,273,58
2023-06-08T00:00,2.1,6.5,264,57
2023-06-08T01:00,1.1,8.2,255,60
2023-06-08T02:00,0.3,9.0,241,59
2023-06-08T03:00,-0.8,7.1,240,60
2023-06-08T04:00,0.9,2.5,270,46
2023-06-08T05:00,-1.1,5.9,346,59
2023-06-08T06:00,-2.4,5.8,330,68
2023-06-08T07:00,-1.3,2.4,333,63
2023-06-08T08:00,3.9,1.8,360,46
2023-06-08T09:00,7.6,5.2,344,33
2023-06-08T10:00,10.0,3.9,326,26
2023-06-08T11:00,11.4,2.5,262,22
2023-06-08T12:00,12.5,3.1,216,18
2023-06-08T13:00,13.5,4.5,194,15
2023-06-08T14:00,14.3,5.5,169,13
2023-06-08T15:00,14.7,8.4,140,13
2023-06-08T16:00,14.0,15.0,117,15
2023-06-08T17:00,11.9,17.1,97,15
2023-06-08T18:00,9.2,12.5,72,24
2023-06-08T19:00,7.6,13.5,65,30
2023-06-08T20:00,6.8,13.0,56,33
2023-06-08T21:00,7.7,2.9,30,31
2023-06-08T22:00,4.1,12.3,230,44
2023-06-08T23:00,4.9,4.7,238,37
2023-06-09T00:00,2.0,8.8,289,53
2023-06-09T01:00,1.4,7.2,276,53
2023-06-09T02:00,0.9,6.2,249,51
2023-06-09T03:00,2.0,4.0,260,41
2023-06-09T04:00,1.1,4.1,308,44
2023-06-09T05:00,-1.8,6.5,341,58
2023-06-09T06:00,-2.3,6.4,333,58
2023-06-09T07:00,-0.3,4.9,306,49
2023-06-09T08:00,3.5,2.9,277,43
2023-06-09T09:00,7.1,3.0,284,30
2023-06-09T10:00,9.9,3.2,270,24
2023-06-09T11:00,11.7,4.1,218,21
2023-06-09T12:00,13.1,5.9,194,17
2023-06-09T13:00,14.2,6.5,186,15
2023-06-09T14:00,15.0,6.5,177,13
2023-06-09T15:00,15.3,8.1,148,11
2023-06-09T16:00,14.6,12.4,116,11
2023-06-09T17:00,12.0,14.4,94,23
2023-06-09T18:00,8.8,11.8,67,42
2023-06-09T19:00,6.7,8.7,85,47
2023-06-09T20:00,8.1,4.6,72,30
2023-06-09T21:00,5.5,5.9,284,41
2023-06-09T22:00,3.4,5.9,322,50
2023-06-09T23:00,1.4,8.3,2,59
2023-06-10T00:00,4.0,4.7,302,42
2023-06-10T01:00,1.1,7.2,273,53
2023-06-10T02:00,0.2,6.8,295,51
2023-06-10T03:00,0.7,2.7,247,45
2023-06-10T04:00,-0.4,3.1,234,45
2023-06-10T05:00,-1.8,4.0,297,49
2023-06-10T06:00,-4.2,7.3,340,61
2023-06-10T07:00,-2.2,5.1,352,51
2023-06-10T08:00,3.0,1.8,360,41
2023-06-10T09:00,7.2,3.9,338,26
2023-06-10T10:00,10.2,3.9,326,18
2023-06-10T11:00,12.4,3.7,281,14
2023-06-10T12:00,14.0,5.8,263,10
2023-06-10T13:00,14.6,5.2,254,8
2023-06-10T14:00,14.9,5.0,249,7
2023-06-10T15:00,15.0,4.4,261,6
2023-06-10T16:00,14.7,4.7,293,6
2023-06-10T17:00,12.6,4.5,14,37
2023-06-10T18:00,9.7,14.1,71,22
2023-06-10T19:00,7.2,10.0,64,33
2023-06-10T20:00,6.3,5.8,356,42
2023-06-10T21:00,4.9,14.5,251,33
2023-06-10T22:00,5.1,17.5,233,22
2023-06-10T23:00,3.9,14.4,238,30
2023-06-11T00:00,2.9,14.0,228,33
2023-06-11T01:00,1.5,12.2,225,39
2023-06-11T02:00,-0.5,8.5,234,51
2023-06-11T03:00,-1.1,7.1,246,53
2023-06-11T04:00,-0.9,5.8,300,50
2023-06-11T05:00,-2.3,6.8,342,56
2023-06-11T06:00,-2.9,6.8,342,57
2023-06-11T07:00,-0.6,5.0,330,45
2023-06-11T08:00,3.7,3.6,354,36
2023-06-11T09:00,7.1,3.6,307,27
2023-06-11T10:00,9.5,4.0,297,23
2023-06-11T11:00,11.4,2.7,293,18
2023-06-11T12:00,12.8,3.0,256,16
2023-06-11T13:00,13.9,3.2,270,15
2023-06-11T14:00,14.8,7.2,288,15
2023-06-11T15:00,14.8,12.6,265,15
2023-06-11T16:00,14.6,14.5,215,16
2023-06-11T17:00,13.8,10.9,214,18
2023-06-11T18:00,11.7,2.5,45,21
2023-06-11T19:00,9.7,14.3,214,31
2023-06-11T20:00,8.0,18.3,227,22
2023-06-11T21:00,6.3,12.2,246,24
2023-06-11T22:00,5.4,11.7,225,27
2023-06-11T23:00,3.9,10.1,207,33
2023-06-12T00:00,3.6,12.9,203,30
2023-06-12T01:00,2.0,7.1,210,43
2023-06-12T02:00,2.0,6.5,214,39
2023-06-12T03:00,3.7,3.7,241,26
2023-06-12T04:00,2.8,3.6,276,28
2023-06-12T05:00,0.6,5.5,293,38
2023-06-12T06:00,-1.5,6.6,292,49
2023-06-12T07:00,0.6,5.0,291,43
2023-06-12T08:00,3.9,3.2,270,37
2023-06-12T09:00,7.3,3.7,331,27
2023-06-12T10:00,9.8,5.0,360,25
2023-06-12T11:00,11.7,5.1,321,21
2023-06-12T12:00,12.9,10.9,276,19
2023-06-12T13:00,13.3,9.3,254,19
2023-06-12T14:00,14.4,7.0,201,17
2023-06-12T15:00,15.2,10.5,186,16
2023-06-12T16:00,15.4,20.2,202,14
2023-06-12T17:00,13.3,25.7,222,17
2023-06-12T18:00,11.4,21.0,211,20
2023-06-12T19:00,9.4,13.2,227,22
2023-06-12T20:00,7.6,15.6,230,21
2023-06-12T21:00,6.5,13.5,236,25
2023-06-12T22:00,5.2,11.6,240,30
2023-06-12T23:00,3.8,8.9,243,39
2023-06-13T00:00,2.8,8.1,225,43
2023-06-13T01:00,2.4,5.9,218,44
2023-06-13T02:00,3.5,4.0,243,34
2023-06-13T03:00,2.3,3.8,287,38
2023-06-13T04:00,0.7,4.4,305,47
2023-06-13T05:00,-0.7,4.9,306,54
2023-06-13T06:00,-1.9,5.6,315,62
2023-06-13T07:00,-0.6,4.1,308,58
2023-06-13T08:00,3.4,2.9,300,47
2023-06-13T09:00,6.7,4.3,294,40
2023-06-13T10:00,9.3,5.6,297,35
2023-06-13T11:00,11.3,8.4,280,29
2023-06-13T12:00,12.4,7.5,253,28
2023-06-13T13:00,13.2,7.0,192,25
2023-06-13T14:00,14.3,11.8,157,20
2023-06-13T15:00,15.8,14.3,205,11
2023-06-13T16:00,14.9,28.0,233,13
2023-06-13T17:00,13.6,24.4,217,13
2023-06-13T18:00,10.9,32.1,213,14
2023-06-13T19:00,9.4,25.8,221,15
2023-06-13T20:00,7.7,21.5,230,19
2023-06-13T21:00,6.5,19.5,232,23
2023-06-13T22:00,5.4,17.9,240,26
2023-06-13T23:00,4.2,12.6,246,30
2023-06-14T00:00,2.1,6.6,279,44
2023-06-14T01:00,4.1,4.2,301,30
2023-06-14T02:00,3.7,4.2,290,32
2023-06-14T03:00,2.0,5.2,286,38
2023-06-14T04:00,-0.1,6.2,280,45
2023-06-14T05:00,-2.1,7.1,285,53
2023-06-14T06:00,-3.0,7.7,298,56
2023-06-14T07:00,-0.5,6.1,310,47
2023-06-14T08:00,3.4,4.4,305,39
2023-06-14T09:00,6.9,6.6,319,31
2023-06-14T10:00,9.0,5.9,322,23
2023-06-14T11:00,10.5,6.6,311,19
2023-06-14T12:00,11.5,5.4,312,18
2023-06-14T13:00,12.9,2.8,320,15
2023-06-14T14:00,14.7,11.8,239,8
2023-06-14T15:00,14.5,28.3,229,8
2023-06-14T16:00,13.4,23.1,233,9
2023-06-14T17:00,12.6,14.8,247,9
2023-06-14T18:00,9.6,16.3,223,15
2023-06-14T19:00,8.1,17.1,202,20
2023-06-14T20:00,6.3,15.5,208,22
2023-06-14T21:00,4.6,12.0,201,26
2023-06-14T22:00,2.9,8.9,201,34
2023-06-14T23:00,2.1,9.0,209,37
2023-06-15T00:00,1.9,11.6,202,32
2023-06-15T01:00,1.5,12.5,198,32
2023-06-15T02:00,0.9,11.6,210,34
2023-06-15T03:00,-0.3,10.4,236,39
2023-06-15T04:00,-1.8,9.0,272,45
2023-06-15T05:00,-2.9,8.3,288,49
2023-06-15T06:00,-3.5,6.9,276,47
2023-06-15T07:00,-0.9,6.2,263,39
2023-06-15T08:00,2.7,4.7,238,29
2023-06-15T09:00,6.1,4.6,252,24
2023-06-15T10:00,8.4,5.4,307,20
2023-06-15T11:00,10.4,7.1,300,19
2023-06-15T12:00,11.7,6.5,267,14
2023-06-15T13:00,12.5,7.8,236,12
2023-06-15T14:00,13.1,6.4,232,11
2023-06-15T15:00,13.7,4.7,247,9
2023-06-15T16:00,14.3,4.6,231,8
2023-06-15T17:00,13.3,3.6,143,9
2023-06-15T18:00,9.4,8.7,132,25
2023-06-15T19:00,7.4,11.3,163,36
2023-06-15T20:00,6.5,15.0,201,28
2023-06-15T21:00,5.8,14.7,205,20
2023-06-15T22:00,4.4,12.4,216,24
2023-06-15T23:00,3.1,11.5,226,28
2023-06-16T00:00,2.3,11.7,225,29
2023-06-16T01:00,2.0,13.6,220,28
2023-06-16T02:00,0.9,11.8,230,31
2023-06-16T03:00,-0.2,11.7,236,34
2023-06-16T04:00,-1.4,10.9,243,36
2023-06-16T05:00,-2.4,10.0,255,36
2023-06-16T06:00,-3.1,9.7,272,36
2023-06-16T07:00,-1.0,7.1,294,32
2023-06-16T08:00,2.7,5.2,295,24
2023-06-16T09:00,5.9,5.1,315,20
2023-06-16T10:00,8.5,6.4,308,17
2023-06-16T11:00,10.3,6.5,276,11
2023-06-16T12:00,11.5,4.2,250,9
2023-06-16T13:00,12.5,3.8,229,7
2023-06-16T14:00,13.2,5.1,225,6
2023-06-16T15:00,13.6,5.0,210,6
2023-06-16T16:00,13.4,6.1,118,7
2023-06-16T17:00,10.5,20.9,89,19
2023-06-16T18:00,8.6,16.2,93,28
2023-06-16T19:00,7.3,9.1,124,35
2023-06-16T20:00,5.2,7.4,203,42
2023-06-16T21:00,3.9,9.8,234,44
2023-06-16T22:00,3.0,5.2,236,49
2023-06-16T23:00,1.9,6.3,211,54
2023-06-17T00:00,0.9,6.2,216,52
2023-06-17T01:00,-0.2,8.5,216,45
2023-06-17T02:00,-0.9,9.2,228,42
2023-06-17T03:00,-1.8,5.9,256,47
2023-06-17T04:00,-0.4,3.3,319,38
2023-06-17T05:00,-0.7,3.1,306,40
2023-06-17T06:00,-2.2,4.7,279,46
2023-06-17T07:00,-1.3,2.9,277,42
2023-06-17T08:00,2.4,0.5,315,33
2023-06-17T09:00,5.8,1.1,270,26
2023-06-17T10:00,8.4,2.5,262,20
2023-06-17T11:00,10.1,1.4,270,20
2023-06-17T12:00,11.3,1.0,315,17
2023-06-17T13:00,12.3,2.1,329,14
2023-06-17T14:00,12.8,2.3,252,12
2023-06-17T15:00,12.8,4.7,212,11
2023-06-17T16:00,12.5,4.3,185,10
2023-06-17T17:00,11.7,8.4,133,12
2023-06-17T18:00,9.2,15.6,98,29
2023-06-17T19:00,7.9,16.2,102,28
2023-06-17T20:00,7.0,16.2,91,27
2023-06-17T21:00,5.4,9.5,65,54
2023-06-17T22:00,4.3,10.9,253,53
2023-06-17T23:00,3.4,8.9,212,35
2023-06-18T00:00,2.7,12.7,215,33
2023-06-18T01:00,1.4,12.5,224,35
2023-06-18T02:00,0.5,12.5,219,39
2023-06-18T03:00,-0.6,8.9,227,45
2023-06-18T04:00,-0.2,2.9,277,43
2023-06-18T05:00,-1.7,4.3,312,53
2023-06-18T06:00,-1.9,4.1,285,53
2023-06-18T07:00,-0.9,2.6,326,50
2023-06-18T08:00,3.2,1.8,307,41
2023-06-18T09:00,6.7,4.5,346,37
2023-06-18T10:00,9.2,6.9,9,30
2023-06-18T11:00,11.0,9.4,2,28
2023-06-18T12:00,12.9,13.4,346,23
2023-06-18T13:00,14.3,16.2,328,18
2023-06-18T14:00,14.8,15.5,335,13
2023-06-18T15:00,15.6,19.8,359,10
2023-06-18T16:00,15.9,20.3,348,9
2023-06-18T17:00,13.5,4.0,260,28
2023-06-18T18:00,10.4,15.5,144,34
2023-06-18T19:00,8.6,12.6,88,47
2023-06-18T20:00,7.0,15.0,197,55
2023-06-18T21:00,6.8,13.3,229,30
2023-06-18T22:00,5.5,11.5,226,29
2023-06-18T23:00,4.7,13.5,222,29
2023-06-19T00:00,4.3,15.3,207,30
2023-06-19T01:00,3.7,14.9,212,32
2023-06-19T02:00,2.7,12.6,233,36
2023-06-19T03:00,1.1,10.1,272,44
2023-06-19T04:00,-0.4,8.2,299,52
2023-06-19T05:00,-1.5,7.4,317,59
2023-06-19T06:00,-1.7,5.4,323,60
2023-06-19T07:00,-0.1,4.7,328,53
2023-06-19T08:00,3.8,3.1,306,43
2023-06-19T09:00,6.9,5.1,309,33
2023-06-19T10:00,9.3,6.5,304,30
2023-06-19T11:00,11.3,5.9,308,22
2023-06-19T12:00,12.9,7.1,294,17
2023-06-19T13:00,14.0,9.7,272,17
2023-06-19T14:00,14.3,11.0,259,18
2023-06-19T15:00,14.4,9.7,255,17
2023-06-19T16:00,14.7,10.3,258,14
2023-06-19T17:00,13.7,7.0,258,16
2023-06-19T18:00,11.1,4.5,241,32
2023-06-19T19:00,10.0,7.8,214,27
2023-06-19T20:00,8.8,18.2,205,21
2023-06-19T21:00,5.9,9.0,241,27
2023-06-19T22:00,5.3,6.0,237,28
2023-06-19T23:00,4.6,11.4,204,23
2023-06-20T00:00,4.2,15.0,201,22
2023-06-20T01:00,3.1,14.1,199,28
2023-06-20T02:00,1.9,11.5,221,32
2023-06-20T03:00,0.3,8.4,250,41
2023-06-20T04:00,0.4,6.1,315,39
2023-06-20T05:00,-0.9,6.5,354,44
2023-06-20T06:00,-1.9,6.9,354,51
2023-06-20T07:00,0.2,6.6,338,49
2023-06-20T08:00,4.3,4.4,325,45
2023-06-20T09:00,7.5,6.6,315,34
2023-06-20T10:00,9.7,6.5,304,28
2023-06-20T11:00,11.5,4.7,293,23
2023-06-20T12:00,13.0,3.7,281,17
2023-06-20T13:00,14.1,4.1,285,14
2023-06-20T14:00,14.9,7.7,259,14
2023-06-20T15:00,15.4,10.6,246,15
2023-06-20T16:00,15.4,14.1,238,14
2023-06-20T17:00,14.2,14.5,228,15
2023-06-20T18:00,11.3,6.9,174,25
2023-06-20T19:00,9.7,11.5,139,29
2023-06-20T20:00,7.7,14.5,174,53
2023-06-20T21:00,6.5,10.2,219,47
2023-06-20T22:00,5.1,5.8,274,40
2023-06-20T23:00,6.6,1.5,256,19
2023-06-21T00:00,5.5,3.5,156,19
2023-06-21T01:00,2.3,6.5,174,30
2023-06-21T02:00,4.3,4.3,222,19
2023-06-21T03:00,0.1,6.9,279,35
2023-06-21T04:00,-1.3,7.1,300,44
2023-06-21T05:00,-2.3,8.9,339,57
2023-06-21T06:00,-2.9,8.4,340,60
2023-06-21T07:00,-0.4,6.6,331,48
2023-06-21T08:00,3.8,3.1,306,44
2023-06-21T09:00,7.1,3.7,299,37
2023-06-21T10:00,9.6,2.9,300,25
2023-06-21T11:00,11.5,4.3,228,14
2023-06-21T12:00,12.9,5.9,232,11
2023-06-21T13:00,13.7,4.6,252,10
2023-06-21T14:00,14.6,4.5,256,8
2023-06-21T15:00,15.4,7.9,240,7
2023-06-21T16:00,15.6,12.2,204,6
2023-06-21T17:00,12.5,15.5,144,12
2023-06-21T18:00,9.2,12.7,97,27
2023-06-21T19:00,8.0,7.9,93,40
2023-06-21T20:00,6.8,14.4,179,38
2023-06-21T21:00,5.9,11.4,191,45
2023-06-21T22:00,4.3,9.4,227,52
2023-06-21T23:00,2.7,8.1,238,43
2023-06-22T00:00,1.5,8.3,214,40
2023-06-22T01:00,0.6,8.6,202,40
2023-06-22T02:00,-0.3,8.8,192,41
2023-06-22T03:00,-0.7,7.3,213,42
2023-06-22T04:00,-1.2,6.6,261,38
2023-06-22T05:00,-2.6,9.2,296,34
2023-06-22T06:00,-3.2,8.7,315,32
2023-06-22T07:00,-1.3,3.6,323,28
2023-06-22T08:00,2.6,3.3,354,23
2023-06-22T09:00,6.3,4.8,347,25
2023-06-22T10:00,9.2,7.7,319,26
2023-06-22T11:00,11.3,6.9,298,18
2023-06-22T12:00,12.7,6.2,280,15
2023-06-22T13:00,13.6,8.5,258,12
2023-06-22T14:00,13.7,8.9,243,10
2023-06-22T15:00,13.4,2.2,270,10
2023-06-22T16:00,13.7,3.4,32,8
2023-06-22T17:00,13.2,2.2,360,29
2023-06-22T18:00,9.5,13.9,127,25
2023-06-22T19:00,7.3,10.2,157,37
2023-06-22T20:00,6.2,12.0,226,31
2023-06-22T21:00,4.6,9.2,219,25
2023-06-22T22:00,3.1,9.7,202,24
2023-06-22T23:00,1.9,10.7,192,25
2023-06-23T00:00,1.1,13.0,186,26
2023-06-23T01:00,0.5,13.5,196,26
2023-06-23T02:00,-0.7,10.5,207,30
2023-06-23T03:00,-1.3,8.4,227,31
2023-06-23T04:00,-0.1,6.2,249,24
2023-06-23T05:00,0.2,3.8,319,23
2023-06-23T06:00,-2.8,6.0,343,30
2023-06-23T07:00,-1.6,3.6,323,29
2023-06-23T08:00,2.1,2.3,252,22
2023-06-23T09:00,5.4,4.8,257,18
2023-06-23T10:00,8.3,3.7,259,13
2023-06-23T11:00,10.0,1.5,166,9
2023-06-23T12:00,11.4,3.7,151,8
2023-06-23T13:00,12.4,5.4,132,9
2023-06-23T14:00,13.4,11.2,111,7
2023-06-23T15:00,13.2,18.9,108,6
2023-06-23T16:00,12.3,19.8,115,7
2023-06-23T17:00,10.8,13.7,113,11
2023-06-23T18:00,8.1,10.2,98,20
2023-06-23T19:00,6.7,11.6,74,27
2023-06-23T20:00,5.7,11.5,58,35
2023-06-23T21:00,4.6,6.1,3,45
2023-06-23T22:00,2.2,7.2,252,49
2023-06-23T23:00,4.4,2.9,240,30
2023-06-24T00:00,1.7,6.5,267,36
2023-06-24T01:00,2.7,4.8,297,27
2023-06-24T02:00,1.7,3.8,343,29
2023-06-24T03:00,-1.8,7.6,360,42
2023-06-24T04:00,-2.5,8.4,353,43
2023-06-24T05:00,-3.1,9.6,326,41
2023-06-24T06:00,-3.6,9.2,309,37
2023-06-24T07:00,-1.1,5.8,300,27
2023-06-24T08:00,2.9,3.0,284,19
2023-06-24T09:00,6.2,1.4,270,17
2023-06-24T10:00,9.0,3.8,253,16
2023-06-24T11:00,10.8,3.4,252,12
2023-06-24T12:00,12.0,2.0,225,9
2023-06-24T13:00,13.0,2.2,180,8
2023-06-24T14:00,13.7,3.9,146,7
2023-06-24T15:00,13.8,3.3,139,6
2023-06-24T16:00,13.6,6.0,65,7
2023-06-24T17:00,11.9,12.7,55,10
2023-06-24T18:00,8.9,14.2,54,16
2023-06-24T19:00,7.3,10.7,48,14
2023-06-24T20:00,7.7,1.8,79,16
2023-06-24T21:00,3.9,6.3,211,34
2023-06-24T22:00,4.9,3.1,201,30
2023-06-24T23:00,3.9,4.8,228,35
2023-06-25T00:00,0.9,6.9,231,44
2023-06-25T01:00,-0.3,10.4,236,37
2023-06-25T02:00,-1.4,9.4,223,34
2023-06-25T03:00,0.5,5.2,205,24
2023-06-25T04:00,0.4,4.6,225,23
2023-06-25T05:00,-1.2,5.6,315,25
2023-06-25T06:00,-0.2,3.4,288,23
2023-06-25T07:00,-0.9,5.8,277,27
2023-06-25T08:00,2.8,2.6,254,22
2023-06-25T09:00,6.4,3.4,238,17
2023-06-25T10:00,9.5,3.8,221,13
2023-06-25T11:00,11.1,4.0,190,15
2023-06-25T12:00,12.6,5.9,169,13
2023-06-25T13:00,13.8,7.0,145,11
2023-06-25T14:00,14.4,10.6,125,11
2023-06-25T15:00,14.1,15.4,123,10
2023-06-25T16:00,13.3,15.7,127,9
2023-06-25T17:00,11.9,13.2,137,12
2023-06-25T18:00,9.2,13.4,126,20
2023-06-25T19:00,7.7,13.6,112,26
2023-06-25T20:00,6.2,11.5,88,37
2023-06-25T21:00,4.4,8.4,65,55
2023-06-25T22:00,6.1,2.3,342,49
2023-06-25T23:00,1.9,8.5,258,56
2023-06-26T00:00,2.4,4.7,261,36
2023-06-26T01:00,1.0,6.6,261,41
2023-06-26T02:00,1.7,5.4,262,35
2023-06-26T03:00,1.0,5.6,285,36
2023-06-26T04:00,-0.6,5.8,330,41
2023-06-26T05:00,-1.8,6.5,341,45
2023-06-26T06:00,-2.9,6.5,326,46
2023-06-26T07:00,-1.2,4.8,318,42
2023-06-26T08:00,3.0,2.8,320,36
2023-06-26T09:00,6.5,3.1,339,27
2023-06-26T10:00,9.0,1.5,284,25
2023-06-26T11:00,10.9,1.6,243,21
2023-06-26T12:00,12.3,3.3,186,14
2023-06-26T13:00,13.2,6.5,180,12
2023-06-26T14:00,14.0,8.1,167,11
2023-06-26T15:00,14.2,9.2,135,11
2023-06-26T16:00,13.7,13.8,105,11
2023-06-26T17:00,11.8,14.9,83,15
2023-06-26T18:00,8.8,11.8,52,31
2023-06-26T19:00,6.9,13.2,61,38
2023-06-26T20:00,4.9,8.9,63,44
2023-06-26T21:00,5.4,5.4,222,39
2023-06-26T22:00,1.7,7.2,243,53
2023-06-26T23:00,4.3,4.7,274,35
2023-06-27T00:00,1.4,7.3,259,45
2023-06-27T01:00,2.5,5.4,274,32
2023-06-27T02:00,2.6,3.4,288,27
2023-06-27T03:00,1.7,3.6,315,28
2023-06-27T04:00,0.5,4.7,328,33
2023-06-27T05:00,-1.2,5.7,342,39
2023-06-27T06:00,-2.1,5.7,342,41
2023-06-27T07:00,-0.8,4.7,9,56
2023-06-27T08:00,2.9,0.8,333,40
2023-06-27T09:00,6.3,3.0,256,29
2023-06-27T10:00,9.1,4.7,238,20
2023-06-27T11:00,11.1,5.2,205,14
2023-06-27T12:00,12.6,7.6,180,11
2023-06-27T13:00,13.8,8.1,167,10
2023-06-27T14:00,14.5,8.9,130,9
2023-06-27T15:00,14.4,13.8,105,9
2023-06-27T16:00,13.8,14.5,96,9
2023-06-27T17:00,12.1,11.9,93,11
2023-06-27T18:00,9.2,12.3,85,18
2023-06-27T19:00,7.8,12.0,74,25
2023-06-27T20:00,5.6,7.9,47,43
2023-06-27T21:00,6.8,3.6,270,35
2023-06-27T22:00,3.6,6.1,242,42
2023-06-27T23:00,4.7,4.1,225,29
2023-06-28T00:00,4.6,4.4,279,29
2023-06-28T01:00,3.5,4.8,312,38
2023-06-28T02:00,1.9,5.1,278,48
2023-06-28T03:00,0.9,3.6,270,52
2023-06-28T04:00,-0.1,2.2,270,56
2023-06-28T05:00,-0.6,2.9,277,56
2023-06-28T06:00,-1.1,3.4,288,54
2023-06-28T07:00,-3.7,4.2,31,67
2023-06-28T08:00,1.7,1.1,18,44
2023-06-28T09:00,5.7,1.5,315,32
2023-06-28T10:00,8.8,2.9,277,23
2023-06-28T11:00,10.9,3.5,246,16
2023-06-28T12:00,12.7,5.2,196,12
2023-06-28T13:00,14.0,6.8,155,11
2023-06-28T14:00,14.8,8.6,123,9
2023-06-28T15:00,14.8,11.9,115,11
2023-06-28T16:00,14.3,14.7,112,14
2023-06-28T17:00,12.5,18.1,111,19
2023-06-28T18:00,9.9,17.9,109,31
2023-06-28T19:00,8.6,16.6,103,45
2023-06-28T20:00,7.2,18.0,93,68
2023-06-28T21:00,5.9,14.8,84,72
2023-06-28T22:00,5.2,3.8,73,67
2023-06-28T23:00,2.9,9.4,247,81
2023-06-29T00:00,1.7,9.5,233,91
2023-06-29T01:00,0.7,8.8,215,96
2023-06-29T02:00,-0.3,6.6,209,96
2023-06-29T03:00,-0.7,6.3,239,94
2023-06-29T04:00,-1.9,5.8,270,97
2023-06-29T05:00,-3.3,4.3,336,100
2023-06-29T06:00,-4.2,6.4,16,99
2023-06-29T07:00,-3.8,3.8,343,97
2023-06-29T08:00,-0.9,4.7,351,95
2023-06-29T09:00,3.8,4.4,351,70
2023-06-29T10:00,7.4,2.3,288,48
2023-06-29T11:00,9.7,2.6,326,38
2023-06-29T12:00,11.5,3.1,21,26
2023-06-29T13:00,12.6,3.1,54,20
2023-06-29T14:00,13.2,2.7,67,16
2023-06-29T15:00,13.4,3.3,77,13
2023-06-29T16:00,13.4,5.6,105,12
2023-06-29T17:00,12.1,13.2,107,15
2023-06-29T18:00,9.0,16.6,103,35
2023-06-29T19:00,7.1,15.2,95,54
2023-06-29T20:00,6.2,11.5,90,69
2023-06-29T21:00,5.9,3.4,122,75
2023-06-29T22:00,4.0,9.5,241,78
2023-06-29T23:00,2.6,8.6,237,67
2023-06-30T00:00,2.3,5.1,231,62
2023-06-30T01:00,2.1,5.2,258,56
2023-06-30T02:00,0.6,6.3,294,66
2023-06-30T03:00,-0.3,7.6,289,77
2023-06-30T04:00,0.2,6.3,301,77
2023-06-30T05:00,-0.6,5.8,356,84
2023-06-30T06:00,-1.7,8.4,25,89
2023-06-30T07:00,-0.8,7.1,24,81
2023-06-30T08:00,3.2,4.3,24,60
2023-06-30T09:00,6.8,4.5,29,47
2023-06-30T10:00,9.0,2.8,50,45
2023-06-30T11:00,10.8,3.3,77,35
2023-06-30T12:00,12.2,4.4,99,27
2023-06-30T13:00,13.3,5.5,101,21
2023-06-30T14:00,14.1,6.5,93,17
2023-06-30T15:00,14.3,10.5,96,16
2023-06-30T16:00,13.8,14.3,102,17
2023-06-30T17:00,12.2,16.1,106,21
2023-06-30T18:00,9.6,13.4,98,33
2023-06-30T19:00,8.3,13.0,88,55
2023-06-30T20:00,7.2,10.1,88,65
2023-06-30T21:00,7.2,3.6,90,65
2023-06-30T22:00,4.4,7.0,249,79
2023-06-30T23:00,3.5,10.2,238,72
2023-07-01T00:00,2.3,6.1,230,75
2023-07-01T01:00,2.1,5.6,243,69
2023-07-01T02:00,1.3,5.4,262,67
2023-07-01T03:00,0.5,5.8,292,72
2023-07-01T04:00,-0.3,5.4,323,83
2023-07-01T05:00,-1.7,4.7,4,94
2023-07-01T06:00,-2.6,5.5,23,94
2023-07-01T07:00,-1.2,6.4,27,86
2023-07-01T08:00,2.7,2.9,360,68
2023-07-01T09:00,6.3,3.6,307,53
2023-07-01T10:00,8.9,2.9,270,36
2023-07-01T11:00,10.8,1.8,217,27
2023-07-01T12:00,12.3,2.2,171,20
2023-07-01T13:00,13.4,2.9,150,16
2023-07-01T14:00,14.0,3.7,101,14
2023-07-01T15:00,14.2,5.8,86,15
2023-07-01T16:00,13.7,9.4,90,19
2023-07-01T17:00,12.7,11.9,92,21
2023-07-01T18:00,10.5,13.1,74,29
2023-07-01T19:00,8.3,13.3,71,35
2023-07-01T20:00,6.7,7.9,47,47
2023-07-01T21:00,7.5,3.5,24,47
2023-07-01T22:00,4.4,8.1,225,59
2023-07-01T23:00,3.4,8.9,220,50
2023-07-02T00:00,3.1,6.2,260,51
2023-07-02T01:00,4.3,4.7,279,44
2023-07-02T02:00,2.6,5.7,252,52
2023-07-02T03:00,-0.2,7.1,240,59
2023-07-02T04:00,0.3,4.8,257,48
2023-07-02T05:00,0.7,3.2,297,46
2023-07-02T06:00,0.0,3.9,292,52
2023-07-02T07:00,-0.6,5.4,8,66
2023-07-02T08:00,3.1,2.5,315,52
2023-07-02T09:00,6.6,3.8,311,41
2023-07-02T10:00,9.7,5.1,315,31
2023-07-02T11:00,11.6,3.0,284,22
2023-07-02T12:00,13.0,2.5,188,17
2023-07-02T13:00,14.3,4.7,157,12
2023-07-02T14:00,15.2,4.8,132,9
2023-07-02T15:00,15.4,6.9,96,10
2023-07-02T16:00,14.4,14.2,83,19
2023-07-02T17:00,12.1,16.4,81,21
2023-07-02T18:00,9.3,11.1,77,27
2023-07-02T19:00,7.9,10.6,66,27
2023-07-02T20:00,5.9,6.7,36,39
2023-07-02T21:00,6.2,4.0,243,35
2023-07-02T22:00,4.9,4.7,247,39
2023-07-02T23:00,3.7,6.5,264,45
2023-07-03T00:00,2.4,8.7,312,51
2023-07-03T01:00,1.8,10.4,316,55
2023-07-03T02:00,0.8,7.7,298,62
2023-07-03T03:00,0.7,6.0,287,61
2023-07-03T04:00,1.4,4.2,301,56
2023-07-03T05:00,0.8,3.1,324,57
2023-07-03T06:00,0.2,3.7,331,57
2023-07-03T07:00,-0.5,5.4,4,47
2023-07-03T08:00,3.4,2.1,301,37
2023-07-03T09:00,7.0,3.3,276,29
2023-07-03T10:00,10.2,3.7,299,19
2023-07-03T11:00,12.7,5.9,308,13
2023-07-03T12:00,14.6,7.1,300,10
2023-07-03T13:00,15.9,5.6,315,8
2023-07-03T14:00,16.8,5.2,335,7
2023-07-03T15:00,17.2,4.7,4,7
2023-07-03T16:00,16.7,7.6,59,8
2023-07-03T17:00,14.3,13.1,81,17
2023-07-03T18:00,10.5,12.3,75,28
2023-07-03T19:00,7.9,9.5,81,45
2023-07-03T20:00,5.9,6.2,111,68
2023-07-03T21:00,5.4,4.0,175,73
2023-07-03T22:00,3.6,8.3,236,81
2023-07-03T23:00,4.6,2.6,254,72
2023-07-04T00:00,4.8,3.6,270,69
2023-07-04T01:00,2.5,5.2,258,76
2023-07-04T02:00,2.7,3.8,287,73
2023-07-04T03:00,0.7,4.6,288,80
2023-07-04T04:00,-1.3,4.4,279,85
2023-07-04T05:00,-2.0,3.0,284,87
2023-07-04T06:00,-2.9,1.9,292,88
2023-07-04T07:00,-1.6,4.4,9,89
2023-07-04T08:00,1.8,1.0,315,66
2023-07-04T09:00,6.3,2.1,301,43
2023-07-04T10:00,10.0,2.9,300,29
2023-07-04T11:00,12.4,2.9,263,20
2023-07-04T12:00,14.1,1.8,217,16
2023-07-04T13:00,15.4,1.5,194,13
2023-07-04T14:00,16.5,1.5,166,11
2023-07-04T15:00,16.9,3.9,112,10
2023-07-04T16:00,15.9,12.0,81,17
2023-07-04T17:00,12.9,17.1,68,27
2023-07-04T18:00,9.9,13.1,69,36
2023-07-04T19:00,8.5,8.9,63,43
2023-07-04T20:00,8.2,3.7,209,46
2023-07-04T21:00,6.0,9.2,225,51
2023-07-04T22:00,5.1,5.9,227,54
2023-07-04T23:00,5.3,5.8,240,50
2023-07-05T00:00,3.0,7.8,236,58
2023-07-05T01:00,2.1,6.9,231,53
2023-07-05T02:00,2.4,4.9,253,44
2023-07-05T03:00,0.4,6.4,286,54
2023-07-05T04:00,-0.2,6.2,306,65
2023-07-05T05:00,-0.6,5.9,313,74
2023-07-05T06:00,-1.3,6.2,306,77
2023-07-05T07:00,0.1,5.7,325,70
2023-07-05T08:00,3.7,2.9,270,55
2023-07-05T09:00,7.8,4.0,260,34
2023-07-05T10:00,11.0,4.7,293,22
2023-07-05T11:00,13.4,3.7,281,15
2023-07-05T12:00,15.1,3.3,229,11
2023-07-05T13:00,16.5,4.1,225,9
2023-07-05T14:00,17.4,2.9,240,7
2023-07-05T15:00,17.6,1.4,90,6
2023-07-05T16:00,16.5,12.6,87,14
2023-07-05T17:00,13.4,17.9,81,24
2023-07-05T18:00,10.6,14.4,68,28
2023-07-05T19:00,8.6,5.2,115,43
2023-07-05T20:00,7.7,9.7,225,41
2023-07-05T21:00,6.0,6.1,225,51
2023-07-05T22:00,6.6,5.0,180,44
2023-07-05T23:00,4.2,8.4,200,51
2023-07-06T00:00,3.2,9.5,209,41
2023-07-06T01:00,1.8,8.1,238,41
2023-07-06T02:00,0.5,8.1,291,49
2023-07-06T03:00,-0.4,8.5,324,68
2023-07-06T04:00,-1.3,7.2,323,79
2023-07-06T05:00,-1.8,6.7,306,80
2023-07-06T06:00,-2.4,6.5,289,81
2023-07-06T07:00,-0.3,3.3,311,70
2023-07-06T08:00,3.3,1.1,252,53
2023-07-06T09:00,7.6,0.8,297,35
2023-07-06T10:00,10.8,2.6,304,26
2023-07-06T11:00,13.2,3.1,315,19
2023-07-06T12:00,15.0,2.6,326,15
2023-07-06T13:00,16.4,1.8,323,12
2023-07-06T14:00,17.4,2.3,288,9
2023-07-06T15:00,17.8,1.6,243,7
2023-07-06T16:00,17.6,4.7,99,6
2023-07-06T17:00,14.7,14.6,80,22
2023-07-06T18:00,10.6,13.4,70,37
2023-07-06T19:00,8.5,7.6,71,43
2023-07-06T20:00,6.8,5.4,228,55
2023-07-06T21:00,5.7,5.6,243,56
2023-07-06T22:00,7.2,4.0,207,45
2023-07-06T23:00,6.5,4.7,189,45
2023-07-07T00:00,3.9,5.6,207,52
2023-07-07T01:00,4.3,1.0,225,42
2023-07-07T02:00,3.2,2.8,310,46
2023-07-07T03:00,0.6,6.4,313,63
2023-07-07T04:00,-0.4,7.6,315,75
2023-07-07T05:00,-1.1,6.9,298,79
2023-07-07T06:00,-2.0,5.5,293,82
2023-07-07T07:00,0.1,2.5,352,71
2023-07-07T08:00,2.7,2.6,344,57
2023-07-07T09:00,7.7,2.3,321,36
2023-07-07T10:00,10.9,2.6,286,26
2023-07-07T11:00,13.3,2.3,288,18
2023-07-07T12:00,15.2,1.9,292,13
2023-07-07T13:00,16.7,2.2,279,9
2023-07-07T14:00,17.6,3.7,259,7
2023-07-07T15:00,18.1,4.0,275,6
2023-07-07T16:00,17.9,4.7,23,6
2023-07-07T17:00,15.0,15.0,63,18
2023-07-07T18:00,11.2,12.3,75,26
2023-07-07T19:00,8.5,9.0,74,36
2023-07-07T20:00,7.5,4.8,207,45
2023-07-07T21:00,5.8,9.4,230,38
2023-07-07T22:00,7.0,3.1,225,29
2023-07-07T23:00,6.5,4.7,171,30
2023-07-08T00:00,2.3,9.0,182,44
2023-07-08T01:00,0.6,8.5,192,38
2023-07-08T02:00,1.9,4.1,218,27
2023-07-08T03:00,0.8,3.4,302,30
2023-07-08T04:00,-0.4,4.8,318,43
2023-07-08T05:00,-1.0,5.9,308,57
2023-07-08T06:00,-0.3,5.5,281,63
2023-07-08T07:00,-0.6,4.0,280,62
2023-07-08T08:00,3.2,3.6,276,46
2023-07-08T09:00,7.4,4.7,274,29
2023-07-08T10:00,10.4,4.4,261,17
2023-07-08T11:00,12.5,3.3,229,12
2023-07-08T12:00,14.2,1.9,202,10
2023-07-08T13:00,15.5,1.4,180,8
2023-07-08T14:00,16.4,2.3,198,7
2023-07-08T15:00,16.7,2.6,196,6
2023-07-08T16:00,16.6,5.4,98,6
2023-07-08T17:00,13.7,18.9,81,23
2023-07-08T18:00,10.2,15.9,77,31
2023-07-08T19:00,9.0,13.2,68,25
2023-07-08T20:00,7.1,4.6,18,41
2023-07-08T21:00,5.4,7.5,235,42
2023-07-08T22:00,5.9,4.9,216,35
2023-07-08T23:00,7.3,2.6,214,31
2023-07-09T00:00,7.3,2.3,252,36
2023-07-09T01:00,6.2,3.8,287,39
2023-07-09T02:00,1.3,8.4,320,62
2023-07-09T03:00,1.3,6.3,329,64
2023-07-09T04:00,2.2,3.9,338,60
2023-07-09T05:00,0.6,2.4,333,67
2023-07-09T06:00,-1.1,2.7,293,75
2023-07-09T07:00,-1.7,2.8,50,64
2023-07-09T08:00,3.0,1.8,349,47
2023-07-09T09:00,7.6,3.8,319,32
2023-07-09T10:00,10.7,5.1,309,27
2023-07-09T11:00,12.9,3.6,315,20
2023-07-09T12:00,14.6,3.0,346,15
2023-07-09T13:00,15.9,2.9,360,12
2023-07-09T14:00,16.6,1.4,360,9
2023-07-09T15:00,16.8,2.4,63,8
2023-07-09T16:00,16.5,8.4,65,9
2023-07-09T17:00,14.8,14.6,80,14
2023-07-09T18:00,11.6,13.9,80,24
2023-07-09T19:00,10.0,15.9,62,37
2023-07-09T20:00,8.4,9.8,84,50
2023-07-09T21:00,6.9,12.2,227,52
2023-07-09T22:00,5.6,6.9,189,57
2023-07-09T23:00,5.5,10.2,172,59
2023-07-10T00:00,3.9,6.9,227,66
2023-07-10T01:00,3.0,9.2,259,47
2023-07-10T02:00,2.1,5.9,259,45
2023-07-10T03:00,2.3,4.0,270,37
2023-07-10T04:00,0.3,4.8,312,51
2023-07-10T05:00,-1.2,6.3,329,72
2023-07-10T06:00,-1.8,7.7,332,82
2023-07-10T07:00,-0.2,5.5,32,72
2023-07-10T08:00,3.3,0.8,207,56
2023-07-10T09:00,7.4,2.8,230,40
2023-07-10T10:00,10.7,3.4,302,32
2023-07-10T11:00,13.2,3.6,307,22
2023-07-10T12:00,14.9,2.6,304,16
2023-07-10T13:00,16.1,1.9,338,14
2023-07-10T14:00,16.8,5.6,15,13
2023-07-10T15:00,17.1,9.4,43,14
2023-07-10T16:00,16.8,15.8,60,15
2023-07-10T17:00,14.7,21.1,81,20
2023-07-10T18:00,11.6,16.4,99,31
2023-07-10T19:00,10.1,16.7,83,45
2023-07-10T20:00,9.2,12.2,47,60
2023-07-10T21:00,7.9,4.3,318,73
2023-07-10T22:00,7.1,14.5,199,62
2023-07-10T23:00,6.2,10.6,198,58
2023-07-11T00:00,5.1,11.8,207,31
2023-07-11T01:00,4.2,12.1,207,30
2023-07-11T02:00,2.8,8.7,225,40
2023-07-11T03:00,1.3,7.1,255,49
2023-07-11T04:00,0.3,5.8,270,55
2023-07-11T05:00,0.4,4.4,279,53
2023-07-11T06:00,-0.4,5.2,304,62
2023-07-11T07:00,1.3,4.5,346,61
2023-07-11T08:00,4.9,2.2,279,52
2023-07-11T09:00,8.4,4.0,297,41
2023-07-11T10:00,10.9,6.9,298,37
2023-07-11T11:00,13.1,7.1,285,27
2023-07-11T12:00,14.9,8.8,289,19
2023-07-11T13:00,16.5,11.6,292,16
2023-07-11T14:00,18.0,12.3,308,9
2023-07-11T15:00,18.3,21.7,341,10
2023-07-11T16:00,18.0,21.7,339,10
2023-07-11T17:00,17.0,22.8,309,7
2023-07-11T18:00,14.5,26.4,308,10
2023-07-11T19:00,13.2,27.0,297,14
2023-07-11T20:00,11.0,22.1,233,19
2023-07-11T21:00,9.7,17.7,237,21
2023-07-11T22:00,7.7,9.9,226,26
2023-07-11T23:00,7.0,5.4,188,31
2023-07-12T00:00,4.9,8.4,205,36
2023-07-12T01:00,4.3,12.3,220,35
2023-07-12T02:00,3.7,13.0,226,36
2023-07-12T03:00,3.2,12.7,227,38
2023-07-12T04:00,2.0,10.8,233,43
2023-07-12T05:00,0.7,9.2,244,50
2023-07-12T06:00,-0.5,7.9,270,57
2023-07-12T07:00,1.0,6.1,320,54
2023-07-12T08:00,3.9,3.3,311,45
2023-07-12T09:00,7.6,2.8,320,33
2023-07-12T10:00,10.6,5.9,317,24
2023-07-12T11:00,12.3,7.5,287,20
2023-07-12T12:00,13.9,6.4,286,19
2023-07-12T13:00,15.5,4.0,297,16
2023-07-12T14:00,16.7,3.2,270,12
2023-07-12T15:00,17.7,13.7,240,9
2023-07-12T16:00,17.3,27.0,226,10
2023-07-12T17:00,15.6,25.3,213,10
2023-07-12T18:00,12.8,11.9,178,12
2023-07-12T19:00,10.6,11.2,182,19
2023-07-12T20:00,9.1,10.2,222,22
2023-07-12T21:00,7.9,9.7,225,25
2023-07-12T22:00,6.7,10.7,222,26
2023-07-12T23:00,5.1,9.6,200,30
2023-07-13T00:00,3.9,9.4,180,33
2023-07-13T01:00,3.0,9.5,171,36
2023-07-13T02:00,1.4,7.8,193,46
2023-07-13T03:00,0.9,5.2,245,49
2023-07-13T04:00,-0.6,7.0,282,55
2023-07-13T05:00,-0.8,7.2,267,58
2023-07-13T06:00,-1.1,9.6,283,62
2023-07-13T07:00,1.1,8.6,327,54
2023-07-13T08:00,4.7,5.2,282,42
2023-07-13T09:00,8.4,6.4,286,29
2023-07-13T10:00,11.1,7.7,319,22
2023-07-13T11:00,12.8,5.8,338,19
2023-07-13T12:00,14.3,4.9,343,17
2023-07-13T13:00,15.8,7.6,357,15
2023-07-13T14:00,16.9,10.4,346,13
2023-07-13T15:00,17.3,12.0,339,12
2023-07-13T16:00,16.9,13.6,22,11
2023-07-13T17:00,12.9,25.3,79,30
2023-07-13T18:00,10.1,23.0,81,59
2023-07-13T19:00,10.3,25.6,76,62
2023-07-13T20:00,9.9,20.3,63,58
2023-07-13T21:00,7.6,6.8,198,68
2023-07-13T22:00,6.7,11.6,154,85
2023-07-13T23:00,5.6,10.7,200,94
2023-07-14T00:00,5.1,11.7,198,97
2023-07-14T01:00,4.7,9.8,174,96
2023-07-14T02:00,3.6,9.0,182,98
2023-07-14T03:00,3.8,3.0,194,100
2023-07-14T04:00,2.7,7.8,338,100
2023-07-14T05:00,3.6,7.2,3,100
2023-07-14T06:00,3.5,6.5,341,100
2023-07-14T07:00,3.2,1.9,112,100
2023-07-14T08:00,4.7,1.5,225,86
2023-07-14T09:00,7.0,3.6,270,70
2023-07-14T10:00,9.9,3.1,291,49
2023-07-14T11:00,12.4,5.2,304,23
2023-07-14T12:00,14.0,5.9,317,18
2023-07-14T13:00,14.9,5.3,332,17
2023-07-14T14:00,15.5,4.7,9,17
2023-07-14T15:00,16.1,5.9,11,15
2023-07-14T16:00,17.1,8.3,275,11
2023-07-14T17:00,16.3,17.0,212,10
2023-07-14T18:00,12.3,11.5,139,33
2023-07-14T19:00,10.6,9.9,190,44
2023-07-14T20:00,9.9,14.7,211,18
2023-07-14T21:00,8.3,13.6,212,20
2023-07-14T22:00,7.0,14.1,193,22
2023-07-14T23:00,5.8,13.1,189,26
2023-07-15T00:00,4.8,13.2,191,30
2023-07-15T01:00,3.7,12.6,193,34
2023-07-15T02:00,2.2,8.9,201,41
2023-07-15T03:00,0.7,6.5,251,51
2023-07-15T04:00,0.0,8.7,277,54
2023-07-15T05:00,-0.9,7.6,267,61
2023-07-15T06:00,-1.1,6.1,270,60
2023-07-15T07:00,0.7,5.4,290,49
2023-07-15T08:00,4.0,3.4,302,39
2023-07-15T09:00,7.2,3.5,294,28
2023-07-15T10:00,9.6,3.1,306,22
2023-07-15T11:00,11.6,1.9,292,17
2023-07-15T12:00,13.2,1.8,270,14
2023-07-15T13:00,14.5,2.9,277,12
2023-07-15T14:00,15.4,5.4,274,9
2023-07-15T15:00,15.8,4.7,266,8
2023-07-15T16:00,15.7,1.1,108,7
2023-07-15T17:00,14.1,14.0,89,16
2023-07-15T18:00,10.5,15.7,79,33
2023-07-15T19:00,8.8,10.5,68,41
2023-07-15T20:00,7.2,4.7,157,56
2023-07-15T21:00,6.3,8.6,195,51
2023-07-15T22:00,5.3,5.5,203,55
2023-07-15T23:00,6.8,2.8,130,43
2023-07-16T00:00,5.2,4.8,132,51
2023-07-16T01:00,3.2,5.5,247,55
2023-07-16T02:00,1.1,8.0,265,62
2023-07-16T03:00,1.0,6.0,287,62
2023-07-16T04:00,2.0,3.7,331,61
2023-07-16T05:00,0.4,2.2,279,70
2023-07-16T06:00,-1.0,3.3,283,73
2023-07-16T07:00,0.9,2.9,330,69
2023-07-16T08:00,4.4,1.6,297,50
2023-07-16T09:00,8.2,3.3,283,30
2023-07-16T10:00,10.7,1.9,338,29
2023-07-16T11:00,12.5,4.1,45,24
2023-07-16T12:00,13.7,3.3,6,19
2023-07-16T13:00,14.8,3.4,328,16
2023-07-16T14:00,15.4,3.9,292,17
2023-07-16T15:00,15.8,1.1,342,17
2023-07-16T16:00,15.9,6.1,62,16
2023-07-16T17:00,14.5,15.8,102,23
2023-07-16T18:00,11.3,20.0,98,40
2023-07-16T19:00,10.7,13.5,46,51
2023-07-16T20:00,10.0,9.5,53,55
2023-07-16T21:00,8.9,2.8,140,66
2023-07-16T22:00,7.2,14.8,209,65
2023-07-16T23:00,6.8,10.5,172,67
2023-07-17T00:00,5.3,9.2,201,67
2023-07-17T01:00,3.7,6.3,211,58
2023-07-17T02:00,2.9,7.1,221,45
2023-07-17T03:00,1.8,7.0,235,50
2023-07-17T04:00,1.1,5.4,278,53
2023-07-17T05:00,1.6,4.1,322,59
2023-07-17T06:00,1.8,3.9,304,67
2023-07-17T07:00,1.7,4.5,346,81
2023-07-17T08:00,5.5,1.8,281,62
2023-07-17T09:00,8.8,4.7,302,45
2023-07-17T10:00,11.5,7.6,315,36
2023-07-17T11:00,13.5,6.6,283,25
2023-07-17T12:00,14.7,8.0,265,20
2023-07-17T13:00,15.6,9.1,277,19
2023-07-17T14:00,16.0,10.2,288,18
2023-07-17T15:00,16.2,10.6,252,17
2023-07-17T16:00,16.0,9.1,187,17
2023-07-17T17:00,15.2,14.1,105,18
2023-07-17T18:00,12.8,16.7,71,31
2023-07-17T19:00,11.3,10.8,37,33
2023-07-17T20:00,10.6,17.4,232,33
2023-07-17T21:00,9.4,14.5,243,26
2023-07-17T22:00,8.1,13.2,206,29
2023-07-17T23:00,6.6,11.4,198,36
2023-07-18T00:00,5.8,11.8,220,35
2023-07-18T01:00,4.7,10.4,224,38
2023-07-18T02:00,3.9,9.9,213,41
2023-07-18T03:00,2.8,9.3,208,47
2023-07-18T04:00,1.7,5.4,228,54
2023-07-18T05:00,1.3,5.2,304,58
2023-07-18T06:00,0.3,6.7,324,70
2023-07-18T07:00,1.9,3.8,311,63
2023-07-18T08:00,5.3,2.2,261,49
2023-07-18T09:00,8.7,3.8,287,34
2023-07-18T10:00,11.2,5.6,315,28
2023-07-18T11:00,13.1,7.9,336,27
2023-07-18T12:00,14.6,5.8,330,23
2023-07-18T13:00,15.4,5.2,286,20
2023-07-18T14:00,15.9,6.4,243,19
2023-07-18T15:00,16.2,9.6,236,18
2023-07-18T16:00,15.7,6.2,234,17
2023-07-18T17:00,13.7,17.1,68,26
2023-07-18T18:00,11.5,19.5,86,45
2023-07-18T19:00,10.5,19.5,92,56
2023-07-18T20:00,9.5,16.1,70,57
2023-07-18T21:00,7.9,3.9,124,62
2023-07-18T22:00,6.7,9.9,170,75
2023-07-18T23:00,5.6,7.8,158,93
2023-07-19T00:00,5.1,10.2,190,98
2023-07-19T01:00,4.5,10.4,178,100
2023-07-19T02:00,4.1,9.8,172,100
2023-07-19T03:00,3.4,8.4,170,100
2023-07-19T04:00,3.1,5.2,196,100
2023-07-19T05:00,2.8,4.0,275,100
2023-07-19T06:00,2.8,6.4,322,100
2023-07-19T07:00,3.4,4.6,321,94
2023-07-19T08:00,3.5,6.0,327,98
2023-07-19T09:00,5.6,6.5,326,82
2023-07-19T10:00,9.0,3.9,326,63
2023-07-19T11:00,11.6,2.6,344,43
2023-07-19T12:00,13.4,1.1,360,31
2023-07-19T13:00,14.6,0.8,63,22
2023-07-19T14:00,15.5,2.4,117,17
2023-07-19T15:00,15.9,6.6,103,15
2023-07-19T16:00,15.4,14.6,100,18
2023-07-19T17:00,13.7,19.1,93,19
2023-07-19T18:00,11.3,16.9,88,30
2023-07-19T19:00,9.5,18.1,84,43
2023-07-19T20:00,8.3,10.5,82,64
2023-07-19T21:00,6.8,5.0,210,78
2023-07-19T22:00,6.1,9.2,211,71
2023-07-19T23:00,4.7,7.2,198,80
2023-07-20T00:00,4.0,5.2,205,86
2023-07-20T01:00,3.9,4.3,275,86
2023-07-20T02:00,2.7,7.1,300,90
2023-07-20T03:00,4.4,2.8,320,84
2023-07-20T04:00,3.8,2.9,360,89
2023-07-20T05:00,0.9,7.8,13,96
2023-07-20T06:00,0.6,9.0,16,96
2023-07-20T07:00,1.9,6.6,13,99
2023-07-20T08:00,3.0,5.1,4,97
2023-07-20T09:00,6.0,3.4,18,78
2023-07-20T10:00,9.3,1.5,45,54
2023-07-20T11:00,11.6,0.4,360,39
2023-07-20T12:00,13.4,0.8,153,26
2023-07-20T13:00,14.8,3.4,108,19
2023-07-20T14:00,15.9,8.8,99,14
2023-07-20T15:00,16.3,14.0,90,11
2023-07-20T16:00,15.4,19.6,97,15
2023-07-20T17:00,13.2,21.8,106,19
2023-07-20T18:00,11.2,19.7,108,29
2023-07-20T19:00,10.0,19.4,101,46
2023-07-20T20:00,8.4,14.8,96,59
2023-07-20T21:00,6.3,6.1,118,68
2023-07-20T22:00,5.0,8.2,232,73
2023-07-20T23:00,3.8,9.1,214,74
2023-07-21T00:00,2.7,7.5,197,75
2023-07-21T01:00,2.1,5.6,225,74
2023-07-21T02:00,2.9,3.6,264,66
2023-07-21T03:00,2.1,4.1,315,70
2023-07-21T04:00,1.1,4.8,347,79
2023-07-21T05:00,0.3,4.5,346,87
2023-07-21T06:00,-0.2,4.7,351,90
2023-07-21T07:00,0.6,6.0,33,85
2023-07-21T08:00,3.7,5.6,45,65
2023-07-21T09:00,7.5,3.2,27,43
2023-07-21T10:00,10.1,0.4,180,28
2023-07-21T11:00,11.9,1.5,256,22
2023-07-21T12:00,13.4,2.4,243,15
2023-07-21T13:00,14.5,2.2,189,13
2023-07-21T14:00,15.2,3.4,148,13
2023-07-21T15:00,15.6,4.0,180,12
2023-07-21T16:00,15.7,7.2,174,11
2023-07-21T17:00,14.3,14.6,123,12
2023-07-21T18:00,11.7,18.8,93,22
2023-07-21T19:00,10.2,23.1,92,41
2023-07-21T20:00,8.5,17.1,82,63
2023-07-21T21:00,7.4,7.6,289,70
2023-07-21T22:00,6.5,13.5,214,67
2023-07-21T23:00,5.7,11.8,203,74
2023-07-22T00:00,4.7,8.6,202,77
2023-07-22T01:00,4.0,4.3,228,76
2023-07-22T02:00,4.1,3.1,339,73
2023-07-22T03:00,3.3,4.0,355,79
2023-07-22T04:00,2.0,3.9,292,88
2023-07-22T05:00,-0.1,5.2,286,95
2023-07-22T06:00,-0.4,4.5,299,95
2023-07-22T07:00,1.8,5.4,312,76
2023-07-22T08:00,5.6,3.6,315,54
2023-07-22T09:00,9.0,4.5,299,42
2023-07-22T10:00,11.2,2.6,286,31
2023-07-22T11:00,13.1,1.8,217,23
2023-07-22T12:00,14.6,2.9,173,18
2023-07-22T13:00,15.7,3.3,131,13
2023-07-22T14:00,16.4,6.5,87,12
2023-07-22T15:00,16.2,11.0,79,14
2023-07-22T16:00,15.2,16.4,71,18
2023-07-22T17:00,13.7,21.8,82,16
2023-07-22T18:00,11.3,15.4,79,19
2023-07-22T19:00,10.4,8.9,43,26
2023-07-22T20:00,9.3,5.9,38,37
2023-07-22T21:00,9.1,3.3,167,37
2023-07-22T22:00,6.4,8.2,203,42
2023-07-22T23:00,5.1,6.2,263,47
2023-07-23T00:00,4.4,8.0,280,47
2023-07-23T01:00,5.7,5.6,255,39
2023-07-23T02:00,3.0,9.0,233,47
2023-07-23T03:00,1.5,5.8,173,52
2023-07-23T04:00,1.9,3.1,135,47
2023-07-23T05:00,1.2,4.2,239,50
2023-07-23T06:00,-1.0,6.6,283,61
2023-07-23T07:00,2.1,5.7,288,48
2023-07-23T08:00,6.1,4.4,279,36
2023-07-23T09:00,9.5,2.9,263,28
2023-07-23T10:00,11.4,2.5,180,32
2023-07-23T11:00,13.3,3.4,148,24
2023-07-23T12:00,14.9,4.1,105,18
2023-07-23T13:00,15.9,7.2,84,15
2023-07-23T14:00,16.2,11.9,92,14
2023-07-23T15:00,16.0,12.3,93,13
2023-07-23T16:00,15.7,12.4,82,13
2023-07-23T17:00,14.5,22.1,74,12
2023-07-23T18:00,11.4,21.3,78,22
2023-07-23T19:00,10.7,16.2,69,27
2023-07-23T20:00,10.2,12.5,46,40
2023-07-23T21:00,8.8,9.4,270,41
2023-07-23T22:00,8.2,8.5,208,40
2023-07-23T23:00,7.0,4.3,156,52
2023-07-24T00:00,5.6,4.0,185,63
2023-07-24T01:00,4.7,3.6,174,69
2023-07-24T02:00,3.9,3.9,68,73
2023-07-24T03:00,2.3,4.5,14,81
2023-07-24T04:00,2.6,3.2,360,77
2023-07-24T05:00,1.0,4.6,18,81
2023-07-24T06:00,0.0,5.2,344,80
2023-07-24T07:00,2.7,3.9,338,61
2023-07-24T08:00,6.1,2.6,254,50
2023-07-24T09:00,9.0,2.5,262,42
2023-07-24T10:00,11.4,2.1,239,37
2023-07-24T11:00,13.5,2.6,254,26
2023-07-24T12:00,15.1,5.6,243,17
2023-07-24T13:00,16.3,7.9,223,14
2023-07-24T14:00,17.6,9.4,238,11
2023-07-24T15:00,18.6,16.3,229,9
2023-07-24T16:00,17.3,14.1,161,8
2023-07-24T17:00,14.3,21.1,81,18
2023-07-24T18:00,13.3,7.8,77,21
2023-07-24T19:00,11.7,9.7,180,31
2023-07-24T20:00,10.2,11.9,185,32
2023-07-24T21:00,8.5,12.0,171,22
2023-07-24T22:00,6.5,10.2,170,21
2023-07-24T23:00,5.0,4.7,171,29
2023-07-25T00:00,6.1,1.6,153,24
2023-07-25T01:00,6.0,4.5,151,23
2023-07-25T02:00,6.0,4.3,138,22
2023-07-25T03:00,5.1,1.9,202,23
2023-07-25T04:00,2.0,5.8,263,33
2023-07-25T05:00,-0.8,6.9,298,45
2023-07-25T06:00,-1.4,6.5,273,48
2023-07-25T07:00,0.2,4.6,315,50
2023-07-25T08:00,3.6,3.9,248,39
2023-07-25T09:00,7.5,5.2,254,22
2023-07-25T10:00,10.7,8.8,305,17
2023-07-25T11:00,12.7,10.5,292,9
2023-07-25T12:00,14.1,9.7,292,8
2023-07-25T13:00,15.0,7.6,301,7
2023-07-25T14:00,15.7,5.1,315,6
2023-07-25T15:00,16.3,2.5,315,5
2023-07-25T16:00,17.2,15.0,235,5
2023-07-25T17:00,15.9,33.2,217,5
2023-07-25T18:00,12.8,22.7,191,13
2023-07-25T19:00,10.7,17.4,204,15
2023-07-25T20:00,9.4,17.9,205,11
2023-07-25T21:00,7.8,16.5,212,15
2023-07-25T22:00,6.4,14.5,210,17
2023-07-25T23:00,4.6,11.4,215,18
2023-07-26T00:00,2.6,9.4,223,22
2023-07-26T01:00,0.8,8.7,246,26
2023-07-26T02:00,-0.4,6.9,264,33
2023-07-26T03:00,-0.7,6.0,295,38
2023-07-26T04:00,-2.0,6.4,297,49
2023-07-26T05:00,-3.0,6.9,309,55
2023-07-26T06:00,-3.9,6.5,304,59
2023-07-26T07:00,-2.0,4.5,331,51
2023-07-26T08:00,2.1,2.6,254,38
2023-07-26T09:00,6.6,3.5,246,21
2023-07-26T10:00,9.9,4.3,270,12
2023-07-26T11:00,12.4,6.5,270,9
2023-07-26T12:00,14.1,6.2,263,7
2023-07-26T13:00,15.2,4.7,270,5
2023-07-26T14:00,16.1,6.0,253,4
2023-07-26T15:00,17.2,14.6,232,3
2023-07-26T16:00,16.8,28.5,235,3
2023-07-26T17:00,15.0,29.8,228,4
2023-07-26T18:00,12.4,20.6,207,5
2023-07-26T19:00,10.6,21.6,204,5
2023-07-26T20:00,8.9,20.0,208,9
2023-07-26T21:00,7.0,14.5,194,12
2023-07-26T22:00,5.2,11.0,191,15
2023-07-26T23:00,3.8,11.1,205,18
2023-07-27T00:00,3.1,13.0,204,19
2023-07-27T01:00,2.1,12.6,217,21
2023-07-27T02:00,0.4,9.7,239,28
2023-07-27T03:00,-0.5,5.4,262,32
2023-07-27T04:00,0.1,5.1,309,31
2023-07-27T05:00,0.8,3.1,306,33
2023-07-27T06:00,-1.4,5.1,278,44
2023-07-27T07:00,0.2,3.3,347,46
2023-07-27T08:00,2.5,5.4,340,59
2023-07-27T09:00,5.7,7.1,311,59
2023-07-27T10:00,8.6,6.3,283,43
2023-07-27T11:00,11.0,4.0,270,26
2023-07-27T12:00,12.6,3.2,243,16
2023-07-27T13:00,13.6,4.7,274,13
2023-07-27T14:00,14.4,6.2,350,12
2023-07-27T15:00,15.2,9.8,24,10
2023-07-27T16:00,15.5,5.9,11,8
2023-07-27T17:00,15.0,18.8,227,5
2023-07-27T18:00,12.6,26.8,222,6
2023-07-27T19:00,10.8,28.5,227,7
2023-07-27T20:00,8.9,22.8,215,11
2023-07-27T21:00,6.9,16.0,203,14
2023-07-27T22:00,4.8,10.7,166,18
2023-07-27T23:00,3.3,10.3,155,22
2023-07-28T00:00,1.6,6.8,162,30
2023-07-28T01:00,2.9,2.9,210,21
2023-07-28T02:00,0.2,5.6,285,32
2023-07-28T03:00,0.0,5.4,290,35
2023-07-28T04:00,0.4,4.7,261,31
2023-07-28T05:00,-0.8,4.7,274,31
2023-07-28T06:00,-1.1,4.7,302,35
2023-07-28T07:00,-0.7,4.3,336,45
2023-07-28T08:00,2.6,3.1,339,43
2023-07-28T09:00,6.1,5.8,338,39
2023-07-28T10:00,9.0,8.8,325,24
2023-07-28T11:00,11.1,9.4,317,20
2023-07-28T12:00,13.0,11.3,333,18
2023-07-28T13:00,14.7,17.0,339,12
2023-07-28T14:00,15.5,21.7,336,9
2023-07-28T15:00,15.8,22.5,344,12
2023-07-28T16:00,15.3,19.1,1,13
2023-07-28T17:00,10.9,27.0,81,43
2023-07-28T18:00,9.3,24.2,79,58
2023-07-28T19:00,8.9,17.3,73,62
2023-07-28T20:00,7.7,16.6,86,70
2023-07-28T21:00,6.8,13.7,67,63
2023-07-28T22:00,5.6,10.9,46,65
2023-07-28T23:00,4.2,7.5,55,73
2023-07-29T00:00,2.9,6.1,45,82
2023-07-29T01:00,2.0,4.7,337,89
2023-07-29T02:00,1.3,5.5,302,94
2023-07-29T03:00,0.6,6.4,317,98
2023-07-29T04:00,-0.1,6.4,333,100
2023-07-29T05:00,-0.7,6.1,332,100
2023-07-29T06:00,-1.1,4.8,318,100
2023-07-29T07:00,0.2,7.3,20,88
2023-07-29T08:00,3.6,5.1,356,72
2023-07-29T09:00,6.5,7.7,349,57
2023-07-29T10:00,8.4,6.1,320,47
2023-07-29T11:00,10.8,10.2,315,35
2023-07-29T12:00,12.2,13.0,316,30
2023-07-29T13:00,13.8,17.9,330,25
2023-07-29T14:00,14.7,15.4,327,20
2023-07-29T15:00,13.8,6.8,18,20
2023-07-29T16:00,11.1,25.3,101,43
2023-07-29T17:00,10.0,29.5,98,50
2023-07-29T18:00,8.4,26.7,94,61
2023-07-29T19:00,7.1,12.9,108,66
2023-07-29T20:00,7.0,7.1,156,67
2023-07-29T21:00,4.9,12.8,170,85
2023-07-29T22:00,4.7,9.1,162,85
2023-07-29T23:00,5.8,11.4,162,78
2023-07-30T00:00,5.5,6.8,183,80
2023-07-30T01:00,4.8,7.6,183,83
2023-07-30T02:00,4.0,5.8,202,87
2023-07-30T03:00,3.2,6.7,234,92
2023-07-30T04:00,2.8,4.6,315,94
2023-07-30T05:00,2.5,6.6,338,97
2023-07-30T06:00,2.5,1.1,18,95
2023-07-30T07:00,2.4,6.6,347,98
2023-07-30T08:00,5.5,9.7,315,78
2023-07-30T09:00,7.1,6.6,311,65
2023-07-30T10:00,8.3,2.3,342,60
2023-07-30T11:00,9.3,2.3,72,56
2023-07-30T12:00,10.1,1.9,68,51
2023-07-30T13:00,10.9,4.2,110,44
2023-07-30T14:00,11.3,5.3,118,40
2023-07-30T15:00,12.0,8.7,97,37
2023-07-30T16:00,10.9,15.3,105,43
2023-07-30T17:00,9.7,19.6,104,54
2023-07-30T18:00,8.7,17.2,101,57
2023-07-30T19:00,7.9,14.7,107,67
2023-07-30T20:00,7.6,18.7,101,69
2023-07-30T21:00,5.9,9.8,352,81
2023-07-30T22:00,3.2,20.5,271,90
2023-07-30T23:00,3.9,7.3,261,85
2023-07-31T00:00,2.7,12.0,226,93
2023-07-31T01:00,2.0,5.8,210,94
2023-07-31T02:00,1.8,3.3,311,93
2023-07-31T03:00,0.9,7.0,348,96
2023-07-31T04:00,0.2,6.4,333,99
2023-07-31T05:00,-0.5,6.0,327,100
2023-07-31T06:00,-1.9,3.4,342,99
2023-07-31T07:00,-1.2,3.6,354,99
2023-07-31T08:00,1.2,5.8,338,97
2023-07-31T09:00,4.6,5.2,335,85
2023-07-31T10:00,7.7,2.3,342,70
2023-07-31T11:00,10.0,3.2,63,51
2023-07-31T12:00,11.8,6.5,90,36
2023-07-31T13:00,13.0,12.7,98,24
2023-07-31T14:00,13.5,15.9,95,20
2023-07-31T15:00,13.4,19.9,94,22
2023-07-31T16:00,12.5,21.5,104,25
2023-07-31T17:00,11.3,21.3,112,26
2023-07-31T18:00,9.3,14.2,114,33
2023-07-31T19:00,8.2,14.4,93,39
2023-07-31T20:00,6.6,11.8,52,55
2023-07-31T21:00,4.8,10.0,41,62
2023-07-31T22:00,4.2,4.3,360,60
2023-07-31T23:00,4.0,3.3,264,59
2023-08-01T00:00,3.1,2.9,300,64
2023-08-01T01:00,1.8,4.1,315,73
2023-08-01T02:00,-0.2,5.7,342,86
2023-08-01T03:00,-0.9,5.9,346,93
2023-08-01T04:00,-2.1,6.1,332,99
2023-08-01T05:00,-3.2,4.0,333,99
2023-08-01T06:00,-3.3,5.5,337,99
2023-08-01T07:00,-2.6,4.5,331,98
2023-08-01T08:00,-0.3,4.5,346,97
2023-08-01T09:00,3.5,5.8,353,81
2023-08-01T10:00,7.7,4.0,355,50
2023-08-01T11:00,9.8,3.4,18,36
2023-08-01T12:00,11.0,3.2,27,30
2023-08-01T13:00,11.9,2.5,360,26
2023-08-01T14:00,12.6,3.6,323,22
2023-08-01T15:00,13.5,1.8,37,17
2023-08-01T16:00,12.8,17.5,122,20
2023-08-01T17:00,10.8,23.8,119,26
2023-08-01T18:00,9.4,14.8,116,31
2023-08-01T19:00,8.2,12.3,83,43
2023-08-01T20:00,6.8,7.1,75,56
2023-08-01T21:00,6.7,3.6,276,54
2023-08-01T22:00,4.4,8.3,272,64
2023-08-01T23:00,3.0,6.3,294,71
2023-08-02T00:00,2.9,5.6,297,71
2023-08-02T01:00,2.9,4.7,293,70
2023-08-02T02:00,1.8,4.0,265,74
2023-08-02T03:00,-0.3,5.1,274,82
2023-08-02T04:00,-0.4,4.8,312,80
2023-08-02T05:00,-1.0,4.8,312,84
2023-08-02T06:00,-1.1,2.8,320,85
2023-08-02T07:00,-0.4,4.8,27,77
2023-08-02T08:00,3.3,2.3,18,60
2023-08-02T09:00,6.8,1.8,349,45
2023-08-02T10:00,9.2,1.6,333,36
2023-08-02T11:00,10.8,1.1,18,30
2023-08-02T12:00,12.0,0.7,270,25
2023-08-02T13:00,13.1,2.1,239,22
2023-08-02T14:00,14.0,3.9,202,20
2023-08-02T15:00,14.0,6.6,135,19
2023-08-02T16:00,13.3,14.8,96,25
2023-08-02T17:00,11.5,21.3,92,30
2023-08-02T18:00,9.6,16.2,86,38
2023-08-02T19:00,8.7,10.2,82,42
2023-08-02T20:00,7.3,3.8,139,64
2023-08-02T21:00,6.7,10.5,218,55
2023-08-02T22:00,5.6,9.8,216,55
2023-08-02T23:00,4.3,6.5,183,64
2023-08-03T00:00,3.4,5.5,169,68
2023-08-03T01:00,2.0,5.8,187,75
2023-08-03T02:00,1.4,4.9,234,77
2023-08-03T03:00,0.9,6.9,261,78
2023-08-03T04:00,0.6,7.6,267,78
2023-08-03T05:00,0.0,6.4,286,81
2023-08-03T06:00,0.7,5.0,330,77
2023-08-03T07:00,1.3,5.6,27,76
2023-08-03T08:00,4.3,3.1,36,59
2023-08-03T09:00,7.3,1.8,11,47
2023-08-03T10:00,9.5,0.5,135,45
2023-08-03T11:00,11.2,2.9,97,37
2023-08-03T12:00,12.7,4.6,108,28
2023-08-03T13:00,13.9,8.9,104,20
2023-08-03T14:00,14.5,12.3,97,15
2023-08-03T15:00,14.5,14.1,94,17
2023-08-03T16:00,14.1,16.0,104,20
2023-08-03T17:00,12.1,21.9,104,31
2023-08-03T18:00,10.5,11.9,95,39
2023-08-03T19:00,9.9,4.4,351,43
2023-08-03T20:00,9.3,2.5,315,48
2023-08-03T21:00,8.9,1.5,104,47
2023-08-03T22:00,8.5,1.6,27,48
2023-08-03T23:00,7.5,2.5,278,55
2023-08-04T00:00,5.8,6.4,227,65
2023-08-04T01:00,5.2,4.4,235,61
2023-08-04T02:00,5.4,2.5,278,55
2023-08-04T03:00,4.3,3.1,324,62
2023-08-04T04:00,2.3,5.4,8,83
2023-08-04T05:00,1.3,4.8,13,90
2023-08-04T06:00,0.6,4.7,351,92
2023-08-04T07:00,1.8,3.3,6,90
2023-08-04T08:00,5.2,3.4,302,74
2023-08-04T09:00,7.9,2.3,309,57
2023-08-04T10:00,9.8,0.7,270,45
2023-08-04T11:00,11.5,1.0,45,37
2023-08-04T12:00,12.9,4.6,45,31
2023-08-04T13:00,13.9,7.6,71,27
2023-08-04T14:00,13.3,10.5,98,26
2023-08-04T15:00,13.6,12.0,111,19
2023-08-04T16:00,13.4,16.6,108,14
2023-08-04T17:00,12.3,14.7,112,14
2023-08-04T18:00,10.1,9.7,88,21
2023-08-04T19:00,9.1,6.5,90,30
2023-08-04T20:00,8.8,4.0,190,44
2023-08-04T21:00,7.8,12.3,218,39
2023-08-04T22:00,6.3,10.0,201,57
2023-08-04T23:00,5.8,10.0,210,61
2023-08-05T00:00,4.7,5.9,218,72
2023-08-05T01:00,4.2,4.2,301,70
2023-08-05T02:00,2.1,6.2,353,81
2023-08-05T03:00,1.2,7.3,351,85
2023-08-05T04:00,0.3,7.0,339,91
2023-08-05T05:00,-0.2,8.6,358,93
2023-08-05T06:00,-0.6,8.7,355,93
2023-08-05T07:00,0.8,4.7,328,92
2023-08-05T08:00,4.5,4.9,306,72
2023-08-05T09:00,7.6,4.7,328,55
2023-08-05T10:00,9.9,4.6,342,44
2023-08-05T11:00,11.8,6.6,331,34
2023-08-05T12:00,13.5,9.9,327,26
2023-08-05T13:00,14.8,14.2,344,19
2023-08-05T14:00,15.7,18.9,336,15
2023-08-05T15:00,15.7,17.4,310,14
2023-08-05T16:00,15.5,24.2,317,16
2023-08-05T17:00,13.8,20.5,332,20
2023-08-05T18:00,11.5,11.5,39,26
2023-08-05T19:00,10.0,16.9,101,48
2023-08-05T20:00,8.7,4.8,117,57
2023-08-05T21:00,6.7,23.1,203,64
2023-08-05T22:00,5.6,13.7,177,74
2023-08-05T23:00,4.4,9.3,208,81
2023-08-06T00:00,3.5,5.2,192,86
2023-08-06T01:00,3.2,5.6,230,85
2023-08-06T02:00,2.6,9.2,249,85
2023-08-06T03:00,1.4,7.6,289,87
2023-08-06T04:00,0.7,7.7,319,91
2023-08-06T05:00,0.4,8.9,328,93
2023-08-06T06:00,-0.5,6.7,324,94
2023-08-06T07:00,1.2,4.3,318,79
2023-08-06T08:00,5.2,2.9,300,58
2023-08-06T09:00,8.4,3.3,311,41
2023-08-06T10:00,10.2,3.1,291,31
2023-08-06T11:00,11.5,4.0,280,28
2023-08-06T12:00,13.2,8.7,294,25
2023-08-06T13:00,13.7,11.6,292,25
2023-08-06T14:00,14.1,9.0,293,23
2023-08-06T15:00,14.8,8.6,255,21
2023-08-06T16:00,15.1,10.0,229,22
2023-08-06T17:00,14.3,5.4,323,23
2023-08-06T18:00,12.5,9.3,28,28
2023-08-06T19:00,11.5,8.2,15,36
2023-08-06T20:00,10.2,17.6,247,28
2023-08-06T21:00,9.0,22.0,230,25
2023-08-06T22:00,8.3,20.1,216,25
2023-08-06T23:00,7.4,15.8,221,28
2023-08-07T00:00,6.1,13.3,229,33
2023-08-07T01:00,5.3,12.0,231,36
2023-08-07T02:00,4.2,8.4,260,43
2023-08-07T03:00,3.1,7.9,254,49
2023-08-07T04:00,1.7,6.7,286,58
2023-08-07T05:00,1.4,4.1,315,65
2023-08-07T06:00,1.4,3.4,302,65
2023-08-07T07:00,2.1,3.4,328,65
2023-08-07T08:00,5.8,2.7,247,47
2023-08-07T09:00,8.9,2.5,262,35
2023-08-07T10:00,11.0,4.6,342,31
2023-08-07T11:00,12.6,4.2,340,30
2023-08-07T12:00,13.9,6.2,324,27
2023-08-07T13:00,15.4,13.5,318,23
2023-08-07T14:00,15.8,17.2,303,23
2023-08-07T15:00,15.7,11.3,287,22
2023-08-07T16:00,15.3,7.2,357,21
2023-08-07T17:00,13.9,15.1,57,30
2023-08-07T18:00,11.5,19.6,77,42
2023-08-07T19:00,11.1,19.9,85,50
2023-08-07T20:00,10.0,24.2,65,56
2023-08-07T21:00,9.5,20.7,35,51
2023-08-07T22:00,8.5,8.0,306,54
2023-08-07T23:00,7.0,11.5,212,76
2023-08-08T00:00,5.7,9.4,203,85
2023-08-08T01:00,4.8,8.3,214,85
2023-08-08T02:00,3.9,7.8,214,76
2023-08-08T03:00,2.8,8.2,209,71
2023-08-08T04:00,1.5,4.3,204,76
2023-08-08T05:00,2.2,1.8,259,67
2023-08-08T06:00,1.9,3.2,333,71
2023-08-08T07:00,1.9,1.5,76,90
2023-08-08T08:00,5.1,1.6,63,78
2023-08-08T09:00,8.0,3.9,34,64
2023-08-08T10:00,10.5,5.6,15,45
2023-08-08T11:00,12.2,3.4,342,37
2023-08-08T12:00,14.1,7.6,275,29
2023-08-08T13:00,15.0,10.4,256,26
2023-08-08T14:00,15.6,12.9,252,22
2023-08-08T15:00,16.3,13.7,247,19
2023-08-08T16:00,15.7,3.1,234,17
2023-08-08T17:00,13.4,18.5,63,30
2023-08-08T18:00,10.9,21.0,77,43
2023-08-08T19:00,10.0,10.8,90,51
2023-08-08T20:00,9.3,13.1,164,53
2023-08-08T21:00,8.8,16.0,166,52
2023-08-08T22:00,8.0,15.9,155,54
2023-08-08T23:00,6.9,12.7,155,52
2023-08-09T00:00,5.4,10.1,178,47
2023-08-09T01:00,4.0,9.4,176,51
2023-08-09T02:00,2.7,7.6,185,54
2023-08-09T03:00,1.8,7.3,191,56
2023-08-09T04:00,1.0,7.4,203,60
2023-08-09T05:00,0.2,6.4,243,66
2023-08-09T06:00,-0.1,6.8,267,70
2023-08-09T07:00,2.2,4.4,279,58
2023-08-09T08:00,5.5,5.4,274,45
2023-08-09T09:00,8.9,5.8,270,32
2023-08-09T10:00,10.7,2.5,278,35
2023-08-09T11:00,12.2,1.8,259,33
2023-08-09T12:00,13.7,4.1,255,27
2023-08-09T13:00,15.1,2.9,270,22
2023-08-09T14:00,15.7,1.4,270,19
2023-08-09T15:00,15.9,3.7,61,17
2023-08-09T16:00,15.1,14.7,79,23
2023-08-09T17:00,11.8,25.6,73,35
2023-08-09T18:00,12.0,22.2,61,43
2023-08-09T19:00,10.5,13.8,57,49
2023-08-09T20:00,9.5,9.0,209,53
2023-08-09T21:00,8.6,9.5,189,56
2023-08-09T22:00,8.0,9.7,184,61
2023-08-09T23:00,6.8,8.2,195,64
2023-08-10T00:00,5.6,8.3,214,60
2023-08-10T01:00,4.5,9.4,223,50
2023-08-10T02:00,3.6,9.9,224,53
2023-08-10T03:00,2.6,9.6,236,58
2023-08-10T04:00,1.7,10.0,229,63
2023-08-10T05:00,1.0,9.7,219,66
2023-08-10T06:00,-0.2,6.6,225,71
2023-08-10T07:00,1.9,3.7,281,60
2023-08-10T08:00,4.8,5.4,274,48
2023-08-10T09:00,8.2,5.0,270,35
2023-08-10T10:00,10.6,3.9,304,25
2023-08-10T11:00,12.3,1.6,333,19
2023-08-10T12:00,13.6,0.8,243,14
2023-08-10T13:00,14.7,0.8,243,11
2023-08-10T14:00,15.5,1.4,90,9
2023-08-10T15:00,15.8,8.2,75,10
2023-08-10T16:00,14.7,19.5,65,16
2023-08-10T17:00,12.8,22.4,71,15
2023-08-10T18:00,11.3,19.5,65,16
2023-08-10T19:00,10.0,15.6,64,11
2023-08-10T20:00,8.6,8.7,73,27
2023-08-10T21:00,7.1,7.8,214,35
2023-08-10T22:00,6.4,9.5,233,22
2023-08-10T23:00,5.3,8.0,262,26
2023-08-11T00:00,5.6,6.0,253,27
2023-08-11T01:00,3.4,8.6,180,36
2023-08-11T02:00,2.2,9.1,173,52
2023-08-11T03:00,1.1,7.5,253,58
2023-08-11T04:00,0.9,8.9,291,54
2023-08-11T05:00,0.6,6.4,308,56
2023-08-11T06:00,0.2,6.5,326,56
2023-08-11T07:00,3.2,4.1,315,45
2023-08-11T08:00,6.6,2.5,225,30
2023-08-11T09:00,9.3,1.3,326,34
2023-08-11T10:00,11.4,5.6,345,30
2023-08-11T11:00,13.3,6.9,332,21
2023-08-11T12:00,14.8,8.4,350,17
2023-08-11T13:00,15.5,8.7,355,15
2023-08-11T14:00,15.7,6.1,332,13
2023-08-11T15:00,16.5,8.9,297,12
2023-08-11T16:00,15.7,3.3,347,13
2023-08-11T17:00,13.4,20.2,91,25
2023-08-11T18:00,11.6,22.0,101,26
2023-08-11T19:00,10.3,15.9,84,45
2023-08-11T20:00,9.5,16.9,348,42
2023-08-11T21:00,8.1,17.1,319,50
2023-08-11T22:00,7.9,22.1,326,51
2023-08-11T23:00,7.3,22.4,323,54
2023-08-12T00:00,6.4,17.4,333,59
2023-08-12T01:00,6.0,13.1,351,64
2023-08-12T02:00,5.1,8.5,12,73
2023-08-12T03:00,4.1,8.8,35,83
2023-08-12T04:00,3.6,9.2,51,88
2023-08-12T05:00,3.3,9.2,26,87
2023-08-12T06:00,2.5,8.0,5,90
2023-08-12T07:00,4.1,4.1,315,78
2023-08-12T08:00,6.0,7.4,331,69
2023-08-12T09:00,7.9,8.0,355,56
2023-08-12T10:00,9.7,7.8,13,46
2023-08-12T11:00,10.8,6.2,10,43
2023-08-12T12:00,11.4,2.6,286,41
2023-08-12T13:00,12.3,2.2,279,37
2023-08-12T14:00,12.9,3.0,346,32
2023-08-12T15:00,12.6,4.7,94,31
2023-08-12T16:00,9.8,16.8,81,44
2023-08-12T17:00,9.5,15.5,121,45
2023-08-12T18:00,7.2,16.3,104,63
2023-08-12T19:00,7.2,10.8,116,60
2023-08-12T20:00,6.5,1.8,323,69
2023-08-12T21:00,5.5,4.5,209,77
2023-08-12T22:00,5.0,6.2,170,76
2023-08-12T23:00,4.1,8.3,236,77
2023-08-13T00:00,4.3,6.2,234,77
2023-08-13T01:00,3.9,5.1,315,80
2023-08-13T02:00,2.9,5.0,21,86
2023-08-13T03:00,2.3,10.5,52,89
2023-08-13T04:00,1.6,7.8,34,91
2023-08-13T05:00,0.7,6.5,6,96
2023-08-13T06:00,0.7,5.9,346,96
2023-08-13T07:00,1.9,1.3,34,88
2023-08-13T08:00,4.8,1.3,56,73
2023-08-13T09:00,7.0,1.0,45,61
2023-08-13T10:00,8.7,0.0,270,49
2023-08-13T11:00,10.1,1.1,180,44
2023-08-13T12:00,11.2,1.8,90,41
2023-08-13T13:00,12.1,3.2,117,38
2023-08-13T14:00,12.3,2.6,196,37
2023-08-13T15:00,12.4,3.3,96,32
2023-08-13T16:00,11.0,20.2,87,46
2023-08-13T17:00,9.6,26.3,100,48
2023-08-13T18:00,7.5,19.0,100,59
2023-08-13T19:00,7.0,10.8,176,65
2023-08-13T20:00,6.9,14.1,161,70
2023-08-13T21:00,5.0,20.6,137,81
2023-08-13T22:00,4.0,10.7,135,89
2023-08-13T23:00,3.8,6.1,220,90
2023-08-14T00:00,2.7,8.3,252,95
2023-08-14T01:00,1.9,4.3,222,98
2023-08-14T02:00,1.7,7.1,255,97
2023-08-14T03:00,1.2,7.8,248,98
2023-08-14T04:00,0.5,6.4,232,98
2023-08-14T05:00,-0.4,4.0,190,98
2023-08-14T06:00,-0.5,1.6,153,99
2023-08-14T07:00,1.5,4.5,209,92
2023-08-14T08:00,4.2,2.9,187,77
2023-08-14T09:00,5.5,6.7,74,69
2023-08-14T10:00,7.1,7.7,79,57
2023-08-14T11:00,8.2,6.9,96,49
2023-08-14T12:00,8.9,4.0,117,43
2023-08-14T13:00,9.6,3.1,144,40
2023-08-14T14:00,9.8,2.6,124,39
2023-08-14T15:00,10.5,4.7,86,37
2023-08-14T16:00,10.6,12.9,72,37
2023-08-14T17:00,8.6,20.6,74,46
2023-08-14T18:00,7.0,17.2,74,54
2023-08-14T19:00,6.2,16.4,75,57
2023-08-14T20:00,6.2,13.0,76,62
2023-08-14T21:00,4.9,6.3,59,74
2023-08-14T22:00,4.0,6.9,242,77
2023-08-14T23:00,3.0,8.9,230,79
2023-08-15T00:00,1.8,7.2,217,85
2023-08-15T01:00,1.2,4.8,222,86
2023-08-15T02:00,0.9,9.4,263,85
2023-08-15T03:00,0.2,8.0,262,84
2023-08-15T04:00,0.2,4.6,198,81
2023-08-15T05:00,0.7,2.9,300,78
2023-08-15T06:00,-1.9,5.6,333,92
2023-08-15T07:00,0.8,4.5,14,84
2023-08-15T08:00,4.2,4.0,350,70
2023-08-15T09:00,6.7,3.9,338,63
2023-08-15T10:00,8.4,2.3,342,55
2023-08-15T11:00,10.0,2.4,27,44
2023-08-15T12:00,11.2,2.4,63,36
2023-08-15T13:00,12.1,3.3,103,30
2023-08-15T14:00,13.0,4.8,117,25
2023-08-15T15:00,14.0,7.2,117,20
2023-08-15T16:00,13.5,13.2,133,22
2023-08-15T17:00,11.3,19.1,112,24
2023-08-15T18:00,8.9,18.0,74,35
2023-08-15T19:00,7.4,15.6,71,46
2023-08-15T20:00,6.7,11.5,44,51
2023-08-15T21:00,5.2,5.7,288,65
2023-08-15T22:00,4.2,9.4,227,63
2023-08-15T23:00,4.6,4.9,253,60
2023-08-16T00:00,2.8,9.0,299,70
2023-08-16T01:00,1.7,6.6,279,75
2023-08-16T02:00,0.8,6.6,248,75
2023-08-16T03:00,-0.1,5.9,256,72
2023-08-16T04:00,1.0,3.3,319,61
2023-08-16T05:00,-0.4,4.0,360,72
2023-08-16T06:00,-0.9,3.4,342,78
2023-08-16T07:00,-0.2,2.7,337,78
2023-08-16T08:00,4.5,1.9,292,58
2023-08-16T09:00,7.7,3.3,311,43
2023-08-16T10:00,10.1,2.7,337,34
2023-08-16T11:00,11.8,2.2,9,30
2023-08-16T12:00,13.2,2.5,45,25
2023-08-16T13:00,14.3,3.9,56,22
2023-08-16T14:00,15.0,6.1,62,20
2023-08-16T15:00,15.1,9.3,62,20
2023-08-16T16:00,14.5,15.5,62,21
2023-08-16T17:00,12.5,19.9,68,17
2023-08-16T18:00,10.0,13.9,73,24
2023-08-16T19:00,8.4,12.7,61,38
2023-08-16T20:00,7.5,4.0,90,61
2023-08-16T21:00,6.7,10.6,246,52
2023-08-16T22:00,5.7,5.4,262,50
2023-08-16T23:00,5.3,6.6,248,47
2023-08-17T00:00,4.1,10.2,222,45
2023-08-17T01:00,2.9,9.8,208,49
2023-08-17T02:00,1.4,8.5,234,58
2023-08-17T03:00,0.1,7.6,273,66
2023-08-17T04:00,-1.0,6.6,299,74
2023-08-17T05:00,-0.8,5.6,320,76
2023-08-17T06:00,-0.7,4.6,309,75
2023-08-17T07:00,0.1,3.7,349,72
2023-08-17T08:00,4.5,1.6,333,54
2023-08-17T09:00,8.4,3.5,336,37
2023-08-17T10:00,11.4,5.6,320,26
2023-08-17T11:00,13.5,6.2,291,17
2023-08-17T12:00,15.1,5.9,281,14
2023-08-17T13:00,16.3,5.9,281,11
2023-08-17T14:00,17.1,5.8,263,8
2023-08-17T15:00,18.0,8.9,256,4
2023-08-17T16:00,18.2,26.3,247,4
2023-08-17T17:00,17.2,26.9,218,5
2023-08-17T18:00,12.7,18.1,134,25
2023-08-17T19:00,10.3,10.8,176,35
2023-08-17T20:00,9.2,11.9,205,21
2023-08-17T21:00,8.0,14.0,206,12
2023-08-17T22:00,6.4,14.2,201,13
2023-08-17T23:00,4.5,12.6,200,18
2023-08-18T00:00,3.1,13.8,223,21
2023-08-18T01:00,0.6,12.0,279,28
2023-08-18T02:00,-1.5,9.4,313,46
2023-08-18T03:00,-2.4,7.6,301,54
2023-08-18T04:00,-3.0,7.5,287,55
2023-08-18T05:00,-2.8,6.7,286,51
2023-08-18T06:00,-3.2,5.8,300,54
2023-08-18T07:00,-1.8,5.4,8,46
2023-08-18T08:00,3.3,4.3,355,32
2023-08-18T09:00,8.0,5.5,349,23
2023-08-18T10:00,11.3,7.1,345,16
2023-08-18T11:00,13.6,7.9,313,8
2023-08-18T12:00,15.2,7.9,273,6
2023-08-18T13:00,17.4,10.7,256,4
2023-08-18T14:00,18.9,35.2,235,3
2023-08-18T15:00,18.6,37.1,220,2
2023-08-18T16:00,17.1,38.2,213,2
2023-08-18T17:00,15.0,32.2,208,3
2023-08-18T18:00,12.1,27.0,199,4
2023-08-18T19:00,9.7,23.7,193,5
2023-08-18T20:00,8.1,21.5,190,7
2023-08-18T21:00,6.4,17.9,189,9
2023-08-18T22:00,4.7,15.2,185,12
2023-08-18T23:00,3.0,13.7,177,16
2023-08-19T00:00,1.3,12.0,171,21
2023-08-19T01:00,-1.1,7.2,180,37
2023-08-19T02:00,1.0,2.9,270,27
2023-08-19T03:00,-1.6,7.4,299,41
2023-08-19T04:00,-2.9,9.2,309,50
2023-08-19T05:00,-0.6,4.6,342,40
2023-08-19T06:00,-1.8,3.1,36,40
2023-08-19T07:00,-1.5,3.7,331,31
2023-08-19T08:00,2.9,5.8,248,27
2023-08-19T09:00,6.6,5.4,262,17
2023-08-19T10:00,9.5,5.2,286,11
2023-08-19T11:00,11.3,2.6,286,9
2023-08-19T12:00,12.9,1.5,225,7
2023-08-19T13:00,14.4,3.1,201,5
2023-08-19T14:00,15.6,7.9,196,4
2023-08-19T15:00,16.5,13.1,189,4
2023-08-19T16:00,15.7,7.5,145,4
2023-08-19T17:00,13.3,22.2,54,17
2023-08-19T18:00,9.6,15.7,70,24
2023-08-19T19:00,8.3,11.0,122,33
2023-08-19T20:00,6.4,6.5,177,49
2023-08-19T21:00,5.5,7.2,217,48
2023-08-19T22:00,5.4,12.0,201,30
2023-08-19T23:00,4.1,14.2,204,21
2023-08-20T00:00,2.3,14.2,207,24
2023-08-20T01:00,0.6,11.8,211,27
2023-08-20T02:00,-1.0,6.2,234,35
2023-08-20T03:00,-1.0,6.1,320,37
2023-08-20T04:00,-2.0,7.1,330,54
2023-08-20T05:00,-3.1,8.8,305,61
2023-08-20T06:00,-3.7,8.8,282,56
2023-08-20T07:00,-0.7,4.4,305,46
2023-08-20T08:00,3.3,2.5,270,34
2023-08-20T09:00,7.7,2.9,277,19
2023-08-20T10:00,11.0,4.3,318,11
2023-08-20T11:00,12.8,2.4,297,7
2023-08-20T12:00,14.1,3.6,180,5
2023-08-20T13:00,15.1,5.1,184,5
2023-08-20T14:00,15.8,2.9,180,5
2023-08-20T15:00,16.1,3.4,72,4
2023-08-20T16:00,15.4,17.4,68,6
2023-08-20T17:00,13.0,23.2,71,8
2023-08-20T18:00,10.7,16.2,69,18
2023-08-20T19:00,8.6,8.9,133,28
2023-08-20T20:00,7.6,9.7,219,34
2023-08-20T21:00,5.9,6.6,225,42
2023-08-20T22:00,4.9,5.7,198,43
2023-08-20T23:00,4.0,5.4,222,41
2023-08-21T00:00,1.5,10.3,234,42
2023-08-21T01:00,0.3,12.0,219,34
2023-08-21T02:00,-0.7,11.2,213,33
2023-08-21T03:00,-2.4,7.4,223,40
2023-08-21T04:00,-2.4,6.8,288,38
2023-08-21T05:00,-3.3,7.9,313,58
2023-08-21T06:00,-2.5,6.4,313,59
2023-08-21T07:00,-0.3,4.6,315,50
2023-08-21T08:00,3.7,3.7,241,35
2023-08-21T09:00,7.4,3.2,270,19
2023-08-21T10:00,10.0,0.7,270,13
2023-08-21T11:00,11.8,3.5,156,9
2023-08-21T12:00,13.5,7.4,137,7
2023-08-21T13:00,14.9,13.2,107,5
2023-08-21T14:00,15.1,16.3,98,5
2023-08-21T15:00,15.1,14.0,90,5
2023-08-21T16:00,14.6,14.0,72,6
2023-08-21T17:00,13.0,17.0,58,10
2023-08-21T18:00,10.2,11.7,45,16
2023-08-21T19:00,8.3,10.9,44,14
2023-08-21T20:00,6.7,10.7,42,21
2023-08-21T21:00,5.3,5.4,360,30
2023-08-21T22:00,3.4,7.2,243,32
2023-08-21T23:00,5.5,3.8,229,21
2023-08-22T00:00,3.3,6.5,270,25
2023-08-22T01:00,2.5,6.6,299,28
2023-08-22T02:00,2.6,4.0,27,32
2023-08-22T03:00,-0.2,4.3,48,39
2023-08-22T04:00,-2.3,4.8,297,44
2023-08-22T05:00,-3.3,6.9,279,45
2023-08-22T06:00,-0.9,3.8,311,35
2023-08-22T07:00,0.3,5.3,28,31
2023-08-22T08:00,3.9,3.8,17,24
2023-08-22T09:00,8.0,3.4,342,15
2023-08-22T10:00,10.8,3.1,324,11
2023-08-22T11:00,12.5,1.0,45,10
2023-08-22T12:00,14.0,4.0,95,9
2023-08-22T13:00,15.2,6.5,90,8
2023-08-22T14:00,15.9,8.7,85,7
2023-08-22T15:00,16.1,12.2,88,8
2023-08-22T16:00,15.6,12.4,100,8
2023-08-22T17:00,14.8,14.0,113,8
2023-08-22T18:00,12.0,14.9,105,11
2023-08-22T19:00,9.7,15.1,91,26
2023-08-22T20:00,8.4,11.7,81,38
2023-08-22T21:00,6.8,7.4,47,55
2023-08-22T22:00,5.8,8.1,291,58
2023-08-22T23:00,5.0,10.0,229,34
2023-08-23T00:00,4.6,5.8,248,31
2023-08-23T01:00,3.4,8.0,288,33
2023-08-23T02:00,2.7,8.5,298,39
2023-08-23T03:00,2.3,7.1,311,45
2023-08-23T04:00,3.0,5.2,304,43
2023-08-23T05:00,1.7,5.6,315,47
2023-08-23T06:00,0.1,5.8,353,55
2023-08-23T07:00,1.4,6.0,17,56
2023-08-23T08:00,6.2,3.5,336,42
2023-08-23T09:00,9.4,3.6,307,32
2023-08-23T10:00,11.7,1.8,307,29
2023-08-23T11:00,13.5,1.3,236,24
2023-08-23T12:00,15.2,1.1,198,18
2023-08-23T13:00,16.3,1.9,202,13
2023-08-23T14:00,17.2,1.6,207,10
2023-08-23T15:00,17.4,3.0,76,8
2023-08-23T16:00,16.6,14.8,77,14
2023-08-23T17:00,14.5,22.7,80,14
2023-08-23T18:00,11.9,15.1,78,17
2023-08-23T19:00,9.7,9.0,67,25
2023-08-23T20:00,8.6,3.2,180,39
2023-08-23T21:00,7.6,9.3,196,33
2023-08-23T22:00,6.4,6.3,167,40
2023-08-23T23:00,7.7,3.2,180,34
2023-08-24T00:00,6.1,4.8,228,38
2023-08-24T01:00,3.4,6.9,231,47
2023-08-24T02:00,3.9,4.7,266,41
2023-08-24T03:00,4.0,1.3,326,40
2023-08-24T04:00,2.9,2.1,59,44
2023-08-24T05:00,0.5,5.1,356,57
2023-08-24T06:00,-0.8,6.0,335,67
2023-08-24T07:00,1.6,5.0,360,56
2023-08-24T08:00,5.5,2.6,286,42
2023-08-24T09:00,9.3,3.3,283,28
2023-08-24T10:00,12.1,3.6,307,18
2023-08-24T11:00,13.9,1.1,198,12
2023-08-24T12:00,15.5,4.4,145,9
2023-08-24T13:00,16.7,4.6,135,8
2023-08-24T14:00,17.4,5.1,94,7
2023-08-24T15:00,17.5,10.5,74,10
2023-08-24T16:00,16.2,18.8,70,13
2023-08-24T17:00,14.5,20.5,72,11
2023-08-24T18:00,11.9,15.4,74,16
2023-08-24T19:00,10.0,8.5,78,22
2023-08-24T20:00,8.9,9.4,230,26
2023-08-24T21:00,7.4,6.4,207,31
2023-08-24T22:00,6.5,6.7,196,33
2023-08-24T23:00,5.6,10.7,213,27
2023-08-25T00:00,4.7,14.0,209,22
2023-08-25T01:00,4.1,15.2,216,24
2023-08-25T02:00,3.2,14.6,220,30
2023-08-25T03:00,2.0,11.7,227,37
2023-08-25T04:00,0.1,7.9,240,47
2023-08-25T05:00,-0.4,5.4,274,51
2023-08-25T06:00,-1.3,5.6,297,61
2023-08-25T07:00,1.4,3.2,333,53
2023-08-25T08:00,5.0,3.2,270,40
2023-08-25T09:00,8.6,3.7,299,27
2023-08-25T10:00,11.4,4.6,315,18
2023-08-25T11:00,13.3,2.6,304,13
2023-08-25T12:00,15.0,1.5,225,10
2023-08-25T13:00,16.4,3.7,209,8
2023-08-25T14:00,17.4,2.3,231,7
2023-08-25T15:00,17.8,2.9,60,7
2023-08-25T16:00,17.0,16.4,64,10
2023-08-25T17:00,14.0,23.8,72,12
2023-08-25T18:00,11.6,15.7,81,15
2023-08-25T19:00,10.0,4.4,145,22
2023-08-25T20:00,9.2,11.0,221,23
2023-08-25T21:00,8.1,7.9,183,29
2023-08-25T22:00,7.5,5.4,217,32
2023-08-25T23:00,5.7,8.1,238,28
2023-08-26T00:00,4.7,10.5,229,19
2023-08-26T01:00,2.9,8.1,212,26
2023-08-26T02:00,2.6,5.3,242,29
2023-08-26T03:00,3.0,2.1,239,28
2023-08-26T04:00,2.0,3.7,259,33
2023-08-26T05:00,-1.4,7.1,255,49
2023-08-26T06:00,-1.8,7.5,253,50
2023-08-26T07:00,2.5,5.6,285,40
2023-08-26T08:00,6.6,5.6,285,29
2023-08-26T09:00,10.1,5.8,270,19
2023-08-26T10:00,11.9,2.7,293,24
2023-08-26T11:00,13.5,2.1,301,19
2023-08-26T12:00,14.9,1.1,360,15
2023-08-26T13:00,15.9,1.8,349,11
2023-08-26T14:00,16.6,1.1,252,8
2023-08-26T15:00,17.0,1.4,270,6
2023-08-26T16:00,17.2,2.7,67,6
2023-08-26T17:00,15.1,16.9,74,18
2023-08-26T18:00,11.7,18.9,69,29
2023-08-26T19:00,10.8,12.3,75,37
2023-08-26T20:00,9.6,7.9,177,38
2023-08-26T21:00,8.7,11.4,193,36
2023-08-26T22:00,8.0,10.3,168,42
2023-08-26T23:00,5.9,6.1,183,50
2023-08-27T00:00,5.3,4.0,190,40
2023-08-27T01:00,3.6,8.6,213,29
2023-08-27T02:00,2.7,10.4,214,29
2023-08-27T03:00,1.4,8.6,213,36
2023-08-27T04:00,0.1,5.6,220,45
2023-08-27T05:00,0.5,4.2,200,43
2023-08-27T06:00,0.5,3.8,229,42
2023-08-27T07:00,1.3,1.3,214,41
2023-08-27T08:00,5.3,2.5,270,31
2023-08-27T09:00,9.2,3.6,315,28
2023-08-27T10:00,11.8,3.7,349,22
2023-08-27T11:00,13.6,4.0,350,20
2023-08-27T12:00,15.0,2.2,351,17
2023-08-27T13:00,16.2,1.4,180,14
2023-08-27T14:00,17.2,4.7,189,12
2023-08-27T15:00,17.8,6.8,162,9
2023-08-27T16:00,16.9,16.3,108,16
2023-08-27T17:00,14.4,25.0,84,20
2023-08-27T18:00,11.9,18.4,78,33
2023-08-27T19:00,10.3,10.1,90,40
2023-08-27T20:00,9.7,7.4,194,44
2023-08-27T21:00,8.8,9.0,196,48
2023-08-27T22:00,7.6,7.4,166,48
2023-08-27T23:00,6.5,8.0,153,48
2023-08-28T00:00,5.1,6.5,199,50
2023-08-28T01:00,4.0,7.7,229,41
2023-08-28T02:00,3.1,7.4,223,37
2023-08-28T03:00,2.3,6.0,237,40
2023-08-28T04:00,2.0,5.5,247,42
2023-08-28T05:00,2.5,3.6,276,39
2023-08-28T06:00,0.9,4.2,301,53
2023-08-28T07:00,2.4,3.3,354,63
2023-08-28T08:00,7.1,1.5,315,42
2023-08-28T09:00,10.6,4.3,312,35
2023-08-28T10:00,13.2,5.9,322,27
2023-08-28T11:00,14.9,3.8,319,21
2023-08-28T12:00,16.2,1.1,270,18
2023-08-28T13:00,17.2,3.3,186,15
2023-08-28T14:00,18.1,4.7,176,13
2023-08-28T15:00,18.6,2.9,150,10
2023-08-28T16:00,18.3,9.4,83,12
2023-08-28T17:00,15.7,22.8,78,18
2023-08-28T18:00,13.1,18.7,65,26
2023-08-28T19:00,12.3,15.3,63,29
2023-08-28T20:00,10.9,7.8,193,35
2023-08-28T21:00,9.9,9.5,205,29
2023-08-28T22:00,8.7,8.0,190,33
2023-08-28T23:00,7.6,10.0,201,34
2023-08-29T00:00,6.6,13.5,209,20
2023-08-29T01:00,5.8,13.3,221,21
2023-08-29T02:00,4.1,10.2,228,29
2023-08-29T03:00,2.6,8.7,232,38
2023-08-29T04:00,1.5,6.0,253,46
2023-08-29T05:00,2.6,3.6,270,41
2023-08-29T06:00,0.6,4.7,261,53
2023-08-29T07:00,2.8,3.2,243,46
2023-08-29T08:00,6.8,3.4,238,34
2023-08-29T09:00,10.6,3.3,257,25
2023-08-29T10:00,13.2,2.4,243,19
2023-08-29T11:00,15.0,2.5,188,15
2023-08-29T12:00,16.8,3.8,139,12
2023-08-29T13:00,18.0,6.0,107,11
2023-08-29T14:00,18.7,10.5,94,12
2023-08-29T15:00,18.4,14.5,83,13
2023-08-29T16:00,17.5,16.9,78,12
2023-08-29T17:00,15.8,24.6,78,14
2023-08-29T18:00,13.3,17.2,74,29
2023-08-29T19:00,11.8,17.6,79,52
2023-08-29T20:00,11.4,11.7,72,57
2023-08-29T21:00,9.9,6.8,252,63
2023-08-29T22:00,9.2,11.0,203,64
2023-08-29T23:00,8.2,8.7,173,75
2023-08-30T00:00,6.9,6.9,171,84
2023-08-30T01:00,5.7,4.9,197,80
2023-08-30T02:00,6.4,2.5,180,53
2023-08-30T03:00,5.2,1.8,233,49
2023-08-30T04:00,4.1,3.0,284,51
2023-08-30T05:00,3.7,3.0,284,55
2023-08-30T06:00,1.7,3.3,283,67
2023-08-30T07:00,4.3,1.4,270,39
2023-08-30T08:00,8.4,1.0,225,29
2023-08-30T09:00,11.3,2.5,360,33
2023-08-30T10:00,13.3,3.6,360,37
2023-08-30T11:00,15.0,3.4,328,31
2023-08-30T12:00,16.7,4.8,297,23
2023-08-30T13:00,18.0,7.9,270,17
2023-08-30T14:00,18.7,9.0,265,15
2023-08-30T15:00,19.0,7.6,278,13
2023-08-30T16:00,18.2,12.6,27,16
2023-08-30T17:00,15.8,26.0,49,29
2023-08-30T18:00,14.9,19.2,62,33
2023-08-30T19:00,13.8,5.6,40,32
2023-08-30T20:00,12.1,18.9,351,38
2023-08-30T21:00,11.7,13.6,343,45
2023-08-30T22:00,9.8,10.7,200,55
2023-08-30T23:00,8.9,17.0,186,73
2023-08-31T00:00,8.4,13.2,191,47
2023-08-31T01:00,6.6,8.2,203,27
2023-08-31T02:00,5.5,5.4,188,30
2023-08-31T03:00,6.7,2.7,247,24
2023-08-31T04:00,3.7,8.2,308,42
2023-08-31T05:00,2.6,7.3,303,61
2023-08-31T06:00,1.9,6.5,289,68
2023-08-31T07:00,4.8,2.3,309,57
2023-08-31T08:00,8.5,3.7,11,39
2023-08-31T09:00,11.8,6.0,17,35
2023-08-31T10:00,14.2,4.3,355,26
2023-08-31T11:00,15.7,5.7,18,24
2023-08-31T12:00,17.0,7.8,13,22
2023-08-31T13:00,18.2,10.4,360,20
2023-08-31T14:00,18.4,5.6,315,20
2023-08-31T15:00,17.8,15.7,74,21
2023-08-31T16:00,12.8,31.7,61,43
2023-08-31T17:00,14.3,20.0,39,34
2023-08-31T18:00,12.1,19.9,13,43
2023-08-31T19:00,8.8,10.9,81,66
2023-08-31T20:00,8.9,6.4,27,67
2023-08-31T21:00,9.4,12.6,355,63
2023-08-31T22:00,8.7,9.2,329,63
2023-08-31T23:00,7.3,6.3,246,73
2023-09-01T00:00,7.1,2.3,162,73
2023-09-01T01:00,5.1,7.4,43,84
2023-09-01T02:00,4.4,8.8,12,87
2023-09-01T03:00,3.8,8.3,360,90
2023-09-01T04:00,3.3,7.5,343,92
2023-09-01T05:00,2.8,6.5,326,94
2023-09-01T06:00,2.4,6.2,324,96
2023-09-01T07:00,6.1,3.7,331,80
2023-09-01T08:00,8.8,9.5,323,65
2023-09-01T09:00,11.3,11.8,310,50
2023-09-01T10:00,13.0,10.8,300,43
2023-09-01T11:00,14.3,9.5,295,38
2023-09-01T12:00,15.7,7.9,270,32
2023-09-01T13:00,16.7,7.6,245,27
2023-09-01T14:00,17.2,8.0,243,24
2023-09-01T15:00,17.3,10.2,252,21
2023-09-01T16:00,16.9,10.4,290,20
2023-09-01T17:00,16.7,18.6,279,19
2023-09-01T18:00,15.1,14.5,316,25
2023-09-01T19:00,13.5,4.0,190,29
2023-09-01T20:00,12.3,22.0,201,29
2023-09-01T21:00,10.0,14.3,168,61
2023-09-01T22:00,8.7,6.4,218,63
2023-09-01T23:00,8.3,9.9,226,44
2023-09-02T00:00,7.6,14.8,225,35
2023-09-02T01:00,6.8,15.6,220,39
2023-09-02T02:00,6.2,14.1,218,44
2023-09-02T03:00,5.5,12.3,218,48
2023-09-02T04:00,4.5,8.9,249,53
2023-09-02T05:00,3.6,6.9,276,61
2023-09-02T06:00,2.8,5.9,259,69
2023-09-02T07:00,5.0,0.0,270,54
2023-09-02T08:00,8.2,1.3,326,41
2023-09-02T09:00,10.4,3.9,326,42
2023-09-02T10:00,12.1,4.4,305,40
2023-09-02T11:00,13.9,6.3,283,31
2023-09-02T12:00,15.3,9.1,279,25
2023-09-02T13:00,16.2,11.9,270,22
2023-09-02T14:00,16.5,8.7,263,20
2023-09-02T15:00,16.7,4.0,5,17
2023-09-02T16:00,18.0,10.0,75,14
2023-09-02T17:00,16.0,19.5,67,30
2023-09-02T18:00,10.7,9.3,28,60
2023-09-02T19:00,11.1,18.2,322,54
2023-09-02T20:00,10.8,25.5,301,48
2023-09-02T21:00,9.6,32.6,217,34
2023-09-02T22:00,8.0,19.8,199,44
2023-09-02T23:00,7.4,15.8,192,42
2023-09-03T00:00,6.8,12.4,197,35
2023-09-03T01:00,6.0,12.1,203,34
2023-09-03T02:00,5.3,11.1,209,37
2023-09-03T03:00,4.2,8.7,210,43
2023-09-03T04:00,3.8,5.3,208,46
2023-09-03T05:00,3.2,5.6,225,49
2023-09-03T06:00,3.7,2.6,326,49
2023-09-03T07:00,5.5,3.6,360,45
2023-09-03T08:00,8.3,7.9,344,42
2023-09-03T09:00,10.7,13.8,327,48
2023-09-03T10:00,12.9,14.3,321,40
2023-09-03T11:00,15.2,14.8,315,33
2023-09-03T12:00,17.7,22.9,300,22
2023-09-03T13:00,19.4,27.4,293,14
2023-09-03T14:00,19.8,28.9,291,11
2023-09-03T15:00,19.7,26.3,292,10
2023-09-03T16:00,18.9,29.2,232,10
2023-09-03T17:00,16.4,35.1,223,9
2023-09-03T18:00,13.8,31.8,218,12
2023-09-03T19:00,11.6,23.0,221,11
2023-09-03T20:00,9.3,18.0,213,13
2023-09-03T21:00,7.1,9.0,217,19
2023-09-03T22:00,5.5,9.4,182,24
2023-09-03T23:00,4.8,14.8,174,27
2023-09-04T00:00,3.7,13.7,182,32
2023-09-04T01:00,2.5,11.2,182,38
2023-09-04T02:00,1.7,11.0,203,43
2023-09-04T03:00,0.5,10.5,218,47
2023-09-04T04:00,-1.0,8.3,268,51
2023-09-04T05:00,-1.7,9.4,293,59
2023-09-04T06:00,-1.6,5.2,286,63
2023-09-04T07:00,1.0,4.0,260,49
2023-09-04T08:00,5.0,2.4,297,31
2023-09-04T09:00,8.5,4.7,4,23
2023-09-04T10:00,11.4,9.8,17,16
2023-09-04T11:00,13.5,10.4,20,13
2023-09-04T12:00,15.0,7.0,35,9
2023-09-04T13:00,16.0,5.2,78,7
2023-09-04T14:00,16.6,7.1,105,6
2023-09-04T15:00,16.7,10.1,90,6
2023-09-04T16:00,15.8,18.1,69,6
2023-09-04T17:00,13.5,23.8,72,6
2023-09-04T18:00,11.7,16.6,63,9
2023-09-04T19:00,10.1,11.3,53,21
2023-09-04T20:00,8.6,3.7,61,37
2023-09-04T21:00,7.5,7.3,200,40
2023-09-04T22:00,7.1,10.5,221,28
2023-09-04T23:00,6.0,8.7,210,33
2023-09-05T00:00,4.7,7.2,198,66
2023-09-05T01:00,4.1,3.9,248,87
2023-09-05T02:00,2.9,7.1,285,90
2023-09-05T03:00,2.7,7.8,292,82
2023-09-05T04:00,2.3,8.5,282,77
2023-09-05T05:00,1.5,7.1,285,77
2023-09-05T06:00,2.0,5.0,330,70
2023-09-05T07:00,4.2,3.4,342,58
2023-09-05T08:00,7.7,5.9,313,55
2023-09-05T09:00,10.3,8.7,308,40
2023-09-05T10:00,12.4,10.1,325,31
2023-09-05T11:00,14.0,7.6,329,24
2023-09-05T12:00,15.4,6.5,360,19
2023-09-05T13:00,16.4,3.9,56,15
2023-09-05T14:00,17.5,8.9,104,14
2023-09-05T15:00,17.3,17.4,103,14
2023-09-05T16:00,15.7,26.7,93,17
2023-09-05T17:00,13.8,30.1,79,29
2023-09-05T18:00,11.2,26.2,82,52
2023-09-05T19:00,10.5,14.3,51,55
2023-09-05T20:00,10.2,4.4,261,57
2023-09-05T21:00,9.5,8.0,216,62
2023-09-05T22:00,8.4,4.6,219,70
2023-09-05T23:00,7.3,5.2,74,76
2023-09-06T00:00,6.7,7.7,41,69
2023-09-06T01:00,5.2,14.8,247,80
2023-09-06T02:00,4.0,8.8,171,92
2023-09-06T03:00,3.9,4.2,250,93
2023-09-06T04:00,4.1,3.1,216,91
2023-09-06T05:00,3.5,7.2,307,95
2023-09-06T06:00,3.0,5.4,312,98
2023-09-06T07:00,5.7,6.0,343,77
2023-09-06T08:00,7.9,8.9,320,64
2023-09-06T09:00,9.9,8.0,324,54
2023-09-06T10:00,11.3,6.3,301,45
2023-09-06T11:00,12.6,6.9,264,33
2023-09-06T12:00,13.4,3.3,221,28
2023-09-06T13:00,15.0,6.8,205,23
2023-09-06T14:00,16.0,11.5,231,21
2023-09-06T15:00,15.8,15.1,232,21
2023-09-06T16:00,15.4,6.5,214,24
2023-09-06T17:00,10.3,15.7,349,46
2023-09-06T18:00,8.4,26.0,47,62
2023-09-06T19:00,8.5,18.4,11,57
2023-09-06T20:00,8.0,16.8,9,65
2023-09-06T21:00,7.7,13.3,358,70
2023-09-06T22:00,7.1,10.2,352,69
2023-09-06T23:00,6.2,9.6,340,73
2023-09-07T00:00,5.3,7.0,291,80
2023-09-07T01:00,5.2,5.4,233,81
2023-09-07T02:00,5.0,3.4,238,84
2023-09-07T03:00,4.3,4.8,347,87
2023-09-07T04:00,3.7,7.6,355,90
2023-09-07T05:00,3.6,7.4,346,91
2023-09-07T06:00,3.1,7.0,339,93
2023-09-07T07:00,4.6,6.3,336,77
2023-09-07T08:00,6.9,7.7,311,60
2023-09-07T09:00,9.6,7.7,311,34
2023-09-07T10:00,11.7,7.9,313,19
2023-09-07T11:00,13.3,8.2,299,14
2023-09-07T12:00,14.5,8.0,278,11
2023-09-07T13:00,15.1,6.9,276,11
2023-09-07T14:00,15.5,3.3,354,11
2023-09-07T15:00,16.4,8.8,35,9
2023-09-07T16:00,17.1,2.2,9,5
2023-09-07T17:00,16.8,36.1,237,3
2023-09-07T18:00,13.3,29.2,176,23
2023-09-07T19:00,11.6,17.3,144,33
2023-09-07T20:00,9.4,17.8,122,56
2023-09-07T21:00,8.5,12.3,142,66
2023-09-07T22:00,7.3,8.3,178,75
2023-09-07T23:00,6.1,9.0,209,83
2023-09-08T00:00,5.2,10.3,205,61
2023-09-08T01:00,4.2,9.5,217,30
2023-09-08T02:00,2.8,8.9,223,33
2023-09-08T03:00,1.5,8.9,212,42
2023-09-08T04:00,-0.2,5.4,222,53
2023-09-08T05:00,-1.2,5.0,300,57
2023-09-08T06:00,-1.9,4.3,312,72
2023-09-08T07:00,1.3,2.0,315,60
2023-09-08T08:00,5.2,2.6,286,44
2023-09-08T09:00,8.8,5.6,310,38
2023-09-08T10:00,11.7,6.6,315,19
2023-09-08T11:00,13.6,6.8,295,9
2023-09-08T12:00,14.8,8.4,260,5
2023-09-08T13:00,15.5,9.0,254,4
2023-09-08T14:00,16.0,4.3,270,4
2023-09-08T15:00,17.4,7.2,267,3
2023-09-08T16:00,17.3,14.5,215,3
2023-09-08T17:00,14.1,23.9,111,14
2023-09-08T18:00,11.4,17.2,79,17
2023-09-08T19:00,10.0,4.3,138,25
2023-09-08T20:00,9.3,9.8,186,20
2023-09-08T21:00,8.1,9.9,224,19
2023-09-08T22:00,7.0,12.3,220,15
2023-09-08T23:00,5.0,9.5,209,19
2023-09-09T00:00,3.3,8.7,187,25
2023-09-09T01:00,2.0,10.5,174,30
2023-09-09T02:00,0.4,9.5,191,35
2023-09-09T03:00,-1.0,8.6,213,38
2023-09-09T04:00,-2.0,8.4,220,40
2023-09-09T05:00,-2.7,7.7,233,40
2023-09-09T06:00,-2.5,6.4,254,38
2023-09-09T07:00,1.3,4.5,284,25
2023-09-09T08:00,5.3,4.5,299,20
2023-09-09T09:00,9.1,4.8,283,12
2023-09-09T10:00,11.4,1.1,252,8
2023-09-09T11:00,13.1,1.3,34,6
2023-09-09T12:00,14.5,3.1,54,6
2023-09-09T13:00,15.5,4.8,63,5
2023-09-09T14:00,16.2,6.9,81,5
2023-09-09T15:00,16.5,11.3,73,5
2023-09-09T16:00,15.5,20.4,73,6
2023-09-09T17:00,13.4,24.0,82,6
2023-09-09T18:00,11.5,17.5,81,12
2023-09-09T19:00,9.9,13.6,79,18
2023-09-09T20:00,8.7,9.0,113,40
2023-09-09T21:00,7.5,7.6,172,48
2023-09-09T22:00,6.4,6.8,205,49
2023-09-09T23:00,5.1,6.0,213,53
2023-09-10T00:00,4.4,4.6,231,56
2023-09-10T01:00,3.1,5.6,207,63
2023-09-10T02:00,2.1,6.3,204,74
2023-09-10T03:00,2.0,5.3,242,69
2023-09-10T04:00,2.7,3.7,281,55
2023-09-10T05:00,1.0,4.7,337,59
2023-09-10T06:00,-0.2,5.6,345,63
2023-09-10T07:00,1.9,4.4,261,66
2023-09-10T08:00,5.4,4.9,216,68
2023-09-10T09:00,8.9,5.2,205,57
2023-09-10T10:00,11.5,1.5,135,35
2023-09-10T11:00,13.4,3.1,69,28
2023-09-10T12:00,15.3,4.7,86,20
2023-09-10T13:00,16.4,9.0,92,16
2023-09-10T14:00,17.1,15.8,91,15
2023-09-10T15:00,16.5,23.5,85,19
2023-09-10T16:00,15.4,24.5,80,23
2023-09-10T17:00,14.0,20.5,89,27
2023-09-10T18:00,12.5,17.6,105,32
2023-09-10T19:00,11.3,14.0,108,39
2023-09-10T20:00,10.3,12.0,74,45
2023-09-10T21:00,8.9,9.8,62,45
2023-09-10T22:00,7.4,8.0,27,40
2023-09-10T23:00,7.8,2.9,330,33
2023-09-11T00:00,4.8,7.9,223,51
2023-09-11T01:00,3.8,9.6,214,69
2023-09-11T02:00,2.8,8.0,216,78
2023-09-11T03:00,3.4,4.3,222,73
2023-09-11T04:00,3.5,2.6,344,70
2023-09-11T05:00,0.7,6.6,347,82
2023-09-11T06:00,0.1,6.8,3,81
2023-09-11T07:00,3.3,2.6,16,58
2023-09-11T08:00,7.8,2.3,309,44
2023-09-11T09:00,10.2,2.2,270,35
2023-09-11T10:00,12.4,2.8,220,24
2023-09-11T11:00,14.2,1.4,90,17
2023-09-11T12:00,15.9,5.2,78,14
2023-09-11T13:00,17.0,8.4,97,10
2023-09-11T14:00,17.7,11.9,119,7
2023-09-11T15:00,17.7,12.7,133,5
2023-09-11T16:00,17.2,15.0,134,5
2023-09-11T17:00,15.8,21.5,113,11
2023-09-11T18:00,13.2,24.9,88,25
2023-09-11T19:00,11.3,19.4,72,42
2023-09-11T20:00,10.5,7.9,74,54
2023-09-11T21:00,9.7,12.2,223,53
2023-09-11T22:00,9.0,12.1,233,45
2023-09-11T23:00,8.0,9.9,237,46
2023-09-12T00:00,7.4,15.3,221,37
2023-09-12T01:00,6.2,15.9,213,36
2023-09-12T02:00,5.0,11.5,226,41
2023-09-12T03:00,3.4,7.3,261,47
2023-09-12T04:00,2.7,9.5,307,55
2023-09-12T05:00,1.6,8.0,297,72
2023-09-12T06:00,1.2,5.3,298,76
2023-09-12T07:00,4.8,2.5,352,57
2023-09-12T08:00,8.6,2.5,270,36
2023-09-12T09:00,11.5,3.6,270,26
2023-09-12T10:00,13.7,5.8,266,18
2023-09-12T11:00,15.5,6.2,260,15
2023-09-12T12:00,16.7,7.9,240,13
2023-09-12T13:00,18.9,8.2,232,11
2023-09-12T14:00,19.9,11.6,234,10
2023-09-12T15:00,18.4,2.8,220,11
2023-09-12T16:00,16.3,11.4,66,16
2023-09-12T17:00,15.6,10.5,63,23
2023-09-12T18:00,15.3,14.2,246,14
2023-09-12T19:00,13.0,34.7,204,24
2023-09-12T20:00,10.7,32.0,181,26
2023-09-12T21:00,10.1,15.3,214,17
2023-09-12T22:00,8.8,16.5,224,17
2023-09-12T23:00,7.6,13.8,221,19
2023-09-13T00:00,7.0,12.5,226,22
2023-09-13T01:00,6.8,9.7,222,24
2023-09-13T02:00,6.2,9.7,211,26
2023-09-13T03:00,5.1,11.6,210,28
2023-09-13T04:00,4.3,12.6,211,30
2023-09-13T05:00,3.5,13.1,217,32
2023-09-13T06:00,3.0,12.0,221,33
2023-09-13T07:00,5.2,8.7,228,26
2023-09-13T08:00,7.9,13.5,236,18
2023-09-13T09:00,10.1,11.2,228,12
2023-09-13T10:00,11.6,6.4,218,9
2023-09-13T11:00,13.1,3.1,225,7
2023-09-13T12:00,14.4,3.1,234,6
2023-09-13T13:00,15.5,2.3,219,6
2023-09-13T14:00,16.9,4.6,135,5
2023-09-13T15:00,17.7,5.7,125,3
2023-09-13T16:00,16.9,12.2,90,6
2023-09-13T17:00,15.2,25.2,73,10
2023-09-13T18:00,13.1,15.8,91,18
2023-09-13T19:00,10.4,18.9,141,22
2023-09-13T20:00,9.0,14.1,148,30
2023-09-13T21:00,7.8,9.6,146,35
2023-09-13T22:00,6.1,8.1,167,35
2023-09-13T23:00,4.5,9.4,187,26
2023-09-14T00:00,3.2,10.0,210,17
2023-09-14T01:00,1.7,9.2,222,17
2023-09-14T02:00,0.2,6.8,252,24
2023-09-14T03:00,-1.2,7.9,313,36
2023-09-14T04:00,-1.5,6.5,360,57
2023-09-14T05:00,0.3,3.4,302,55
2023-09-14T06:00,-1.9,8.0,275,64
2023-09-14T07:00,2.1,2.5,315,47
2023-09-14T08:00,6.4,3.8,287,33
2023-09-14T09:00,9.8,5.6,310,28
2023-09-14T10:00,12.4,5.0,339,17
2023-09-14T11:00,14.3,4.0,5,12
2023-09-14T12:00,15.8,3.1,36,9
2023-09-14T13:00,16.9,3.7,101,8
2023-09-14T14:00,17.7,8.9,140,7
2023-09-14T15:00,17.9,16.1,130,8
2023-09-14T16:00,16.1,24.8,109,10
2023-09-14T17:00,13.8,27.2,84,16
2023-09-14T18:00,12.0,22.6,82,30
2023-09-14T19:00,11.0,18.2,82,39
2023-09-14T20:00,9.6,4.8,63,45
2023-09-14T21:00,8.8,11.7,214,44
2023-09-14T22:00,7.6,6.9,208,46
2023-09-14T23:00,6.7,8.2,218,49
2023-09-15T00:00,5.2,6.9,227,61
2023-09-15T01:00,4.4,4.9,253,62
2023-09-15T02:00,5.2,1.5,346,54
2023-09-15T03:00,2.7,5.7,35,71
2023-09-15T04:00,1.9,5.3,28,81
2023-09-15T05:00,1.6,5.8,356,81
2023-09-15T06:00,2.0,4.7,337,75
2023-09-15T07:00,5.7,3.9,304,62
2023-09-15T08:00,9.0,3.6,276,42
2023-09-15T09:00,11.4,2.0,315,40
2023-09-15T10:00,13.6,2.5,352,30
2023-09-15T11:00,15.5,1.9,338,21
2023-09-15T12:00,16.9,1.1,270,14
2023-09-15T13:00,17.9,5.6,207,10
2023-09-15T14:00,18.7,9.2,225,8
2023-09-15T15:00,19.1,7.6,245,7
2023-09-15T16:00,18.8,0.8,333,7
2023-09-15T17:00,15.9,24.6,79,17
2023-09-15T18:00,13.4,20.0,76,26
2023-09-15T19:00,12.7,13.4,96,44
2023-09-15T20:00,11.2,4.0,175,54
2023-09-15T21:00,10.5,9.5,155,53
2023-09-15T22:00,8.9,12.1,143,64
2023-09-15T23:00,7.8,10.4,178,75
2023-09-16T00:00,7.1,10.8,210,65
2023-09-16T01:00,6.6,11.3,211,15
2023-09-16T02:00,4.9,7.4,223,19
2023-09-16T03:00,3.4,6.1,225,27
2023-09-16T04:00,2.4,5.4,222,32
2023-09-16T05:00,1.9,5.8,266,34
2023-09-16T06:00,1.8,5.5,281,40
2023-09-16T07:00,5.0,2.9,270,27
2023-09-16T08:00,8.8,1.9,292,19
2023-09-16T09:00,11.3,3.7,349,34
2023-09-16T10:00,13.5,2.6,16,25
2023-09-16T11:00,15.3,3.9,68,20
2023-09-16T12:00,16.7,6.1,90,15
2023-09-16T13:00,18.1,10.3,119,11
2023-09-16T14:00,18.6,15.0,125,9
2023-09-16T15:00,18.5,17.8,108,8
2023-09-16T16:00,17.2,24.2,93,9
2023-09-16T17:00,14.6,30.7,86,23
2023-09-16T18:00,13.0,25.2,89,35
2023-09-16T19:00,12.1,27.8,71,47
2023-09-16T20:00,11.3,16.0,36,42
2023-09-16T21:00,10.1,3.7,299,50
2023-09-16T22:00,9.7,13.0,242,41
2023-09-16T23:00,8.6,14.5,240,23
2023-09-17T00:00,7.6,14.0,228,20
2023-09-17T01:00,6.6,16.1,220,24
2023-09-17T02:00,5.3,10.2,225,26
2023-09-17T03:00,4.1,8.7,225,28
2023-09-17T04:00,3.2,9.2,231,28
2023-09-17T05:00,2.1,7.8,248,31
2023-09-17T06:00,2.0,6.8,273,31
2023-09-17T07:00,5.1,4.7,274,22
2023-09-17T08:00,8.7,4.9,306,17
2023-09-17T09:00,11.4,6.8,335,14
2023-09-17T10:00,13.0,4.6,309,15
2023-09-17T11:00,14.4,3.3,264,15
2023-09-17T12:00,15.8,3.7,241,13
2023-09-17T13:00,17.2,3.7,241,12
2023-09-17T14:00,18.3,2.5,188,11
2023-09-17T15:00,19.5,6.4,142,9
2023-09-17T16:00,17.0,20.6,94,14
2023-09-17T17:00,14.6,30.1,73,21
2023-09-17T18:00,13.8,15.6,97,18
2023-09-17T19:00,11.7,10.7,123,25
2023-09-17T20:00,10.8,6.4,137,36
2023-09-17T21:00,9.8,7.0,168,43
2023-09-17T22:00,8.9,8.4,227,39
2023-09-17T23:00,8.1,12.0,226,28
2023-09-18T00:00,7.2,14.3,223,31
2023-09-18T01:00,6.6,13.3,221,37
2023-09-18T02:00,5.2,10.0,221,43
2023-09-18T03:00,3.8,7.5,235,50
2023-09-18T04:00,2.7,6.6,248,55
2023-09-18T05:00,1.8,6.1,273,59
2023-09-18T06:00,2.0,5.4,307,62
2023-09-18T07:00,5.7,2.2,270,45
2023-09-18T08:00,9.1,3.1,249,33
2023-09-18T09:00,11.4,3.6,270,33
2023-09-18T10:00,13.5,4.3,246,25
2023-09-18T11:00,15.3,3.3,229,20
2023-09-18T12:00,17.0,3.1,225,17
2023-09-18T13:00,18.4,2.9,277,15
2023-09-18T14:00,18.6,8.6,22,15
2023-09-18T15:00,18.0,15.8,43,20
2023-09-18T16:00,17.0,17.6,55,21
2023-09-18T17:00,14.9,28.6,76,25
2023-09-18T18:00,13.9,24.0,47,33
2023-09-18T19:00,13.0,14.4,359,34
2023-09-18T20:00,11.4,20.6,316,44
2023-09-18T21:00,11.4,15.8,297,44
2023-09-18T22:00,9.5,12.0,201,52
2023-09-18T23:00,7.6,6.3,149,66
2023-09-19T00:00,6.2,2.7,113,78
2023-09-19T01:00,6.1,3.7,101,74
2023-09-19T02:00,5.2,3.8,107,80
2023-09-19T03:00,5.3,2.3,51,74
2023-09-19T04:00,3.6,4.3,48,87
2023-09-19T05:00,2.7,6.1,90,92
2023-09-19T06:00,2.8,5.0,111,86
2023-09-19T07:00,7.2,1.8,217,44
2023-09-19T08:00,9.9,5.2,196,42
2023-09-19T09:00,11.7,5.4,180,35
2023-09-19T10:00,13.4,4.7,203,34
2023-09-19T11:00,15.6,8.5,234,28
2023-09-19T12:00,16.2,9.4,230,26
2023-09-19T13:00,16.4,6.5,177,24
2023-09-19T14:00,17.1,6.2,100,22
2023-09-19T15:00,16.1,14.2,69,29
2023-09-19T16:00,13.8,25.6,66,39
2023-09-19T17:00,14.5,15.1,78,34
2023-09-19T18:00,12.4,20.2,86,44
2023-09-19T19:00,11.9,11.7,79,48
2023-09-19T20:00,11.0,4.0,100,61
2023-09-19T21:00,9.1,19.8,196,69
2023-09-19T22:00,8.8,6.2,201,60
2023-09-19T23:00,7.4,5.4,172,71
2023-09-20T00:00,6.8,7.3,237,55
2023-09-20T01:00,5.7,4.9,234,56
2023-09-20T02:00,5.5,8.0,198,45
2023-09-20T03:00,4.4,9.5,209,49
2023-09-20T04:00,3.6,9.4,203,55
2023-09-20T05:00,2.8,7.6,225,63
2023-09-20T06:00,3.0,6.1,242,62
2023-09-20T07:00,6.4,3.8,229,44
2023-09-20T08:00,9.2,6.6,225,29
2023-09-20T09:00,10.8,5.1,188,30
2023-09-20T10:00,12.2,5.2,155,37
2023-09-20T11:00,13.8,5.2,146,37
2023-09-20T12:00,15.3,8.7,128,36
2023-09-20T13:00,15.8,11.1,115,39
2023-09-20T14:00,15.6,11.8,110,41
2023-09-20T15:00,15.5,15.5,118,40
2023-09-20T16:00,13.0,15.1,93,44
2023-09-20T17:00,13.0,17.3,48,46
2023-09-20T18:00,10.9,12.6,358,57
2023-09-20T19:00,9.8,13.0,316,64
2023-09-20T20:00,8.8,9.7,270,70
2023-09-20T21:00,8.5,7.7,242,74
2023-09-20T22:00,7.8,7.8,214,79
2023-09-20T23:00,6.7,5.8,180,86
2023-09-21T00:00,6.4,1.3,34,86
2023-09-21T01:00,5.1,4.4,35,95
2023-09-21T02:00,4.6,5.1,356,96
2023-09-21T03:00,3.9,5.3,332,99
2023-09-21T04:00,3.5,4.1,322,100
2023-09-21T05:00,3.9,2.3,342,100
2023-09-21T06:00,3.6,3.3,49,100
2023-09-21T07:00,5.0,0.4,180,90
2023-09-21T08:00,8.1,3.3,354,75
2023-09-21T09:00,10.8,7.5,17,58
2023-09-21T10:00,12.9,10.8,4,47
2023-09-21T11:00,13.9,10.8,4,42
2023-09-21T12:00,15.0,9.2,11,42
2023-09-21T13:00,15.9,5.9,38,38
2023-09-21T14:00,17.0,5.4,86,32
2023-09-21T15:00,17.8,10.0,116,30
2023-09-21T16:00,16.1,16.3,85,31
2023-09-21T17:00,14.3,19.6,103,43
2023-09-21T18:00,12.6,17.3,95,54
2023-09-21T19:00,11.9,12.9,108,60
2023-09-21T20:00,11.1,11.0,113,68
2023-09-21T21:00,9.7,3.6,143,82
2023-09-21T22:00,8.9,9.2,228,81
2023-09-21T23:00,7.6,12.8,238,88
2023-09-22T00:00,7.0,7.1,221,94
2023-09-22T01:00,6.4,7.2,252,95
2023-09-22T02:00,6.7,3.0,284,92
2023-09-22T03:00,5.9,3.7,11,95
2023-09-22T04:00,5.0,4.7,9,97
2023-09-22T05:00,4.9,3.5,336,97
2023-09-22T06:00,4.7,2.3,288,99
2023-09-22T07:00,6.7,0.8,297,89
2023-09-22T08:00,9.4,1.9,202,77
2023-09-22T09:00,11.5,4.1,165,67
2023-09-22T10:00,12.9,4.0,117,58
2023-09-22T11:00,14.2,4.9,107,48
2023-09-22T12:00,16.1,9.0,85,39
2023-09-22T13:00,17.3,14.4,86,30
2023-09-22T14:00,17.9,18.7,88,24
2023-09-22T15:00,17.1,22.0,87,27
2023-09-22T16:00,16.5,21.9,104,29
2023-09-22T17:00,15.0,22.0,105,36
2023-09-22T18:00,13.1,18.7,115,47
2023-09-22T19:00,12.0,14.9,105,52
2023-09-22T20:00,11.1,14.2,83,52
2023-09-22T21:00,9.5,7.3,70,63
2023-09-22T22:00,7.9,6.1,183,74
2023-09-22T23:00,6.7,6.8,205,80
2023-09-23T00:00,5.6,6.5,186,89
2023-09-23T01:00,4.9,4.3,204,93
2023-09-23T02:00,5.6,3.1,201,89
2023-09-23T03:00,4.8,3.3,311,92
2023-09-23T04:00,3.5,5.4,318,96
2023-09-23T05:00,3.5,3.7,349,98
2023-09-23T06:00,3.1,4.0,5,99
2023-09-23T07:00,6.4,1.3,304,81
2023-09-23T08:00,9.4,2.3,231,65
2023-09-23T09:00,11.6,2.6,254,53
2023-09-23T10:00,13.5,2.6,286,43
2023-09-23T11:00,15.4,3.1,111,34
2023-09-23T12:00,17.4,13.8,99,25
2023-09-23T13:00,18.3,19.8,88,19
2023-09-23T14:00,17.8,23.9,85,21
2023-09-23T15:00,17.5,20.9,91,22
2023-09-23T16:00,16.8,22.5,97,26
2023-09-23T17:00,14.9,24.1,104,34
2023-09-23T18:00,13.2,20.2,106,43
2023-09-23T19:00,11.9,17.7,110,55
2023-09-23T20:00,11.0,13.8,99,59
2023-09-23T21:00,9.8,9.7,75,63
2023-09-23T22:00,8.2,4.0,85,75
2023-09-23T23:00,7.0,6.5,186,80
2023-09-24T00:00,6.2,9.0,196,89
2023-09-24T01:00,5.3,7.6,199,95
2023-09-24T02:00,4.4,4.8,228,97
2023-09-24T03:00,4.0,5.4,262,97
2023-09-24T04:00,4.6,4.1,285,95
2023-09-24T05:00,3.9,4.4,351,99
2023-09-24T06:00,3.5,5.8,4,100
2023-09-24T07:00,5.9,2.9,353,82
2023-09-24T08:00,9.2,2.9,7,67
2023-09-24T09:00,11.7,3.3,13,53
2023-09-24T10:00,13.9,6.1,40,38
2023-09-24T11:00,15.9,8.7,66,29
2023-09-24T12:00,17.6,15.0,80,20
2023-09-24T13:00,18.1,21.8,74,18
2023-09-24T14:00,17.9,20.3,77,20
2023-09-24T15:00,17.4,18.0,90,21
2023-09-24T16:00,16.6,20.5,101,22
2023-09-24T17:00,15.1,25.0,108,30
2023-09-24T18:00,13.4,25.2,112,45
2023-09-24T19:00,12.8,24.1,112,48
2023-09-24T20:00,11.0,19.5,94,57
2023-09-24T21:00,10.1,11.2,90,64
2023-09-24T22:00,8.7,3.6,127,77
2023-09-24T23:00,7.8,7.5,215,79
2023-09-25T00:00,6.9,9.1,214,89
2023-09-25T01:00,6.0,5.7,198,93
2023-09-25T02:00,5.7,3.7,349,93
2023-09-25T03:00,4.5,5.5,349,97
2023-09-25T04:00,4.2,4.7,351,95
2023-09-25T05:00,3.4,5.1,352,94
2023-09-25T06:00,3.8,5.9,346,90
2023-09-25T07:00,6.7,3.9,326,72
2023-09-25T08:00,9.9,4.8,297,61
2023-09-25T09:00,12.2,3.4,288,52
2023-09-25T10:00,14.2,2.0,315,39
2023-09-25T11:00,15.7,2.2,360,29
2023-09-25T12:00,17.0,2.2,360,24
2023-09-25T13:00,18.5,2.9,353,21
2023-09-25T14:00,19.5,5.6,333,18
2023-09-25T15:00,20.1,6.5,326,16
2023-09-25T16:00,19.1,2.3,342,16
2023-09-25T17:00,17.2,14.5,71,24
2023-09-25T18:00,14.9,22.0,79,36
2023-09-25T19:00,14.4,17.5,82,42
2023-09-25T20:00,13.0,7.3,101,61
2023-09-25T21:00,12.0,18.1,193,68
2023-09-25T22:00,11.6,17.3,168,66
2023-09-25T23:00,10.4,15.3,207,51
2023-09-26T00:00,9.1,17.4,218,34
2023-09-26T01:00,8.2,16.9,218,39
2023-09-26T02:00,7.2,13.8,221,44
2023-09-26T03:00,6.2,11.2,225,48
2023-09-26T04:00,4.8,6.7,234,55
2023-09-26T05:00,3.7,5.8,240,61
2023-09-26T06:00,4.5,7.7,242,54
2023-09-26T07:00,7.6,8.2,229,42
2023-09-26T08:00,10.9,9.2,239,30
2023-09-26T09:00,13.2,6.8,238,23
2023-09-26T10:00,15.0,5.2,196,20
2023-09-26T11:00,16.9,5.2,164,18
2023-09-26T12:00,18.6,8.6,112,17
2023-09-26T13:00,19.6,17.3,92,18
2023-09-26T14:00,19.5,20.2,92,17
2023-09-26T15:00,19.0,18.5,82,17
2023-09-26T16:00,18.3,20.2,85,17
2023-09-26T17:00,17.4,23.4,86,20
2023-09-26T18:00,15.1,21.1,76,37
2023-09-26T19:00,13.4,11.2,75,46
2023-09-26T20:00,12.8,5.6,333,51
2023-09-26T21:00,12.1,9.5,259,49
2023-09-26T22:00,11.3,8.7,232,48
2023-09-26T23:00,10.5,9.5,209,50
2023-09-27T00:00,9.4,10.2,203,50
2023-09-27T01:00,8.1,10.6,208,43
2023-09-27T02:00,7.3,10.1,215,41
2023-09-27T03:00,6.2,7.9,231,47
2023-09-27T04:00,5.1,6.2,260,53
2023-09-27T05:00,4.6,7.1,285,57
2023-09-27T06:00,5.1,5.9,284,59
2023-09-27T07:00,8.2,3.6,225,43
2023-09-27T08:00,11.5,2.4,243,33
2023-09-27T09:00,13.9,1.8,323,31
2023-09-27T10:00,15.8,3.7,29,30
2023-09-27T11:00,17.5,6.3,13,27
2023-09-27T12:00,19.1,7.5,343,24
2023-09-27T13:00,20.1,7.5,325,21
2023-09-27T14:00,19.1,5.6,45,25
2023-09-27T15:00,16.6,29.7,57,35
2023-09-27T16:00,18.3,10.1,73,26
2023-09-27T17:00,16.7,12.6,87,33
2023-09-27T18:00,9.5,1.6,207,75
2023-09-27T19:00,11.5,10.7,48,55
2023-09-27T20:00,11.3,4.3,318,57
2023-09-27T21:00,9.7,2.2,9,65
2023-09-27T22:00,9.5,2.9,300,67
2023-09-27T23:00,8.7,6.5,354,75
2023-09-28T00:00,8.4,10.8,358,77
2023-09-28T01:00,7.3,12.8,338,80
2023-09-28T02:00,6.3,8.4,335,85
2023-09-28T03:00,5.8,7.6,335,88
2023-09-28T04:00,5.3,7.6,352,91
2023-09-28T05:00,4.6,7.2,3,93
2023-09-28T06:00,5.1,7.5,343,91
2023-09-28T07:00,7.7,4.7,360,81
2023-09-28T08:00,9.8,2.3,309,69
2023-09-28T09:00,11.6,1.9,202,57
2023-09-28T10:00,13.3,2.5,172,51
2023-09-28T11:00,14.9,5.4,184,45
2023-09-28T12:00,16.3,8.0,198,37
2023-09-28T13:00,17.2,6.4,196,31
2023-09-28T14:00,17.9,5.9,137,29
2023-09-28T15:00,17.2,17.3,88,35
2023-09-28T16:00,16.0,21.2,75,39
2023-09-28T17:00,15.1,21.2,69,35
2023-09-28T18:00,12.9,11.9,90,44
2023-09-28T19:00,11.0,7.5,107,53
2023-09-28T20:00,10.3,6.4,196,61
2023-09-28T21:00,9.7,10.4,236,57
2023-09-28T22:00,9.5,12.3,238,54
2023-09-28T23:00,9.2,15.6,230,40
2023-09-29T00:00,7.5,13.4,207,47
2023-09-29T01:00,6.6,13.7,203,51
2023-09-29T02:00,5.8,11.8,220,57
2023-09-29T03:00,4.7,9.0,247,66
2023-09-29T04:00,3.6,6.7,254,76
2023-09-29T05:00,3.0,6.1,242,79
2023-09-29T06:00,3.9,4.8,283,73
2023-09-29T07:00,6.4,4.1,285,63
2023-09-29T08:00,10.5,5.4,270,42
2023-09-29T09:00,13.2,4.7,302,34
2023-09-29T10:00,14.9,6.4,344,37
2023-09-29T11:00,16.2,5.2,16,34
2023-09-29T12:00,17.3,5.1,51,31
2023-09-29T13:00,18.5,7.6,95,29
2023-09-29T14:00,19.2,14.2,99,29
2023-09-29T15:00,18.5,22.9,97,28
2023-09-29T16:00,16.4,24.2,101,35
2023-09-29T17:00,15.3,21.6,90,41
2023-09-29T18:00,13.1,21.2,100,60
2023-09-29T19:00,11.6,16.0,98,66
2023-09-29T20:00,10.8,10.5,94,67
2023-09-29T21:00,9.4,6.2,97,80
2023-09-29T22:00,9.7,11.6,16,70
2023-09-29T23:00,9.0,9.9,327,77
2023-09-30T00:00,8.1,7.8,257,85
2023-09-30T01:00,6.8,3.8,221,93
2023-09-30T02:00,6.4,2.7,67,94
2023-09-30T03:00,5.4,7.2,3,92
2023-09-30T04:00,5.3,9.1,342,85
2023-09-30T05:00,4.9,10.2,337,84
2023-09-30T06:00,5.2,9.8,343,80
2023-09-30T07:00,7.4,9.6,340,75
2023-09-30T08:00,10.3,14.0,337,59
2023-09-30T09:00,12.4,13.5,335,54
2023-09-30T10:00,14.4,13.8,345,43
2023-09-30T11:00,16.1,15.3,352,35
2023-09-30T12:00,17.5,15.4,339,29
2023-09-30T13:00,18.3,13.8,332,27
2023-09-30T14:00,19.1,7.4,337,25
2023-09-30T15:00,19.2,13.9,69,24
2023-09-30T16:00,15.5,26.3,81,42
2023-09-30T17:00,15.1,21.4,77,43
2023-09-30T18:00,13.8,4.9,144,60
2023-09-30T19:00,10.1,14.1,218,69
2023-09-30T20:00,10.3,10.4,134,70
2023-09-30T21:00,8.6,15.8,125,77
2023-09-30T22:00,8.4,7.7,152,76
2023-09-30T23:00,8.1,6.3,167,80
2023-10-01T00:00,7.7,5.5,169,86
2023-10-01T01:00,6.5,3.8,139,92
2023-10-01T02:00,6.4,3.1,126,92
2023-10-01T03:00,6.4,0.4,180,90
2023-10-01T04:00,6.4,1.1,288,87
2023-10-01T05:00,5.1,4.4,325,93
2023-10-01T06:00,5.8,5.0,330,93
2023-10-01T07:00,9.0,3.9,304,77
2023-10-01T08:00,11.1,4.7,337,64
2023-10-01T09:00,12.7,2.3,39,57
2023-10-01T10:00,13.9,2.3,108,53
2023-10-01T11:00,14.9,3.1,135,50
2023-10-01T12:00,16.3,6.3,167,44
2023-10-01T13:00,17.3,7.9,177,40
2023-10-01T14:00,17.6,6.5,146,41
2023-10-01T15:00,14.5,17.5,122,53
2023-10-01T16:00,10.8,9.2,26,70
2023-10-01T17:00,9.5,10.1,207,74
2023-10-01T18:00,9.5,15.7,328,77
2023-10-01T19:00,8.7,7.2,297,83
2023-10-01T20:00,9.6,8.6,248,79
2023-10-01T21:00,8.5,2.1,59,87
2023-10-01T22:00,7.8,3.1,36,91
2023-10-01T23:00,7.0,5.9,14,95
2023-10-02T00:00,6.7,6.1,3,96
2023-10-02T01:00,6.7,2.9,360,95
2023-10-02T02:00,6.4,3.4,302,95
2023-10-02T03:00,5.5,6.9,276,96
2023-10-02T04:00,4.8,4.5,284,95
2023-10-02T05:00,4.0,5.1,315,98
2023-10-02T06:00,4.6,3.8,287,100
2023-10-02T07:00,6.1,2.6,304,99
2023-10-02T08:00,8.8,5.1,321,85
2023-10-02T09:00,10.8,5.3,332,73
2023-10-02T10:00,13.0,4.7,337,58
2023-10-02T11:00,14.5,1.8,349,51
2023-10-02T12:00,15.4,4.4,81,46
2023-10-02T13:00,16.5,3.6,96,41
2023-10-02T14:00,17.0,7.3,101,38
2023-10-02T15:00,17.4,12.3,97,33
2023-10-02T16:00,16.5,17.7,88,37
2023-10-02T17:00,14.5,23.0,76,47
2023-10-02T18:00,12.4,16.3,72,63
2023-10-02T19:00,11.9,12.6,77,64
2023-10-02T20:00,10.9,14.3,221,72
2023-10-02T21:00,8.8,16.8,195,75
2023-10-02T22:00,8.4,9.3,164,83
2023-10-02T23:00,7.6,10.0,167,87
2023-10-03T00:00,7.5,12.8,212,73
2023-10-03T01:00,7.0,14.0,228,58
2023-10-03T02:00,5.9,10.5,229,68
2023-10-03T03:00,5.1,9.4,238,73
2023-10-03T04:00,4.1,6.8,267,79
2023-10-03T05:00,3.6,4.7,279,82
2023-10-03T06:00,4.1,4.5,299,82
2023-10-03T07:00,5.3,3.1,315,90
2023-10-03T08:00,8.8,4.0,297,75
2023-10-03T09:00,11.0,2.6,326,67
2023-10-03T10:00,13.1,1.1,162,48
2023-10-03T11:00,15.0,5.2,146,39
2023-10-03T12:00,16.6,7.6,149,36
2023-10-03T13:00,17.2,8.6,123,36
2023-10-03T14:00,17.5,11.9,104,36
2023-10-03T15:00,17.3,16.3,84,36
2023-10-03T16:00,16.2,18.6,80,36
2023-10-03T17:00,14.9,21.2,69,35
2023-10-03T18:00,12.8,17.1,60,47
2023-10-03T19:00,11.8,12.5,41,61
2023-10-03T20:00,10.9,4.7,302,69
2023-10-03T21:00,10.0,12.7,215,69
2023-10-03T22:00,9.0,8.5,208,74
2023-10-03T23:00,8.5,9.7,231,72
2023-10-04T00:00,8.2,13.8,221,56
2023-10-04T01:00,7.2,13.8,221,53
2023-10-04T02:00,6.3,12.1,217,62
2023-10-04T03:00,5.3,9.6,214,70
2023-10-04T04:00,4.2,8.7,210,76
2023-10-04T05:00,3.3,7.1,240,81
2023-10-04T06:00,3.3,5.6,255,82
2023-10-04T07:00,6.7,5.2,214,73
2023-10-04T08:00,10.5,6.1,230,54
2023-10-04T09:00,12.7,4.5,241,48
2023-10-04T10:00,14.5,5.2,214,41
2023-10-04T11:00,16.0,5.8,176,38
2023-10-04T12:00,17.2,7.5,125,36
2023-10-04T13:00,17.9,9.3,106,36
2023-10-04T14:00,18.1,9.7,105,34
2023-10-04T15:00,18.3,9.9,100,31
2023-10-04T16:00,18.4,14.4,90,29
2023-10-04T17:00,16.2,20.9,90,38
2023-10-04T18:00,14.0,13.9,73,48
2023-10-04T19:00,12.9,15.3,98,53
2023-10-04T20:00,11.7,16.0,76,68
2023-10-04T21:00,10.8,11.9,61,73
2023-10-04T22:00,9.4,5.1,231,83
2023-10-04T23:00,8.6,12.2,204,90
2023-10-05T00:00,7.9,8.8,199,95
2023-10-05T01:00,7.2,8.7,225,98
2023-10-05T02:00,6.6,7.4,219,95
2023-10-05T03:00,7.3,0.4,360,83
2023-10-05T04:00,4.9,7.2,6,99
2023-10-05T05:00,4.5,5.4,8,99
2023-10-05T06:00,4.3,5.9,349,99
2023-10-05T07:00,7.5,4.4,351,78
2023-10-05T08:00,10.7,7.7,319,64
2023-10-05T09:00,13.3,6.8,302,53
2023-10-05T10:00,15.8,6.0,303,41
2023-10-05T11:00,17.5,4.5,284,30
2023-10-05T12:00,19.0,2.9,277,26
2023-10-05T13:00,20.4,5.4,318,22
2023-10-05T14:00,21.1,11.0,341,20
2023-10-05T15:00,20.6,9.4,328,20
2023-10-05T16:00,20.0,8.3,5,19
2023-10-05T17:00,18.5,13.2,35,24
2023-10-05T18:00,15.8,11.9,55,39
2023-10-05T19:00,16.5,10.0,229,29
2023-10-05T20:00,14.4,25.9,235,32
2023-10-05T21:00,12.6,23.6,219,35
2023-10-05T22:00,11.5,21.8,214,37
2023-10-05T23:00,10.6,18.8,206,38
2023-10-06T00:00,9.4,14.0,215,42
2023-10-06T01:00,8.2,12.5,221,45
2023-10-06T02:00,7.3,11.2,222,48
2023-10-06T03:00,6.2,10.4,226,52
2023-10-06T04:00,5.1,8.8,235,58
2023-10-06T05:00,4.1,6.2,260,67
2023-10-06T06:00,5.4,5.4,290,58
2023-10-06T07:00,8.3,2.5,270,50
2023-10-06T08:00,11.7,4.7,238,37
2023-10-06T09:00,14.2,5.2,236,29
2023-10-06T10:00,16.6,7.3,259,25
2023-10-06T11:00,18.3,6.2,280,22
2023-10-06T12:00,19.5,5.8,300,20
2023-10-06T13:00,20.8,7.6,289,16
2023-10-06T14:00,21.8,4.6,288,14
2023-10-06T15:00,21.9,3.3,131,13
2023-10-06T16:00,20.6,19.0,65,17
2023-10-06T17:00,16.4,32.6,18,34
2023-10-06T18:00,15.1,26.2,328,38
2023-10-06T19:00,16.3,23.3,219,24
2023-10-06T20:00,14.8,25.8,216,27
2023-10-06T21:00,13.2,24.7,223,26
2023-10-06T22:00,12.1,17.9,218,27
2023-10-06T23:00,11.1,11.5,224,29
2023-10-07T00:00,9.8,9.0,217,33
2023-10-07T01:00,8.9,9.8,204,35
2023-10-07T02:00,7.5,5.4,233,44
2023-10-07T03:00,7.2,4.3,222,43
2023-10-07T04:00,6.1,4.3,270,47
2023-10-07T05:00,4.7,6.9,313,57
2023-10-07T06:00,6.0,6.1,320,59
2023-10-07T07:00,8.6,3.7,241,49
2023-10-07T08:00,11.8,2.3,231,31
2023-10-07T09:00,14.4,3.4,58,29
2023-10-07T10:00,16.8,3.1,54,23
2023-10-07T11:00,18.4,2.7,23,21
2023-10-07T12:00,19.9,7.1,24,20
2023-10-07T13:00,21.1,9.9,10,18
2023-10-07T14:00,21.7,12.0,9,17
2023-10-07T15:00,21.3,8.3,358,18
2023-10-07T16:00,21.7,14.5,35,18
2023-10-07T17:00,12.3,20.7,319,56
2023-10-07T18:00,13.8,19.7,38,48
2023-10-07T19:00,14.8,22.7,358,39
2023-10-07T20:00,13.9,26.1,340,43
2023-10-07T21:00,13.2,15.8,297,45
2023-10-07T22:00,12.5,18.1,265,25
2023-10-07T23:00,11.3,17.0,266,28
2023-10-08T00:00,10.5,13.4,246,30
2023-10-08T01:00,9.3,9.8,242,36
2023-10-08T02:00,7.6,7.4,256,46
2023-10-08T03:00,6.2,5.8,270,54
2023-10-08T04:00,7.1,2.5,262,44
2023-10-08T05:00,6.5,1.0,315,48
2023-10-08T06:00,5.7,4.2,340,61
2023-10-08T07:00,8.7,2.6,16,59
2023-10-08T08:00,11.7,1.6,27,47
2023-10-08T09:00,14.1,1.3,326,32
2023-10-08T10:00,16.1,4.1,285,24
2023-10-08T11:00,17.6,5.4,312,22
2023-10-08T12:00,19.2,5.9,313,20
2023-10-08T13:00,20.4,6.6,283,16
2023-10-08T14:00,21.1,7.9,267,14
2023-10-08T15:00,21.5,6.1,230,13
2023-10-08T16:00,21.5,3.6,45,12
2023-10-08T17:00,20.3,26.0,47,22
2023-10-08T18:00,18.0,20.1,81,30
2023-10-08T19:00,16.7,4.7,90,34
2023-10-08T20:00,15.0,2.5,180,50
2023-10-08T21:00,12.3,20.7,187,76
2023-10-08T22:00,11.9,18.0,147,75
2023-10-08T23:00,10.9,13.5,164,73
2023-10-09T00:00,9.8,14.1,183,79
2023-10-09T01:00,9.0,12.9,193,91
2023-10-09T02:00,8.3,13.2,206,88
2023-10-09T03:00,8.1,10.0,218,50
2023-10-09T04:00,6.6,5.7,288,43
2023-10-09T05:00,5.7,7.3,327,68
2023-10-09T06:00,6.2,6.2,339,87
2023-10-09T07:00,9.3,8.4,335,67
2023-10-09T08:00,11.5,6.4,317,56
2023-10-09T09:00,13.6,2.7,247,45
2023-10-09T10:00,16.0,2.9,210,33
2023-10-09T11:00,17.9,3.8,221,25
2023-10-09T12:00,19.5,4.2,200,21
2023-10-09T13:00,21.0,6.9,152,18
2023-10-09T14:00,21.0,20.5,108,23
2023-10-09T15:00,18.9,30.4,76,28
2023-10-09T16:00,18.8,24.2,75,26
2023-10-09T17:00,17.0,22.1,71,36
2023-10-09T18:00,15.6,18.7,79,43
2023-10-09T19:00,14.7,19.9,86,51
2023-10-09T20:00,13.7,10.1,88,57
2023-10-09T21:00,12.7,3.1,216,62
2023-10-09T22:00,9.9,21.9,228,73
2023-10-09T23:00,10.2,13.4,185,71
2023-10-10T00:00,9.5,8.1,225,76
2023-10-10T01:00,8.5,4.0,180,81
2023-10-10T02:00,8.6,1.4,360,81
2023-10-10T03:00,7.7,7.1,345,85
2023-10-10T04:00,7.2,5.4,360,89
2023-10-10T05:00,6.6,6.6,22,91
2023-10-10T06:00,7.1,9.5,11,83
2023-10-10T07:00,9.7,13.7,342,63
2023-10-10T08:00,12.0,10.6,325,54
2023-10-10T09:00,13.9,5.8,338,46
2023-10-10T10:00,15.6,6.0,17,38
2023-10-10T11:00,17.5,6.2,36,31
2023-10-10T12:00,19.3,8.6,68,25
2023-10-10T13:00,20.6,16.3,82,20
2023-10-10T14:00,20.7,23.4,79,18
2023-10-10T15:00,20.1,23.6,78,20
2023-10-10T16:00,18.7,24.4,82,25
2023-10-10T17:00,17.3,23.8,93,31
2023-10-10T18:00,15.3,21.1,98,42
2023-10-10T19:00,14.5,21.2,100,49
2023-10-10T20:00,13.4,20.2,90,50
2023-10-10T21:00,12.5,13.6,78,57
2023-10-10T22:00,11.2,4.5,104,59
2023-10-10T23:00,10.1,6.0,197,68
2023-10-11T00:00,8.9,5.0,210,83
2023-10-11T01:00,8.0,4.8,207,92
2023-10-11T02:00,7.4,5.4,200,96
2023-10-11T03:00,6.8,3.3,193,95
2023-10-11T04:00,7.1,1.8,323,88
2023-10-11T05:00,5.3,5.2,344,97
2023-10-11T06:00,6.4,3.3,347,93
2023-10-11T07:00,9.4,2.2,360,70
2023-10-11T08:00,12.7,6.1,360,52
2023-10-11T09:00,15.0,5.8,4,39
2023-10-11T10:00,16.7,4.4,35,31
2023-10-11T11:00,18.4,4.7,94,24
2023-10-11T12:00,20.5,11.0,109,18
2023-10-11T13:00,21.3,20.5,91,13
2023-10-11T14:00,21.3,23.4,86,11
2023-10-11T15:00,20.9,24.9,88,16
2023-10-11T16:00,19.2,27.8,85,21
2023-10-11T17:00,17.8,27.8,95,25
2023-10-11T18:00,15.3,24.9,92,32
2023-10-11T19:00,14.9,20.9,94,41
2023-10-11T20:00,13.8,17.8,82,48
2023-10-11T21:00,12.8,11.8,63,49
2023-10-11T22:00,11.4,4.1,315,47
2023-10-11T23:00,10.6,7.7,217,55
2023-10-12T00:00,9.6,8.0,185,67
2023-10-12T01:00,8.5,7.2,162,77
2023-10-12T02:00,7.6,7.6,155,84
2023-10-12T03:00,7.9,2.2,261,83
2023-10-12T04:00,6.8,2.3,309,88
2023-10-12T05:00,4.8,6.0,17,95
2023-10-12T06:00,6.5,8.9,14,75
2023-10-12T07:00,9.2,5.8,360,60
2023-10-12T08:00,12.6,8.4,340,44
2023-10-12T09:00,15.0,8.7,7,35
2023-10-12T10:00,16.5,9.2,64,28
2023-10-12T11:00,18.5,14.4,86,22
2023-10-12T12:00,19.4,20.2,92,20
2023-10-12T13:00,19.8,20.9,91,19
2023-10-12T14:00,19.9,20.9,92,17
2023-10-12T15:00,19.6,22.0,101,19
2023-10-12T16:00,18.4,25.1,117,22
2023-10-12T17:00,17.0,25.0,113,25
2023-10-12T18:00,14.9,25.2,107,35
2023-10-12T19:00,14.1,20.8,124,35
2023-10-12T20:00,12.9,15.6,113,48
2023-10-12T21:00,11.7,12.2,88,59
2023-10-12T22:00,10.6,8.5,54,64
2023-10-12T23:00,9.6,8.6,22,60
2023-10-13T00:00,8.4,6.5,6,58
2023-10-13T01:00,9.0,1.0,315,50
2023-10-13T02:00,7.0,7.9,177,61
2023-10-13T03:00,5.8,6.5,177,76
2023-10-13T04:00,6.4,0.5,135,78
2023-10-13T05:00,5.0,4.0,355,83
2023-10-13T06:00,5.7,8.4,10,73
2023-10-13T07:00,9.4,10.0,345,61
2023-10-13T08:00,12.2,10.2,342,47
2023-10-13T09:00,14.5,9.8,6,35
2023-10-13T10:00,16.2,11.6,60,31
2023-10-13T11:00,17.4,19.5,85,29
2023-10-13T12:00,18.1,22.5,84,29
2023-10-13T13:00,18.9,23.5,86,26
2023-10-13T14:00,19.0,27.1,94,22
2023-10-13T15:00,18.9,26.3,89,18
2023-10-13T16:00,17.5,29.8,98,25
2023-10-13T17:00,15.4,28.6,111,35
2023-10-13T18:00,14.0,24.2,95,43
2023-10-13T19:00,12.9,22.4,94,50
2023-10-13T20:00,11.9,21.5,67,48
2023-10-13T21:00,10.9,15.5,62,52
2023-10-13T22:00,9.8,6.1,62,62
2023-10-13T23:00,9.0,3.4,148,71
2023-10-14T00:00,8.3,3.1,144,74
2023-10-14T01:00,7.9,0.4,90,73
2023-10-14T02:00,7.1,2.3,18,77
2023-10-14T03:00,5.4,4.5,331,85
2023-10-14T04:00,5.1,7.7,311,85
2023-10-14T05:00,4.7,8.2,331,87
2023-10-14T06:00,6.0,8.7,353,76
2023-10-14T07:00,9.0,4.9,324,66
2023-10-14T08:00,11.5,6.4,317,50
2023-10-14T09:00,13.8,7.9,321,37
2023-10-14T10:00,15.7,6.3,13,29
2023-10-14T11:00,17.4,9.1,34,25
2023-10-14T12:00,18.6,13.6,40,23
2023-10-14T13:00,19.3,15.5,59,22
2023-10-14T14:00,19.6,21.9,73,22
2023-10-14T15:00,17.9,24.5,73,25
2023-10-14T16:00,16.9,22.1,83,28
2023-10-14T17:00,15.8,22.4,75,33
2023-10-14T18:00,14.0,21.3,106,49
2023-10-14T19:00,13.2,13.7,120,49
2023-10-14T20:00,13.4,4.0,95,45
2023-10-14T21:00,12.3,9.3,324,49
2023-10-14T22:00,11.1,12.6,336,53
2023-10-14T23:00,10.0,16.2,343,51
2023-10-15T00:00,9.1,15.5,347,52
2023-10-15T01:00,8.2,12.1,348,55
2023-10-15T02:00,7.3,9.3,347,60
2023-10-15T03:00,6.3,8.9,346,66
2023-10-15T04:00,5.5,8.8,351,70
2023-10-15T05:00,4.8,9.0,358,74
2023-10-15T06:00,5.4,8.0,355,71
2023-10-15T07:00,8.3,5.2,344,61
2023-10-15T08:00,10.7,5.9,317,53
2023-10-15T09:00,13.5,9.3,332,39
2023-10-15T10:00,15.8,12.0,351,25
2023-10-15T11:00,17.4,13.4,8,20
2023-10-15T12:00,18.5,7.9,3,18
2023-10-15T13:00,19.6,2.2,279,15
2023-10-15T14:00,20.1,15.3,81,14
2023-10-15T15:00,18.5,24.2,86,21
2023-10-15T16:00,17.3,20.2,93,26
2023-10-15T17:00,15.7,20.6,96,33
2023-10-15T18:00,14.0,19.7,99,46
2023-10-15T19:00,13.4,20.8,99,49
2023-10-15T20:00,12.7,17.6,90,50
2023-10-15T21:00,11.7,13.9,73,53
2023-10-15T22:00,10.4,12.1,73,56
2023-10-15T23:00,9.2,13.0,76,61
2023-10-16T00:00,7.9,4.2,59,70
2023-10-16T01:00,7.4,8.7,232,72
2023-10-16T02:00,6.6,10.5,211,83
2023-10-16T03:00,5.9,8.4,205,87
2023-10-16T04:00,4.9,4.7,189,93
2023-10-16T05:00,5.5,1.9,22,90
2023-10-16T06:00,5.3,4.5,14,91
2023-10-16T07:00,7.9,6.2,234,77
2023-10-16T08:00,10.9,6.7,234,58
2023-10-16T09:00,12.8,1.5,315,46
2023-10-16T10:00,15.1,5.8,30,33
2023-10-16T11:00,17.0,12.6,63,24
2023-10-16T12:00,18.1,16.7,65,20
2023-10-16T13:00,19.1,18.3,70,18
2023-10-16T14:00,19.0,26.3,99,21
2023-10-16T15:00,18.3,29.3,96,24
2023-10-16T16:00,17.1,29.2,90,27
2023-10-16T17:00,15.0,27.4,92,38
2023-10-16T18:00,13.8,22.9,97,40
2023-10-16T19:00,12.5,24.9,92,45
2023-10-16T20:00,11.1,21.1,82,51
2023-10-16T21:00,10.0,14.2,83,60
2023-10-16T22:00,8.9,5.4,90,68
2023-10-16T23:00,7.9,6.4,223,72
2023-10-17T00:00,7.1,10.1,207,74
2023-10-17T01:00,6.3,8.5,192,80
2023-10-17T02:00,5.4,4.3,180,88
2023-10-17T03:00,5.4,3.6,276,88
2023-10-17T04:00,3.9,5.5,302,94
2023-10-17T05:00,3.5,6.5,354,96
2023-10-17T06:00,4.8,6.3,13,89
2023-10-17T07:00,8.2,4.0,355,71
2023-10-17T08:00,10.5,3.4,302,57
2023-10-17T09:00,12.3,2.4,333,45
2023-10-17T10:00,14.2,5.6,40,34
2023-10-17T11:00,16.2,11.5,51,27
2023-10-17T12:00,17.3,12.6,53,23
2023-10-17T13:00,18.5,9.3,54,20
2023-10-17T14:00,19.5,13.5,74,18
2023-10-17T15:00,17.4,24.7,82,27
2023-10-17T16:00,16.4,18.4,87,29
2023-10-17T17:00,15.6,15.5,87,31
2023-10-17T18:00,13.8,20.6,96,46
2023-10-17T19:00,12.9,18.1,95,43
2023-10-17T20:00,11.9,13.5,81,53
2023-10-17T21:00,11.2,15.8,41,50
2023-10-17T22:00,10.1,12.0,21,53
2023-10-17T23:00,9.1,10.3,245,62
2023-10-18T00:00,8.0,10.5,229,75
2023-10-18T01:00,7.5,6.2,280,77
2023-10-18T02:00,6.6,6.3,283,80
2023-10-18T03:00,6.2,4.4,279,83
2023-10-18T04:00,5.2,3.6,217,87
2023-10-18T05:00,4.5,3.8,253,93
2023-10-18T06:00,5.1,1.1,162,89
2023-10-18T07:00,7.4,4.7,212,70
2023-10-18T08:00,9.5,2.3,39,58
2023-10-18T09:00,12.2,9.0,337,45
2023-10-18T10:00,14.0,10.0,339,37
2023-10-18T11:00,15.6,9.1,9,31
2023-10-18T12:00,16.5,8.9,21,28
2023-10-18T13:00,17.4,7.9,16,25
2023-10-18T14:00,18.0,10.0,41,24
2023-10-18T15:00,17.0,16.4,64,27
2023-10-18T16:00,16.4,10.6,72,29
2023-10-18T17:00,14.5,24.1,55,39
2023-10-18T18:00,12.4,16.7,84,52
2023-10-18T19:00,11.8,7.1,41,50
2023-10-18T20:00,10.8,15.3,227,55
2023-10-18T21:00,9.4,15.9,213,66
2023-10-18T22:00,9.2,7.2,186,70
2023-10-18T23:00,8.3,8.2,142,78
2023-10-19T00:00,8.0,10.7,138,80
2023-10-19T01:00,7.5,12.6,149,82
2023-10-19T02:00,6.2,6.6,119,88
2023-10-19T03:00,6.1,5.0,69,91
2023-10-19T04:00,5.7,7.1,240,92
2023-10-19T05:00,5.9,6.2,249,87
2023-10-19T06:00,5.1,6.4,344,91
2023-10-19T07:00,7.3,9.4,220,80
2023-10-19T08:00,8.5,8.4,227,73
2023-10-19T09:00,10.3,4.7,238,65
2023-10-19T10:00,11.4,7.4,194,61
2023-10-19T11:00,12.2,10.7,147,58
2023-10-19T12:00,13.0,8.5,144,56
2023-10-19T13:00,14.5,7.7,152,53
2023-10-19T14:00,14.2,6.7,126,52
2023-10-19T15:00,10.7,17.5,82,67
2023-10-19T16:00,11.3,7.4,337,63
2023-10-19T17:00,9.4,12.3,255,74
2023-10-19T18:00,8.5,15.5,234,79
2023-10-19T19:00,8.2,12.7,227,81
2023-10-19T20:00,7.8,17.4,263,81
2023-10-19T21:00,6.1,15.0,259,89
2023-10-19T22:00,5.8,4.7,261,87
2023-10-19T23:00,6.0,3.3,264,88
2023-10-20T00:00,5.8,1.6,333,92
2023-10-20T01:00,6.1,3.0,14,89
2023-10-20T02:00,5.4,8.0,333,93
2023-10-20T03:00,5.1,5.4,318,88
2023-10-20T04:00,4.7,1.5,45,91
2023-10-20T05:00,5.4,1.3,326,92
2023-10-20T06:00,5.6,3.3,319,93
2023-10-20T07:00,6.5,2.9,120,89
2023-10-20T08:00,8.7,4.2,31,80
2023-10-20T09:00,10.6,4.9,17,69
2023-10-20T10:00,12.0,5.9,14,59
2023-10-20T11:00,13.2,6.4,16,52
2023-10-20T12:00,14.1,7.1,15,50
2023-10-20T13:00,15.1,4.3,5,48
2023-10-20T14:00,15.0,3.3,49,48
2023-10-20T15:00,14.2,12.4,112,52
2023-10-20T16:00,12.4,7.6,59,55
2023-10-20T17:00,11.9,4.8,48,59
2023-10-20T18:00,10.3,11.5,200,70
2023-10-20T19:00,10.2,10.0,257,76
2023-10-20T20:00,8.4,6.7,74,85
2023-10-20T21:00,7.0,5.2,168,93
2023-10-20T22:00,7.6,12.1,240,86
2023-10-20T23:00,5.6,9.4,238,86
2023-10-21T00:00,4.1,5.4,250,94
2023-10-21T01:00,4.7,2.6,196,91
2023-10-21T02:00,4.5,3.4,252,95
2023-10-21T03:00,4.2,3.8,253,97
2023-10-21T04:00,3.9,4.7,266,98
2023-10-21T05:00,2.7,4.5,299,100
2023-10-21T06:00,4.2,5.4,290,100
2023-10-21T07:00,6.8,6.9,332,88
2023-10-21T08:00,8.9,14.3,335,71
2023-10-21T09:00,10.7,15.3,352,60
2023-10-21T10:00,12.2,12.2,360,57
2023-10-21T11:00,13.2,9.4,7,56
2023-10-21T12:00,14.0,9.4,7,55
2023-10-21T13:00,16.2,12.4,8,47
2023-10-21T14:00,10.6,21.7,78,70
2023-10-21T15:00,12.8,16.2,78,59
2023-10-21T16:00,11.7,7.3,33,64
2023-10-21T17:00,11.9,6.9,309,60
2023-10-21T18:00,8.7,4.2,149,78
2023-10-21T19:00,8.5,14.7,234,81
2023-10-21T20:00,7.4,12.7,195,87
2023-10-21T21:00,6.7,7.8,202,90
2023-10-21T22:00,6.3,9.4,223,91
2023-10-21T23:00,6.2,7.4,247,91
2023-10-22T00:00,6.0,8.5,298,91
2023-10-22T01:00,5.5,6.3,283,95
2023-10-22T02:00,4.2,5.9,218,98
2023-10-22T03:00,4.6,3.9,236,96
2023-10-22T04:00,4.6,1.1,252,95
2023-10-22T05:00,4.1,3.4,108,98
2023-10-22T06:00,4.0,1.8,37,99
2023-10-22T07:00,6.5,1.8,217,92
2023-10-22T08:00,8.7,5.4,360,78
2023-10-22T09:00,10.6,8.4,340,65
2023-10-22T10:00,12.1,8.2,331,55
2023-10-22T11:00,13.0,6.9,321,50
2023-10-22T12:00,13.8,4.7,337,47
2023-10-22T13:00,15.2,4.9,287,46
2023-10-22T14:00,15.5,5.8,270,45
2023-10-22T15:00,15.8,3.1,339,42
2023-10-22T16:00,13.4,16.9,90,52
2023-10-22T17:00,12.3,14.0,119,56
2023-10-22T18:00,11.2,10.6,152,68
2023-10-22T19:00,9.5,22.5,219,77
2023-10-22T20:00,8.0,16.9,214,80
2023-10-22T21:00,7.7,14.4,217,80
2023-10-22T22:00,7.6,8.9,207,80
2023-10-22T23:00,7.3,10.2,225,82
2023-10-23T00:00,6.8,9.0,247,88
2023-10-23T01:00,5.2,8.2,232,92
2023-10-23T02:00,4.3,9.8,352,96
2023-10-23T03:00,5.1,7.3,349,98
2023-10-23T04:00,5.0,12.6,329,96
2023-10-23T05:00,4.9,9.8,343,93
2023-10-23T06:00,4.6,8.3,18,96
2023-10-23T07:00,6.8,5.6,345,88
2023-10-23T08:00,8.6,4.9,324,81
2023-10-23T09:00,9.9,1.0,45,72
2023-10-23T10:00,9.7,10.7,57,76
2023-10-23T11:00,11.0,5.4,37,72
2023-10-23T12:00,12.9,2.8,50,65
2023-10-23T13:00,13.6,2.6,124,63
2023-10-23T14:00,15.0,11.5,122,56
2023-10-23T15:00,13.8,11.6,120,60
2023-10-23T16:00,13.3,11.6,83,58
2023-10-23T17:00,11.3,5.9,194,62
2023-10-23T18:00,10.3,13.6,233,73
2023-10-23T19:00,8.6,20.2,219,79
2023-10-23T20:00,8.1,13.6,217,82
2023-10-23T21:00,8.1,10.0,201,83
2023-10-23T22:00,7.6,6.6,202,85
2023-10-23T23:00,7.2,3.6,127,91
2023-10-24T00:00,6.5,2.9,173,91
2023-10-24T01:00,6.1,4.0,355,95
2023-10-24T02:00,6.2,4.3,312,92
2023-10-24T03:00,6.0,4.5,284,94
2023-10-24T04:00,5.4,5.8,300,97
2023-10-24T05:00,5.0,5.4,312,98
2023-10-24T06:00,6.3,4.6,288,95
2023-10-24T07:00,8.0,5.1,266,84
2023-10-24T08:00,9.3,1.4,90,76
2023-10-24T09:00,10.8,7.9,133,72
2023-10-24T10:00,12.1,10.7,138,67
2023-10-24T11:00,13.1,10.8,127,62
2023-10-24T12:00,13.3,8.4,133,61
2023-10-24T13:00,13.8,8.5,144,60
2023-10-24T14:00,14.4,11.9,119,57
2023-10-24T15:00,14.6,12.2,104,52
2023-10-24T16:00,13.6,12.3,105,53
2023-10-24T17:00,13.0,8.6,92,52
2023-10-24T18:00,11.3,7.7,143,68
2023-10-24T19:00,9.7,15.8,215,79
2023-10-24T20:00,8.4,9.0,180,85
2023-10-24T21:00,7.9,7.6,155,89
2023-10-24T22:00,7.6,4.3,132,91
2023-10-24T23:00,6.9,4.0,90,94
2023-10-25T00:00,6.7,6.5,6,94
2023-10-25T01:00,5.9,6.7,16,97
2023-10-25T02:00,5.3,6.2,10,98
2023-10-25T03:00,5.4,5.8,7,98
2023-10-25T04:00,5.2,9.6,56,98
2023-10-25T05:00,5.7,5.6,345,96
2023-10-25T06:00,6.1,7.3,281,98
2023-10-25T07:00,7.9,6.8,270,85
2023-10-25T08:00,9.4,5.4,312,77
2023-10-25T09:00,10.9,1.6,333,68
2023-10-25T10:00,12.3,1.6,63,67
2023-10-25T11:00,13.3,0.8,153,64
2023-10-25T12:00,14.4,2.9,180,61
2023-10-25T13:00,15.7,7.0,168,55
2023-10-25T14:00,16.2,14.7,126,52
2023-10-25T15:00,16.4,19.1,112,46
2023-10-25T16:00,14.8,23.1,87,48
2023-10-25T17:00,11.8,18.7,236,62
2023-10-25T18:00,8.7,14.5,226,85
2023-10-25T19:00,6.6,23.4,239,90
2023-10-25T20:00,7.2,21.9,222,87
2023-10-25T21:00,6.8,10.1,243,88
2023-10-25T22:00,6.7,7.2,264,91
2023-10-25T23:00,6.0,5.6,310,94
2023-10-26T00:00,5.8,5.8,4,96
2023-10-26T01:00,5.3,5.5,349,97
2023-10-26T02:00,4.8,3.2,297,99
2023-10-26T03:00,4.2,5.9,259,100
2023-10-26T04:00,3.4,3.6,323,98
2023-10-26T05:00,3.3,6.0,327,99
2023-10-26T06:00,3.9,4.8,333,99
2023-10-26T07:00,5.5,5.2,326,98
2023-10-26T08:00,8.3,5.4,312,79
2023-10-26T09:00,10.9,9.7,312,71
2023-10-26T10:00,12.8,7.4,299,57
2023-10-26T11:00,13.8,3.0,256,50
2023-10-26T12:00,14.6,2.5,262,49
2023-10-26T13:00,15.3,1.8,259,46
2023-10-26T14:00,16.1,3.2,270,44
2023-10-26T15:00,16.0,6.2,291,42
2023-10-26T16:00,16.2,0.8,117,39
2023-10-26T17:00,14.1,18.8,58,51
2023-10-26T18:00,12.2,11.0,41,62
2023-10-26T19:00,8.2,24.0,311,85
2023-10-26T20:00,10.6,9.2,281,71
2023-10-26T21:00,9.8,15.5,242,49
2023-10-26T22:00,8.2,14.6,232,55
2023-10-26T23:00,7.3,14.6,230,60
2023-10-27T00:00,6.2,13.2,227,66
2023-10-27T01:00,5.3,10.4,226,71
2023-10-27T02:00,4.6,9.8,234,74
2023-10-27T03:00,3.8,9.2,239,76
2023-10-27T04:00,2.7,5.8,277,83
2023-10-27T05:00,1.9,4.6,321,92
2023-10-27T06:00,2.4,3.5,294,96
2023-10-27T07:00,6.3,5.0,270,80
2023-10-27T08:00,10.2,5.8,263,47
2023-10-27T09:00,12.2,3.1,315,45
2023-10-27T10:00,14.1,2.3,309,39
2023-10-27T11:00,15.8,5.2,282,32
2023-10-27T12:00,16.8,9.1,277,31
2023-10-27T13:00,17.3,10.3,282,33
2023-10-27T14:00,17.7,9.7,268,34
2023-10-27T15:00,17.6,7.9,267,34
2023-10-27T16:00,18.5,13.3,267,31
2023-10-27T17:00,12.7,23.8,333,62
2023-10-27T18:00,12.0,18.5,327,66
2023-10-27T19:00,10.8,16.1,340,70
2023-10-27T20:00,10.9,12.6,250,65
2023-10-27T21:00,9.8,13.4,234,45
2023-10-27T22:00,8.2,10.6,208,52
2023-10-27T23:00,6.8,17.2,206,55
2023-10-28T00:00,6.0,17.5,217,53
2023-10-28T01:00,5.4,18.9,220,52
2023-10-28T02:00,4.5,19.2,214,57
2023-10-28T03:00,4.0,17.4,220,58
2023-10-28T04:00,3.6,15.3,221,60
2023-10-28T05:00,3.0,13.2,223,63
2023-10-28T06:00,3.7,11.0,229,62
2023-10-28T07:00,6.4,9.5,233,54
2023-10-28T08:00,10.1,10.6,242,41
2023-10-28T09:00,12.1,8.8,261,38
2023-10-28T10:00,13.6,8.0,297,38
2023-10-28T11:00,14.8,4.2,301,36
2023-10-28T12:00,16.5,4.3,204,28
2023-10-28T13:00,18.4,5.6,243,22
2023-10-28T14:00,19.1,14.8,284,23
2023-10-28T15:00,17.9,14.9,290,30
2023-10-28T16:00,17.2,8.9,313,32
2023-10-28T17:00,16.2,16.0,261,33
2023-10-28T18:00,13.6,25.9,235,32
2023-10-28T19:00,11.4,21.6,208,38
2023-10-28T20:00,9.5,26.1,204,47
2023-10-28T21:00,7.9,24.0,210,53
2023-10-28T22:00,7.1,21.6,208,55
2023-10-28T23:00,6.1,19.1,212,58
2023-10-29T00:00,5.2,15.1,218,60
2023-10-29T01:00,4.4,11.5,212,60
2023-10-29T02:00,3.5,11.0,203,60
2023-10-29T03:00,2.9,12.9,210,60
2023-10-29T04:00,2.4,12.0,219,61
2023-10-29T05:00,1.8,9.4,238,65
2023-10-29T06:00,3.0,6.8,252,62
2023-10-29T07:00,5.9,10.7,230,49
2023-10-29T08:00,8.8,8.7,240,35
2023-10-29T09:00,11.1,5.4,266,30
2023-10-29T10:00,12.8,4.3,275,31
2023-10-29T11:00,14.4,4.4,305,27
2023-10-29T12:00,15.6,6.2,280,23
2023-10-29T13:00,16.8,7.3,250,20
2023-10-29T14:00,18.2,8.8,199,18
2023-10-29T15:00,19.1,13.9,190,17
2023-10-29T16:00,18.9,14.9,188,14
2023-10-29T17:00,16.2,10.8,182,17
2023-10-29T18:00,13.4,21.9,221,32
2023-10-29T19:00,11.1,27.7,212,36
2023-10-29T20:00,9.0,29.6,220,42
2023-10-29T21:00,7.8,26.3,230,46
2023-10-29T22:00,6.8,24.2,223,49
2023-10-29T23:00,6.0,19.9,228,52
2023-10-30T00:00,5.1,16.9,232,53
2023-10-30T01:00,4.4,13.1,249,55
2023-10-30T02:00,3.4,9.4,252,59
2023-10-30T03:00,2.7,9.0,241,60
2023-10-30T04:00,2.1,9.5,241,58
2023-10-30T05:00,1.3,7.0,282,64
2023-10-30T06:00,2.7,4.3,312,64
2023-10-30T07:00,6.4,3.6,307,44
2023-10-30T08:00,9.1,3.3,283,32
2023-10-30T09:00,11.7,4.3,312,31
2023-10-30T10:00,13.7,4.6,315,30
2023-10-30T11:00,15.7,7.3,303,29
2023-10-30T12:00,17.6,13.7,272,24
2023-10-30T13:00,18.4,17.3,258,22
2023-10-30T14:00,18.8,13.4,262,21
2023-10-30T15:00,19.3,8.7,275,18
2023-10-30T16:00,19.5,6.4,254,15
2023-10-30T17:00,18.1,11.7,189,12
2023-10-30T18:00,15.1,22.4,222,23
2023-10-30T19:00,12.7,21.5,211,30
2023-10-30T20:00,11.4,20.9,207,34
2023-10-30T21:00,9.4,22.5,220,44
2023-10-30T22:00,8.6,20.2,229,46
2023-10-30T23:00,7.2,17.7,237,50
2023-10-31T00:00,6.0,15.3,225,53
2023-10-31T01:00,5.3,11.5,224,53
2023-10-31T02:00,4.2,8.9,223,56
2023-10-31T03:00,3.0,6.9,227,62
2023-10-31T04:00,1.7,4.8,243,69
2023-10-31T05:00,0.4,5.4,274,74
2023-10-31T06:00,0.7,4.3,270,72
2023-10-31T07:00,4.3,4.2,290,57
2023-10-31T08:00,8.9,6.8,267,35
2023-10-31T09:00,12.5,6.1,273,16
2023-10-31T10:00,14.6,5.5,293,11
2023-10-31T11:00,16.4,5.6,285,11
2023-10-31T12:00,18.0,9.2,259,12
2023-10-31T13:00,19.3,13.0,246,11
2023-10-31T14:00,20.2,11.6,234,10
2023-10-31T15:00,20.1,8.0,207,9
2023-10-31T16:00,18.9,7.2,93,11
2023-10-31T17:00,16.9,22.0,72,20
2023-10-31T18:00,15.9,18.6,72,23
2023-10-31T19:00,15.0,15.6,241,23
2023-10-31T20:00,11.3,31.1,224,26
2023-10-31T21:00,9.9,28.3,236,37
2023-10-31T22:00,8.5,22.7,228,47
2023-10-31T23:00,7.9,16.9,218,51
2023-11-01T00:00,7.0,18.1,215,55
2023-11-01T01:00,6.0,16.8,222,58
2023-11-01T02:00,5.0,12.0,224,61
2023-11-01T03:00,4.1,8.9,227,63
2023-11-01T04:00,3.3,8.8,235,66
2023-11-01T05:00,2.2,6.6,257,71
2023-11-01T06:00,2.1,2.8,310,72
2023-11-01T07:00,5.6,3.4,302,59
2023-11-01T08:00,9.9,8.1,302,30
2023-11-01T09:00,12.9,8.3,304,22
2023-11-01T10:00,14.9,7.2,297,19
2023-11-01T11:00,16.7,7.2,267,16
2023-11-01T12:00,18.3,10.0,244,12
2023-11-01T13:00,19.6,12.4,244,9
2023-11-01T14:00,20.6,9.2,231,8
2023-11-01T15:00,20.2,9.9,123,12
2023-11-01T16:00,18.1,25.6,73,24
2023-11-01T17:00,16.2,31.4,77,19
2023-11-01T18:00,15.4,23.1,76,38
2023-11-01T19:00,14.8,3.4,252,39
2023-11-01T20:00,13.3,16.1,250,33
2023-11-01T21:00,10.6,25.4,238,30
2023-11-01T22:00,9.5,23.3,232,35
2023-11-01T23:00,8.3,20.6,224,40
2023-11-02T00:00,7.3,18.8,227,43
2023-11-02T01:00,6.2,14.0,228,44
2023-11-02T02:00,5.4,11.2,225,43
2023-11-02T03:00,4.7,12.2,225,43
2023-11-02T04:00,4.1,10.7,225,43
2023-11-02T05:00,3.4,8.3,236,46
2023-11-02T06:00,4.5,4.8,257,43
2023-11-02T07:00,7.6,5.5,259,31
2023-11-02T08:00,10.7,5.5,281,22
2023-11-02T09:00,13.1,6.0,295,18
2023-11-02T10:00,15.2,5.8,274,15
2023-11-02T11:00,17.2,6.8,252,13
2023-11-02T12:00,18.9,8.9,238,11
2023-11-02T13:00,20.4,10.4,226,10
2023-11-02T14:00,20.8,7.2,177,9
2023-11-02T15:00,20.6,14.8,94,13
2023-11-02T16:00,18.6,27.1,76,19
2023-11-02T17:00,17.6,26.8,78,20
2023-11-02T18:00,15.7,24.5,70,34
2023-11-02T19:00,15.6,14.3,56,32
2023-11-02T20:00,14.3,2.9,30,40
2023-11-02T21:00,13.7,11.1,193,40
2023-11-02T22:00,12.4,13.8,208,32
2023-11-02T23:00,10.8,12.2,225,25
2023-11-03T00:00,9.0,12.0,224,22
2023-11-03T01:00,7.8,10.6,204,27
2023-11-03T02:00,6.8,9.9,199,32
2023-11-03T03:00,5.9,8.7,222,36
2023-11-03T04:00,5.0,8.7,225,40
2023-11-03T05:00,4.4,10.2,225,44
2023-11-03T06:00,5.8,6.8,245,41
2023-11-03T07:00,9.1,4.4,261,30
2023-11-03T08:00,12.6,6.8,252,19
2023-11-03T09:00,14.6,1.6,153,28
2023-11-03T10:00,17.1,7.6,98,23
2023-11-03T11:00,18.8,15.7,79,19
2023-11-03T12:00,19.5,20.5,72,21
2023-11-03T13:00,19.5,22.1,78,22
2023-11-03T14:00,20.1,25.6,92,20
2023-11-03T15:00,18.9,22.7,79,21
2023-11-03T16:00,18.2,23.4,86,25
2023-11-03T17:00,15.7,11.4,35,34
2023-11-03T18:00,14.0,10.2,288,43
2023-11-03T19:00,13.2,12.7,305,48
2023-11-03T20:00,13.8,7.7,323,41
2023-11-03T21:00,12.5,9.0,355,48
2023-11-03T22:00,11.5,13.4,6,52
2023-11-03T23:00,10.2,13.7,357,57
2023-11-04T00:00,9.2,12.4,350,62
2023-11-04T01:00,8.6,15.5,359,64
2023-11-04T02:00,7.9,16.2,4,66
2023-11-04T03:00,7.2,15.5,3,70
2023-11-04T04:00,6.6,15.1,359,73
2023-11-04T05:00,5.8,14.8,359,76
2023-11-04T06:00,6.9,13.7,360,70
2023-11-04T07:00,9.3,18.2,352,57
2023-11-04T08:00,11.5,15.1,348,47
2023-11-04T09:00,13.9,14.4,347,39
2023-11-04T10:00,16.0,12.7,345,30
2023-11-04T11:00,17.7,11.5,360,24
2023-11-04T12:00,18.8,14.0,18,22
2023-11-04T13:00,19.8,11.9,29,21
2023-11-04T14:00,20.2,12.5,51,21
2023-11-04T15:00,18.8,18.9,55,27
2023-11-04T16:00,16.0,14.0,35,36
2023-11-04T17:00,14.5,18.3,45,47
2023-11-04T18:00,8.0,13.3,270,83
2023-11-04T19:00,10.2,5.6,255,72
2023-11-04T20:00,10.8,9.9,314,68
2023-11-04T21:00,10.6,7.7,319,70
2023-11-04T22:00,10.1,8.3,360,73
2023-11-04T23:00,9.4,9.3,344,74
2023-11-05T00:00,8.6,12.7,353,78
2023-11-05T01:00,7.8,13.9,350,82
2023-11-05T02:00,6.6,10.3,335,87
2023-11-05T03:00,6.3,10.5,344,89
2023-11-05T04:00,6.2,9.8,336,88
2023-11-05T05:00,6.0,8.8,348,88
2023-11-05T06:00,7.0,6.2,353,84
2023-11-05T07:00,9.4,8.4,329,71
2023-11-05T08:00,11.8,4.9,324,57
2023-11-05T09:00,13.4,4.8,347,50
2023-11-05T10:00,15.2,6.9,6,43
2023-11-05T11:00,17.0,9.6,20,36
2023-11-05T12:00,18.3,10.9,44,30
2023-11-05T13:00,19.4,13.7,76,25
2023-11-05T14:00,19.9,24.3,75,25
2023-11-05T15:00,16.8,17.8,36,37
2023-11-05T16:00,15.8,16.1,29,39
2023-11-05T17:00,14.7,10.5,333,42
2023-11-05T18:00,13.7,14.0,312,50
2023-11-05T19:00,13.3,13.1,302,51
2023-11-05T20:00,12.2,10.5,311,53
2023-11-05T21:00,11.3,7.1,345,63
2023-11-05T22:00,10.2,9.1,353,70
2023-11-05T23:00,9.4,9.7,356,71
2023-11-06T00:00,8.6,8.6,360,76
2023-11-06T01:00,7.9,9.4,356,79
2023-11-06T02:00,7.2,12.3,357,78
2023-11-06T03:00,6.7,13.1,352,80
2023-11-06T04:00,6.1,11.9,346,84
2023-11-06T05:00,5.6,9.8,343,88
2023-11-06T06:00,6.8,7.6,355,83
2023-11-06T07:00,9.4,12.6,340,70
2023-11-06T08:00,11.2,14.7,332,62
2023-11-06T09:00,12.9,17.1,332,54
2023-11-06T10:00,14.9,16.3,342,43
2023-11-06T11:00,16.3,15.8,348,35
2023-11-06T12:00,17.6,15.0,343,32
2023-11-06T13:00,18.8,15.6,337,30
2023-11-06T14:00,19.1,15.6,337,30
2023-11-06T15:00,13.7,23.0,35,52
2023-11-06T16:00,14.9,19.9,73,45
2023-11-06T17:00,14.3,7.8,112,46
2023-11-06T18:00,12.0,19.4,202,60
2023-11-06T19:00,11.0,16.3,223,67
2023-11-06T20:00,11.5,16.9,218,56
2023-11-06T21:00,10.5,10.9,207,63
2023-11-06T22:00,9.6,10.5,218,68
2023-11-06T23:00,8.5,8.9,207,74
2023-11-07T00:00,7.5,7.3,189,79
2023-11-07T01:00,6.8,5.9,232,83
2023-11-07T02:00,5.9,5.8,266,88
2023-11-07T03:00,6.4,2.2,351,85
2023-11-07T04:00,5.0,5.9,14,94
2023-11-07T05:00,5.2,7.9,24,93
2023-11-07T06:00,6.3,0.8,243,89
2023-11-07T07:00,8.8,4.5,284,77
2023-11-07T08:00,11.3,2.3,108,63
2023-11-07T09:00,13.2,4.0,117,58
2023-11-07T10:00,14.8,3.3,103,54
2023-11-07T11:00,16.4,6.5,87,48
2023-11-07T12:00,17.6,9.4,92,40
2023-11-07T13:00,19.2,15.1,93,28
2023-11-07T14:00,19.1,21.4,77,28
2023-11-07T15:00,17.8,22.4,62,32
2023-11-07T16:00,17.0,18.2,60,37
2023-11-07T17:00,14.8,11.0,67,42
2023-11-07T18:00,14.4,6.9,28,47
2023-11-07T19:00,13.1,11.2,213,53
2023-11-07T20:00,11.9,7.9,231,62
2023-11-07T21:00,11.0,6.8,295,71
2023-11-07T22:00,9.4,21.9,300,75
2023-11-07T23:00,9.0,14.8,244,71
2023-11-08T00:00,8.4,9.3,234,77
2023-11-08T01:00,7.6,2.9,240,88
2023-11-08T02:00,7.1,2.6,34,87
2023-11-08T03:00,6.3,4.4,351,91
2023-11-08T04:00,5.7,5.2,326,94
2023-11-08T05:00,4.9,4.4,325,97
2023-11-08T06:00,6.3,4.8,13,92
2023-11-08T07:00,9.2,7.6,357,73
2023-11-08T08:00,11.3,12.5,348,58
2023-11-08T09:00,13.1,10.8,2,49
2023-11-08T10:00,14.8,8.4,20,42
2023-11-08T11:00,16.7,10.8,37,32
2023-11-08T12:00,17.8,12.8,38,30
2023-11-08T13:00,18.6,10.3,36,29
2023-11-08T14:00,19.3,6.4,43,28
2023-11-08T15:00,19.4,13.3,49,27
2023-11-08T16:00,17.5,12.6,59,31
2023-11-08T17:00,17.0,12.9,108,30
2023-11-08T18:00,15.4,17.9,100,38
2023-11-08T19:00,14.0,17.7,77,50
2023-11-08T20:00,12.5,21.5,72,56
2023-11-08T21:00,11.4,19.5,60,64
2023-11-08T22:00,10.5,14.3,28,65
2023-11-08T23:00,9.1,12.3,308,73
2023-11-09T00:00,8.0,13.7,293,78
2023-11-09T01:00,7.4,12.8,322,79
2023-11-09T02:00,7.0,9.0,331,81
2023-11-09T03:00,6.3,3.6,6,89
2023-11-09T04:00,6.3,4.6,72,87
2023-11-09T05:00,6.5,4.1,105,86
2023-11-09T06:00,7.0,3.1,135,84
2023-11-09T07:00,8.4,2.3,162,75
2023-11-09T08:00,9.8,3.6,270,67
2023-11-09T09:00,10.8,6.4,43,64
2023-11-09T10:00,12.8,9.4,356,52
2023-11-09T11:00,14.3,14.5,19,44
2023-11-09T12:00,16.1,18.2,8,38
2023-11-09T13:00,16.9,17.0,13,37
2023-11-09T14:00,16.4,20.5,31,38
2023-11-09T15:00,13.4,20.8,67,49
2023-11-09T16:00,14.0,15.0,46,48
2023-11-09T17:00,11.5,7.2,127,65
2023-11-09T18:00,11.2,4.9,126,66
2023-11-09T19:00,8.2,10.9,262,84
2023-11-09T20:00,9.7,7.8,193,78
2023-11-09T21:00,9.0,5.2,214,82
2023-11-09T22:00,7.8,5.5,281,90
2023-11-09T23:00,7.2,6.8,288,94
2023-11-10T00:00,6.5,5.9,308,96
2023-11-10T01:00,5.9,7.2,342,95
2023-11-10T02:00,5.8,9.0,337,84
2023-11-10T03:00,5.4,9.5,335,79
2023-11-10T04:00,4.7,8.9,346,81
2023-11-10T05:00,4.2,7.0,325,85
2023-11-10T06:00,6.2,5.2,335,74
2023-11-10T07:00,8.9,12.2,326,62
2023-11-10T08:00,11.5,14.8,331,53
2023-11-10T09:00,13.3,17.1,338,49
2023-11-10T10:00,15.2,17.7,336,46
2023-11-10T11:00,16.5,17.9,330,42
2023-11-10T12:00,17.8,19.3,339,37
2023-11-10T13:00,16.8,16.5,314,39
2023-11-10T14:00,17.4,12.0,339,39
2023-11-10T15:00,12.1,18.2,189,69
2023-11-10T16:00,9.2,10.3,115,76
2023-11-10T17:00,10.4,19.7,218,71
2023-11-10T18:00,9.7,4.3,318,72
2023-11-10T19:00,9.5,5.4,222,76
2023-11-10T20:00,7.8,14.2,277,83
2023-11-10T21:00,6.8,11.0,302,88
2023-11-10T22:00,6.2,8.2,311,89
2023-11-10T23:00,5.8,7.9,317,87
2023-11-11T00:00,6.0,5.7,325,85
2023-11-11T01:00,6.2,4.3,318,86
2023-11-11T02:00,6.6,5.1,315,85
2023-11-11T03:00,6.3,6.5,304,87
2023-11-11T04:00,6.2,5.4,307,88
2023-11-11T05:00,5.8,4.7,293,93
2023-11-11T06:00,6.8,4.5,256,88
2023-11-11T07:00,8.1,4.2,250,80
2023-11-11T08:00,9.7,2.3,198,71
2023-11-11T09:00,11.1,4.9,144,63
2023-11-11T10:00,12.0,3.2,117,58
2023-11-11T11:00,13.4,3.1,69,57
2023-11-11T12:00,14.7,2.4,153,53
2023-11-11T13:00,15.5,5.2,164,50
2023-11-11T14:00,17.2,9.2,132,45
2023-11-11T15:00,11.7,22.9,62,66
2023-11-11T16:00,12.9,3.4,18,59
2023-11-11T17:00,9.4,6.4,308,77
2023-11-11T18:00,9.0,17.1,242,80
2023-11-11T19:00,8.7,7.8,248,83
2023-11-11T20:00,8.5,12.9,283,78
2023-11-11T21:00,8.2,12.6,297,81
2023-11-11T22:00,8.1,3.7,299,86
2023-11-11T23:00,7.4,5.3,62,91
2023-11-12T00:00,7.3,5.6,50,90
2023-11-12T01:00,7.2,1.8,349,90
2023-11-12T02:00,7.3,4.2,340,91
2023-11-12T03:00,7.4,3.4,342,86
2023-11-12T04:00,6.9,4.3,360,88
2023-11-12T05:00,6.1,9.2,39,94
2023-11-12T06:00,6.7,7.3,33,91
2023-11-12T07:00,8.7,5.5,23,84
2023-11-12T08:00,9.9,3.7,119,70
2023-11-12T09:00,11.2,2.9,97,69
2023-11-12T10:00,12.3,1.1,108,64
2023-11-12T11:00,13.5,2.1,239,60
2023-11-12T12:00,14.9,5.0,291,55
2023-11-12T13:00,15.5,5.2,304,50
2023-11-12T14:00,14.5,12.7,45,57
2023-11-12T15:00,13.2,16.0,59,66
2023-11-12T16:00,13.2,4.7,86,63
2023-11-12T17:00,9.1,15.1,288,79
2023-11-12T18:00,8.5,13.0,222,81
2023-11-12T19:00,6.1,8.7,240,97
2023-11-12T20:00,7.8,3.2,243,80
2023-11-12T21:00,7.2,2.9,353,87
2023-11-12T22:00,6.7,10.4,346,92
2023-11-12T23:00,6.2,5.0,339,92
2023-11-13T00:00,5.5,7.7,332,96
2023-11-13T01:00,5.3,8.7,330,95
2023-11-13T02:00,4.7,6.6,311,97
2023-11-13T03:00,4.2,4.4,305,99
2023-11-13T04:00,5.0,2.3,288,100
2023-11-13T05:00,4.3,4.5,346,100
2023-11-13T06:00,5.7,8.9,328,97
2023-11-13T07:00,6.6,11.0,319,93
2023-11-13T08:00,7.5,3.3,276,85
2023-11-13T09:00,9.8,2.5,262,75
2023-11-13T10:00,11.6,3.5,294,65
2023-11-13T11:00,13.2,1.8,360,62
2023-11-13T12:00,14.6,0.8,27,60
2023-11-13T13:00,15.2,0.8,117,58
2023-11-13T14:00,15.8,5.9,218,56
2023-11-13T15:00,16.0,8.4,205,50
2023-11-13T16:00,16.1,11.2,176,45
2023-11-13T17:00,14.7,12.6,110,49
2023-11-13T18:00,11.7,17.6,62,70
2023-11-13T19:00,11.1,2.9,7,76
2023-11-13T20:00,9.6,13.2,281,77
2023-11-13T21:00,9.4,5.7,305,81
2023-11-13T22:00,8.4,3.8,139,88
2023-11-13T23:00,7.5,4.5,256,91
2023-11-14T00:00,6.8,12.4,244,73
2023-11-14T01:00,5.6,9.6,214,75
2023-11-14T02:00,4.4,6.1,208,83
2023-11-14T03:00,3.5,4.2,239,88
2023-11-14T04:00,2.4,3.6,276,92
2023-11-14T05:00,1.2,3.9,292,99
2023-11-14T06:00,2.6,5.0,300,97
2023-11-14T07:00,5.2,6.1,315,94
2023-11-14T08:00,8.1,7.4,331,85
2023-11-14T09:00,10.8,7.1,336,74
2023-11-14T10:00,12.8,2.3,309,56
2023-11-14T11:00,14.1,0.8,117,51
2023-11-14T12:00,15.1,2.9,83,45
2023-11-14T13:00,16.0,4.3,85,42
2023-11-14T14:00,16.8,6.2,83,38
2023-11-14T15:00,16.6,7.6,95,41
2023-11-14T16:00,14.9,8.9,69,44
2023-11-14T17:00,14.4,13.0,6,47
2023-11-14T18:00,10.1,15.9,321,76
2023-11-14T19:00,9.5,15.8,315,79
2023-11-14T20:00,8.6,12.0,309,80
2023-11-14T21:00,8.1,9.3,332,84
2023-11-14T22:00,7.3,7.4,317,89
2023-11-14T23:00,6.3,6.5,186,94
2023-11-15T00:00,5.8,6.6,189,96
2023-11-15T01:00,5.2,6.3,204,95
2023-11-15T02:00,4.7,2.5,225,91
2023-11-15T03:00,4.2,4.6,288,91
2023-11-15T04:00,4.1,6.6,315,96
2023-11-15T05:00,4.1,7.2,323,99
2023-11-15T06:00,4.6,8.0,324,97
2023-11-15T07:00,5.3,8.2,311,99
2023-11-15T08:00,9.0,5.8,277,78
2023-11-15T09:00,11.5,7.1,300,61
2023-11-15T10:00,13.3,5.0,291,46
2023-11-15T11:00,14.7,4.1,285,41
2023-11-15T12:00,15.8,4.7,270,40
2023-11-15T13:00,16.4,4.6,288,41
2023-11-15T14:00,16.2,10.5,38,45
2023-11-15T15:00,14.5,19.2,52,52
2023-11-15T16:00,13.8,17.7,336,58
2023-11-15T17:00,12.3,13.4,297,65
2023-11-15T18:00,9.4,25.6,244,76
2023-11-15T19:00,9.5,10.5,202,76
2023-11-15T20:00,9.6,12.4,240,79
2023-11-15T21:00,9.1,14.4,212,73
2023-11-15T22:00,8.0,8.4,190,79
2023-11-15T23:00,7.7,7.4,219,79
2023-11-16T00:00,6.8,7.3,259,80
2023-11-16T01:00,5.8,7.6,278,88
2023-11-16T02:00,5.0,7.4,299,94
2023-11-16T03:00,4.3,8.0,297,97
2023-11-16T04:00,3.9,7.8,283,96
2023-11-16T05:00,3.3,6.1,298,96
2023-11-16T06:00,4.9,5.1,309,91
2023-11-16T07:00,8.1,4.9,287,77
2023-11-16T08:00,10.5,6.7,324,69
2023-11-16T09:00,12.5,9.4,317,62
2023-11-16T10:00,14.6,8.9,317,52
2023-11-16T11:00,15.6,7.9,321,50
2023-11-16T12:00,16.8,6.2,324,48
2023-11-16T13:00,17.5,3.1,291,46
2023-11-16T14:00,17.6,2.5,8,42
2023-11-16T15:00,13.7,23.0,49,59
2023-11-16T16:00,14.5,12.5,348,55
2023-11-16T17:00,13.1,10.4,290,61
2023-11-16T18:00,12.4,10.0,257,65
2023-11-16T19:00,10.3,20.4,212,75
2023-11-16T20:00,9.5,20.0,210,74
2023-11-16T21:00,9.3,17.8,223,72
2023-11-16T22:00,8.1,12.9,234,74
2023-11-16T23:00,7.2,12.0,226,76
2023-11-17T00:00,7.0,9.7,239,77
2023-11-17T01:00,6.6,7.2,270,81
2023-11-17T02:00,5.7,5.8,263,87
2023-11-17T03:00,5.0,6.5,251,89
2023-11-17T04:00,4.5,5.8,263,89
2023-11-17T05:00,4.3,6.5,276,89
2023-11-17T06:00,6.4,6.1,267,80
2023-11-17T07:00,9.5,6.3,257,63
2023-11-17T08:00,11.3,7.6,262,58
2023-11-17T09:00,13.3,8.4,263,48
2023-11-17T10:00,15.0,10.1,253,45
2023-11-17T11:00,16.4,9.2,259,44
2023-11-17T12:00,17.2,6.9,279,42
2023-11-17T13:00,18.2,7.2,252,38
2023-11-17T14:00,19.1,7.7,233,36
2023-11-17T15:00,19.2,5.4,228,34
2023-11-17T16:00,14.1,25.6,284,64
2023-11-17T17:00,9.5,6.4,74,82
2023-11-17T18:00,10.1,8.6,303,80
2023-11-17T19:00,10.1,7.6,278,75
2023-11-17T20:00,9.2,11.7,304,81
2023-11-17T21:00,8.8,6.5,304,83
2023-11-17T22:00,8.6,9.7,272,83
2023-11-17T23:00,8.4,12.4,234,62
2023-11-18T00:00,7.6,12.8,212,65
2023-11-18T01:00,6.8,13.0,222,68
2023-11-18T02:00,5.9,10.8,240,73
2023-11-18T03:00,5.0,8.4,260,77
2023-11-18T04:00,3.8,5.8,292,86
2023-11-18T05:00,2.2,2.9,300,98
2023-11-18T06:00,3.5,5.2,304,96
2023-11-18T07:00,5.7,6.0,303,87
2023-11-18T08:00,11.0,7.0,291,57
2023-11-18T09:00,12.9,6.4,297,48
2023-11-18T10:00,14.3,4.1,285,44
2023-11-18T11:00,15.5,2.8,230,40
2023-11-18T12:00,16.8,4.7,203,36
2023-11-18T13:00,17.8,6.5,214,32
2023-11-18T14:00,18.6,4.3,222,30
2023-11-18T15:00,18.3,9.2,116,30
2023-11-18T16:00,17.4,18.9,76,37
2023-11-18T17:00,16.1,18.0,57,37
2023-11-18T18:00,13.3,12.6,200,49
2023-11-18T19:00,9.8,8.2,221,70
2023-11-18T20:00,10.2,11.4,259,74
2023-11-18T21:00,10.9,14.4,238,59
2023-11-18T22:00,9.4,20.1,224,50
2023-11-18T23:00,8.3,16.6,221,56
2023-11-19T00:00,7.3,11.7,225,62
2023-11-19T01:00,6.3,11.6,216,65
2023-11-19T02:00,5.6,12.1,210,65
2023-11-19T03:00,4.9,10.2,212,68
2023-11-19T04:00,4.0,9.4,223,72
2023-11-19T05:00,3.1,8.9,230,76
2023-11-19T06:00,3.9,7.0,235,74
2023-11-19T07:00,6.7,6.6,261,66
2023-11-19T08:00,10.9,9.3,242,38
2023-11-19T09:00,12.9,5.6,220,39
2023-11-19T10:00,14.3,5.6,153,43
2023-11-19T11:00,15.4,5.9,133,41
2023-11-19T12:00,16.2,9.4,137,38
2023-11-19T13:00,16.3,8.4,140,37
2023-11-19T14:00,17.1,7.4,119,36
2023-11-19T15:00,17.0,6.4,63,36
2023-11-19T16:00,16.2,14.0,44,39
2023-11-19T17:00,15.2,17.6,31,40
2023-11-19T18:00,14.5,12.2,24,45
2023-11-19T19:00,13.4,9.4,358,54
2023-11-19T20:00,11.4,7.2,6,58
2023-11-19T21:00,10.6,12.2,294,65
2023-11-19T22:00,10.3,11.6,265,60
2023-11-19T23:00,9.0,10.5,239,58
2023-11-20T00:00,7.7,8.7,222,66
2023-11-20T01:00,7.0,11.7,225,66
2023-11-20T02:00,6.1,11.0,232,70
2023-11-20T03:00,5.3,9.6,214,74
2023-11-20T04:00,4.6,9.4,198,76
2023-11-20T05:00,4.1,8.7,197,78
2023-11-20T06:00,5.7,8.7,232,72
2023-11-20T07:00,8.4,9.7,211,59
2023-11-20T08:00,11.0,8.4,230,43
2023-11-20T09:00,12.8,4.8,193,45
2023-11-20T10:00,14.4,6.6,167,42
2023-11-20T11:00,16.0,9.0,143,36
2023-11-20T12:00,17.1,10.1,153,31
2023-11-20T13:00,18.4,10.4,160,27
2023-11-20T14:00,18.6,6.4,142,24
2023-11-20T15:00,18.2,14.8,72,28
2023-11-20T16:00,17.4,21.0,55,30
2023-11-20T17:00,16.6,19.9,45,29
2023-11-20T18:00,15.1,10.5,59,34
2023-11-20T19:00,13.6,8.0,85,47
2023-11-20T20:00,12.4,9.8,264,45
2023-11-20T21:00,11.1,17.3,234,30
2023-11-20T22:00,9.8,19.1,224,33
2023-11-20T23:00,8.6,17.6,215,40
2023-11-21T00:00,7.6,15.9,208,44
2023-11-21T01:00,6.4,13.3,218,50
2023-11-21T02:00,5.6,9.2,228,56
2023-11-21T03:00,4.7,7.4,256,66
2023-11-21T04:00,3.8,7.7,242,72
2023-11-21T05:00,2.8,6.1,242,79
2023-11-21T06:00,4.8,3.3,276,67
2023-11-21T07:00,8.2,3.9,292,49
2023-11-21T08:00,11.0,5.4,323,33
2023-11-21T09:00,13.1,6.4,333,35
2023-11-21T10:00,14.8,2.4,297,31
2023-11-21T11:00,16.6,2.8,230,25
2023-11-21T12:00,18.3,7.1,229,20
2023-11-21T13:00,19.7,7.4,223,16
2023-11-21T14:00,20.0,7.4,133,17
2023-11-21T15:00,18.7,17.4,97,25
2023-11-21T16:00,18.2,21.7,75,26
2023-11-21T17:00,17.0,23.7,68,26
2023-11-21T18:00,15.8,4.4,55,28
2023-11-21T19:00,14.8,14.2,261,27
2023-11-21T20:00,12.4,29.6,244,32
2023-11-21T21:00,10.5,30.1,233,35
2023-11-21T22:00,9.2,25.1,231,40
2023-11-21T23:00,8.2,20.7,231,41
2023-11-22T00:00,7.6,16.2,233,41
2023-11-22T01:00,6.9,14.0,226,40
2023-11-22T02:00,6.0,13.2,223,40
2023-11-22T03:00,5.0,14.0,226,41
2023-11-22T04:00,4.4,13.2,241,41
2023-11-22T05:00,3.5,11.0,251,44
2023-11-22T06:00,4.7,5.4,266,42
2023-11-22T07:00,8.1,5.9,259,31
2023-11-22T08:00,10.8,6.6,257,17
2023-11-22T09:00,13.0,6.5,276,14
2023-11-22T10:00,15.0,5.8,277,13
2023-11-22T11:00,16.8,6.3,283,13
2023-11-22T12:00,18.3,5.4,270,13
2023-11-22T13:00,19.7,4.6,252,12
2023-11-22T14:00,20.6,0.5,135,11
2023-11-22T15:00,20.7,10.2,100,12
2023-11-22T16:00,19.5,22.7,79,17
2023-11-22T17:00,17.8,26.0,71,18
2023-11-22T18:00,15.7,19.2,73,27
2023-11-22T19:00,15.5,5.6,15,32
2023-11-22T20:00,12.9,22.0,308,44
2023-11-22T21:00,12.8,14.4,266,39
2023-11-22T22:00,11.0,18.9,228,33
2023-11-22T23:00,9.7,22.8,232,41
2023-11-23T00:00,8.5,19.1,229,44
2023-11-23T01:00,7.7,14.8,229,45
2023-11-23T02:00,6.8,13.2,215,47
2023-11-23T03:00,6.1,12.2,214,48
2023-11-23T04:00,5.4,10.9,214,51
2023-11-23T05:00,4.6,11.0,212,54
2023-11-23T06:00,5.9,8.9,223,51
2023-11-23T07:00,8.9,11.1,234,36
2023-11-23T08:00,11.3,7.7,217,36
2023-11-23T09:00,13.2,4.6,198,37
2023-11-23T10:00,15.3,2.3,231,31
2023-11-23T11:00,17.2,2.1,301,26
2023-11-23T12:00,18.8,2.2,351,21
2023-11-23T13:00,19.7,4.0,63,21
2023-11-23T14:00,19.1,5.2,124,23
2023-11-23T15:00,18.9,12.8,128,23
2023-11-23T16:00,18.3,21.4,98,27
2023-11-23T17:00,15.9,18.0,78,37
2023-11-23T18:00,15.5,11.1,115,35
2023-11-23T19:00,14.6,15.5,134,39
2023-11-23T20:00,13.3,17.8,144,52
2023-11-23T21:00,12.0,4.7,270,61
2023-11-23T22:00,7.5,12.8,286,85
2023-11-23T23:00,9.4,5.1,231,66
2023-11-24T00:00,8.1,8.7,17,80
2023-11-24T01:00,7.6,10.3,25,86
2023-11-24T02:00,6.8,2.2,99,93
2023-11-24T03:00,6.4,3.6,186,94
2023-11-24T04:00,6.0,5.2,155,94
2023-11-24T05:00,5.4,2.5,98,97
2023-11-24T06:00,6.3,1.0,45,93
2023-11-24T07:00,8.7,1.1,198,78
2023-11-24T08:00,10.6,5.8,240,64
2023-11-24T09:00,12.2,3.6,233,56
2023-11-24T10:00,13.5,2.3,252,50
2023-11-24T11:00,14.6,2.2,270,49
2023-11-24T12:00,15.5,1.5,45,48
2023-11-24T13:00,15.0,15.0,114,50
2023-11-24T14:00,13.8,17.4,72,58
2023-11-24T15:00,13.5,20.5,88,53
2023-11-24T16:00,13.7,25.7,84,54
2023-11-24T17:00,12.5,11.5,76,58
2023-11-24T18:00,10.9,2.9,150,68
2023-11-24T19:00,8.9,12.2,146,78
2023-11-24T20:00,9.1,7.4,151,81
2023-11-24T21:00,8.5,8.0,153,84
2023-11-24T22:00,8.6,3.3,103,81
2023-11-24T23:00,8.3,2.3,129,82
2023-11-25T00:00,8.0,1.4,270,82
2023-11-25T01:00,7.9,5.6,225,85
2023-11-25T02:00,7.8,8.1,193,86
2023-11-25T03:00,7.5,9.5,171,89
2023-11-25T04:00,7.9,9.5,155,84
2023-11-25T05:00,7.5,12.5,131,84
2023-11-25T06:00,7.1,15.7,148,85
2023-11-25T07:00,7.3,13.7,157,83
2023-11-25T08:00,6.8,10.0,218,84
2023-11-25T09:00,7.5,9.5,233,80
2023-11-25T10:00,9.1,8.7,246,73
2023-11-25T11:00,10.9,8.2,241,74
2023-11-25T12:00,12.7,4.5,241,69
2023-11-25T13:00,13.6,4.5,299,65
2023-11-25T14:00,14.2,4.0,265,59
2023-11-25T15:00,8.8,18.4,48,85
2023-11-25T16:00,10.2,9.7,4,77
2023-11-25T17:00,8.4,10.3,331,85
2023-11-25T18:00,8.9,10.5,266,83
2023-11-25T19:00,8.4,11.2,255,83
2023-11-25T20:00,7.8,2.1,301,86
2023-11-25T21:00,8.2,6.8,273,83
2023-11-25T22:00,7.6,7.9,273,85
2023-11-25T23:00,7.4,5.8,277,87
2023-11-26T00:00,7.3,3.3,276,83
2023-11-26T01:00,7.3,2.8,320,82
2023-11-26T02:00,7.2,3.5,66,84
2023-11-26T03:00,7.1,4.9,36,86
2023-11-26T04:00,7.2,1.1,360,86
2023-11-26T05:00,7.3,1.8,281,86
2023-11-26T06:00,7.5,1.8,233,86
2023-11-26T07:00,8.5,2.8,310,84
2023-11-26T08:00,9.8,9.6,326,77
2023-11-26T09:00,11.2,11.5,340,69
2023-11-26T10:00,12.4,11.6,344,66
2023-11-26T11:00,13.9,10.7,340,62
2023-11-26T12:00,15.2,11.3,329,57
2023-11-26T13:00,15.9,11.8,308,51
2023-11-26T14:00,16.3,9.5,349,48
2023-11-26T15:00,9.5,16.8,81,84
2023-11-26T16:00,11.1,17.1,7,72
2023-11-26T17:00,8.6,10.8,268,84
2023-11-26T18:00,8.0,7.6,357,87
2023-11-26T19:00,8.5,6.5,304,87
2023-11-26T20:00,7.8,9.0,265,89
2023-11-26T21:00,8.1,8.3,270,90
2023-11-26T22:00,8.2,4.9,234,89
2023-11-26T23:00,7.6,4.0,190,91
2023-11-27T00:00,8.0,4.2,200,85
2023-11-27T01:00,7.4,7.9,150,85
2023-11-27T02:00,7.1,10.3,119,84
2023-11-27T03:00,6.8,5.8,97,88
2023-11-27T04:00,6.6,2.3,39,91
2023-11-27T05:00,6.6,3.9,338,90
2023-11-27T06:00,6.7,7.4,321,86
2023-11-27T07:00,7.2,9.0,331,83
2023-11-27T08:00,8.6,8.4,340,76
2023-11-27T09:00,10.1,6.0,335,68
2023-11-27T10:00,10.5,4.4,9,68
2023-11-27T11:00,11.3,6.6,41,69
2023-11-27T12:00,12.7,7.1,45,67
2023-11-27T13:00,13.6,2.9,60,63
2023-11-27T14:00,14.1,3.1,21,56
2023-11-27T15:00,11.8,25.8,153,72
2023-11-27T16:00,11.5,15.2,59,69
2023-11-27T17:00,8.8,7.9,219,81
2023-11-27T18:00,8.8,3.4,302,80
2023-11-27T19:00,7.6,10.2,225,89
2023-11-27T20:00,8.3,7.8,292,89
2023-11-27T21:00,7.5,11.0,302,91
2023-11-27T22:00,6.7,6.7,324,93
2023-11-27T23:00,6.5,5.5,349,94
2023-11-28T00:00,5.9,6.2,350,97
2023-11-28T01:00,5.5,7.2,342,97
2023-11-28T02:00,5.2,5.8,300,98
2023-11-28T03:00,5.3,2.2,279,99
2023-11-28T04:00,5.0,2.2,261,100
2023-11-28T05:00,4.1,3.7,259,100
2023-11-28T06:00,5.0,2.6,254,99
2023-11-28T07:00,6.9,4.7,274,90
2023-11-28T08:00,9.6,2.8,320,70
2023-11-28T09:00,11.4,3.0,284,56
2023-11-28T10:00,12.8,4.8,222,47
2023-11-28T11:00,14.1,7.2,198,43
2023-11-28T12:00,15.1,10.1,180,42
2023-11-28T13:00,15.7,10.8,150,42
2023-11-28T14:00,15.5,9.9,123,42
2023-11-28T15:00,15.1,14.6,106,43
2023-11-28T16:00,14.1,15.5,103,48
2023-11-28T17:00,12.7,18.5,97,58
2023-11-28T18:00,11.3,11.9,87,70
2023-11-28T19:00,9.0,8.4,160,81
2023-11-28T20:00,9.5,11.8,121,75
2023-11-28T21:00,8.0,15.5,176,85
2023-11-28T22:00,7.4,13.0,186,87
2023-11-28T23:00,6.5,5.6,207,95
2023-11-29T00:00,5.9,3.6,174,96
2023-11-29T01:00,5.5,4.4,171,96
2023-11-29T02:00,5.0,6.8,115,97
2023-11-29T03:00,5.2,9.4,108,95
2023-11-29T04:00,5.5,3.4,342,97
2023-11-29T05:00,5.0,6.8,273,97
2023-11-29T06:00,5.8,5.4,266,95
2023-11-29T07:00,7.7,4.5,256,86
2023-11-29T08:00,10.2,3.8,229,76
2023-11-29T09:00,11.8,2.8,140,73
2023-11-29T10:00,13.2,4.1,128,68
2023-11-29T11:00,14.3,4.3,132,63
2023-11-29T12:00,15.1,6.3,121,60
2023-11-29T13:00,15.7,6.2,126,56
2023-11-29T14:00,14.9,16.8,99,60
2023-11-29T15:00,14.5,13.4,84,51
2023-11-29T16:00,11.8,13.0,62,63
2023-11-29T17:00,10.1,9.7,268,76
2023-11-29T18:00,8.7,13.3,257,84
2023-11-29T19:00,8.4,5.9,259,86
2023-11-29T20:00,7.9,5.1,184,87
2023-11-29T21:00,8.1,8.4,205,85
2023-11-29T22:00,7.0,3.3,139,87
2023-11-29T23:00,5.9,6.6,261,93
2023-11-30T00:00,6.2,7.1,285,94
2023-11-30T01:00,5.6,5.9,281,96
2023-11-30T02:00,5.3,5.5,259,97
2023-11-30T03:00,5.6,5.4,250,96
2023-11-30T04:00,6.0,4.2,301,93
2023-11-30T05:00,5.6,1.8,37,97
2023-11-30T06:00,6.0,3.7,11,99
2023-11-30T07:00,7.8,2.9,360,88
2023-11-30T08:00,9.7,8.3,355,73
2023-11-30T09:00,11.1,10.9,354,67
2023-11-30T10:00,12.6,9.8,343,66
2023-11-30T11:00,14.0,10.6,332,62
2023-11-30T12:00,14.4,7.8,338,57
2023-11-30T13:00,14.1,15.0,27,62
2023-11-30T14:00,12.8,12.4,80,68
2023-11-30T15:00,11.3,18.9,31,73
2023-11-30T16:00,11.2,5.1,309,71
2023-11-30T17:00,10.7,8.4,227,73
2023-11-30T18:00,9.7,13.4,239,81
2023-11-30T19:00,9.1,8.5,208,86
2023-11-30T20:00,8.6,13.5,245,84
2023-11-30T21:00,8.4,12.4,244,81
2023-11-30T22:00,8.0,16.5,254,77
2023-11-30T23:00,6.2,17.1,262,81
2023-12-01T00:00,5.0,13.1,279,89
2023-12-01T01:00,5.1,9.0,268,88
2023-12-01T02:00,4.5,9.5,323,91
2023-12-01T03:00,3.3,12.0,339,97
2023-12-01T04:00,2.9,9.7,345,95
2023-12-01T05:00,3.1,9.5,349,94
2023-12-01T06:00,3.6,8.3,358,91
2023-12-01T07:00,4.6,6.6,351,89
2023-12-01T08:00,6.6,5.2,344,82
2023-12-01T09:00,8.6,5.5,337,74
2023-12-01T10:00,10.5,6.5,341,66
2023-12-01T11:00,11.7,6.3,347,61
2023-12-01T12:00,12.4,1.3,34,57
2023-12-01T13:00,13.4,1.1,18,57
2023-12-01T14:00,14.0,1.8,191,58
2023-12-01T15:00,14.5,6.9,174,58
2023-12-01T16:00,10.0,9.7,184,76
2023-12-01T17:00,9.6,9.7,68,78
2023-12-01T18:00,8.7,8.1,302,83
2023-12-01T19:00,8.6,4.7,266,84
2023-12-01T20:00,8.7,9.5,295,86
2023-12-01T21:00,7.9,8.1,347,89
2023-12-01T22:00,7.7,5.6,345,91
2023-12-01T23:00,7.3,6.5,326,91
2023-12-02T00:00,6.7,5.4,290,93
2023-12-02T01:00,6.5,7.6,270,94
2023-12-02T02:00,6.2,1.8,259,95
2023-12-02T03:00,5.6,2.6,286,98
2023-12-02T04:00,5.3,2.1,301,100
2023-12-02T05:00,4.9,2.0,315,100
2023-12-02T06:00,5.2,1.8,270,100
2023-12-02T07:00,7.3,4.0,275,91
2023-12-02T08:00,9.8,3.8,319,74
2023-12-02T09:00,11.5,4.7,293,62
2023-12-02T10:00,12.7,3.0,256,55
2023-12-02T11:00,14.0,2.6,214,50
2023-12-02T12:00,15.0,3.7,169,44
2023-12-02T13:00,15.6,6.2,187,45
2023-12-02T14:00,16.2,7.9,196,45
2023-12-02T15:00,16.7,7.6,180,44
2023-12-02T16:00,12.8,16.0,113,66
2023-12-02T17:00,13.6,8.0,36,59
2023-12-02T18:00,7.9,13.0,298,92
2023-12-02T19:00,8.8,3.9,292,84
2023-12-02T20:00,8.5,7.6,265,89
2023-12-02T21:00,8.1,8.2,308,92
2023-12-02T22:00,7.7,4.0,350,95
2023-12-02T23:00,7.3,4.3,312,95
2023-12-03T00:00,6.8,3.4,302,95
2023-12-03T01:00,6.3,3.3,319,96
2023-12-03T02:00,6.1,2.1,329,98
2023-12-03T03:00,5.3,2.2,279,99
2023-12-03T04:00,4.9,1.0,315,99
2023-12-03T05:00,4.4,3.9,338,100
2023-12-03T06:00,5.2,3.9,338,100
2023-12-03T07:00,7.3,6.4,322,84
2023-12-03T08:00,9.6,5.0,300,66
2023-12-03T09:00,11.9,4.9,343,64
2023-12-03T10:00,13.7,4.2,301,50
2023-12-03T11:00,14.9,2.9,300,44
2023-12-03T12:00,16.3,1.3,304,40
2023-12-03T13:00,16.5,1.3,56,40
2023-12-03T14:00,16.6,5.9,104,39
2023-12-03T15:00,16.6,6.9,96,41
2023-12-03T16:00,15.3,12.1,107,47
2023-12-03T17:00,14.1,10.2,100,49
2023-12-03T18:00,11.1,10.8,210,72
2023-12-03T19:00,9.4,12.6,178,86
2023-12-03T20:00,9.3,10.9,253,86
2023-12-03T21:00,7.9,9.0,254,88
2023-12-03T22:00,7.7,9.1,236,84
2023-12-03T23:00,7.5,7.2,288,84
2023-12-04T00:00,8.4,2.5,270,78
2023-12-04T01:00,6.9,3.6,217,88
2023-12-04T02:00,6.8,1.5,315,84
2023-12-04T03:00,5.0,6.3,66,97
2023-12-04T04:00,4.6,4.4,35,100
2023-12-04T05:00,4.4,2.6,286,100
2023-12-04T06:00,5.4,2.5,278,100
2023-12-04T07:00,7.5,4.8,257,90
2023-12-04T08:00,10.1,3.3,229,66
2023-12-04T09:00,11.8,1.8,281,58
2023-12-04T10:00,13.3,2.3,252,52
2023-12-04T11:00,14.6,2.7,203,49
2023-12-04T12:00,15.7,3.3,221,45
2023-12-04T13:00,16.8,3.3,193,40
2023-12-04T14:00,17.2,4.5,166,39
2023-12-04T15:00,16.8,8.4,110,40
2023-12-04T16:00,15.0,19.1,87,52
2023-12-04T17:00,13.9,20.2,94,58
2023-12-04T18:00,12.5,14.8,96,67
2023-12-04T19:00,10.9,7.9,177,78
2023-12-04T20:00,10.0,5.1,225,81
2023-12-04T21:00,6.9,25.4,196,91
2023-12-04T22:00,8.3,4.0,190,88
2023-12-04T23:00,7.9,7.4,203,90
2023-12-05T00:00,8.1,2.5,180,88
2023-12-05T01:00,8.0,10.4,290,87
2023-12-05T02:00,7.5,10.2,288,91
2023-12-05T03:00,7.5,6.4,317,91
2023-12-05T04:00,7.3,6.1,332,91
2023-12-05T05:00,7.5,4.5,299,90
2023-12-05T06:00,7.6,5.2,245,91
2023-12-05T07:00,8.7,1.8,217,84
2023-12-05T08:00,10.5,4.2,301,71
2023-12-05T09:00,12.0,2.9,240,63
2023-12-05T10:00,13.1,2.6,164,58
2023-12-05T11:00,13.9,2.3,141,55
2023-12-05T12:00,14.6,4.0,80,49
2023-12-05T13:00,16.0,4.9,126,44
2023-12-05T14:00,16.4,10.6,100,42
2023-12-05T15:00,13.8,18.8,86,54
2023-12-05T16:00,13.7,17.8,54,56
2023-12-05T17:00,12.6,17.1,39,62
2023-12-05T18:00,10.9,6.4,322,75
2023-12-05T19:00,11.0,6.4,254,78
2023-12-05T20:00,10.0,8.6,202,80
2023-12-05T21:00,9.7,8.2,209,82
2023-12-05T22:00,9.6,7.5,197,84
2023-12-05T23:00,8.7,11.2,195,87
2023-12-06T00:00,8.3,10.5,248,77
2023-12-06T01:00,7.3,11.2,228,68
2023-12-06T02:00,6.5,12.2,225,68
2023-12-06T03:00,5.8,9.7,219,71
2023-12-06T04:00,5.2,8.4,227,74
2023-12-06T05:00,4.2,4.7,247,81
2023-12-06T06:00,4.8,3.3,276,78
2023-12-06T07:00,7.0,4.3,270,72
2023-12-06T08:00,10.8,5.5,281,55
2023-12-06T09:00,12.3,1.9,292,57
2023-12-06T10:00,13.7,3.5,204,50
2023-12-06T11:00,14.9,6.8,183,43
2023-12-06T12:00,15.6,7.2,153,38
2023-12-06T13:00,16.9,12.3,128,41
2023-12-06T14:00,15.7,21.8,103,46
2023-12-06T15:00,15.5,22.9,98,45
2023-12-06T16:00,14.5,16.6,89,53
2023-12-06T17:00,13.6,12.8,68,56
2023-12-06T18:00,11.9,11.1,61,69
2023-12-06T19:00,10.5,9.5,9,77
2023-12-06T20:00,10.0,4.0,270,79
2023-12-06T21:00,9.7,3.4,252,78
2023-12-06T22:00,8.3,16.2,201,83
2023-12-06T23:00,8.1,5.4,98,85
2023-12-07T00:00,7.0,4.0,355,93
2023-12-07T01:00,6.5,6.1,357,95
2023-12-07T02:00,6.4,4.4,325,97
2023-12-07T03:00,5.6,4.9,36,99
2023-12-07T04:00,5.5,7.4,29,99
2023-12-07T05:00,5.3,5.0,360,99
2023-12-07T06:00,6.1,4.5,14,97
2023-12-07T07:00,8.3,7.3,11,85
2023-12-07T08:00,10.9,4.4,351,69
2023-12-07T09:00,12.4,5.8,338,65
2023-12-07T10:00,13.7,3.8,343,62
2023-12-07T11:00,14.8,4.4,9,54
2023-12-07T12:00,15.5,5.6,27,52
2023-12-07T13:00,16.9,6.4,52,44
2023-12-07T14:00,17.1,12.5,72,43
2023-12-07T15:00,16.8,14.4,87,40
2023-12-07T16:00,15.3,20.2,88,44
2023-12-07T17:00,14.4,18.0,87,51
2023-12-07T18:00,12.5,12.3,105,64
2023-12-07T19:00,11.5,9.0,113,73
2023-12-07T20:00,10.2,9.2,129,81
2023-12-07T21:00,10.0,11.1,126,83
2023-12-07T22:00,9.3,7.6,121,87
2023-12-07T23:00,8.5,4.0,153,88
2023-12-08T00:00,7.3,9.9,289,91
2023-12-08T01:00,7.2,9.1,261,95
2023-12-08T02:00,6.5,8.0,172,96
2023-12-08T03:00,6.5,8.6,237,96
2023-12-08T04:00,5.7,6.6,225,97
2023-12-08T05:00,5.5,3.7,209,98
2023-12-08T06:00,6.4,1.0,315,97
2023-12-08T07:00,8.1,3.6,53,87
2023-12-08T08:00,10.0,4.8,312,79
2023-12-08T09:00,12.0,8.3,342,67
2023-12-08T10:00,12.9,8.5,12,61
2023-12-08T11:00,13.7,8.4,40,56
2023-12-08T12:00,14.5,11.0,71,53
2023-12-08T13:00,15.2,14.3,78,50
2023-12-08T14:00,15.4,17.4,77,46
2023-12-08T15:00,15.2,18.4,88,50
2023-12-08T16:00,13.6,19.1,90,52
2023-12-08T17:00,12.2,15.9,87,66
2023-12-08T18:00,9.5,10.9,316,79
2023-12-08T19:00,8.2,7.2,96,85
2023-12-08T20:00,8.5,12.0,254,86
2023-12-08T21:00,8.2,10.7,282,87
2023-12-08T22:00,7.7,7.3,261,90
2023-12-08T23:00,7.7,5.1,266,90
2023-12-09T00:00,7.1,6.2,277,93
2023-12-09T01:00,6.9,4.6,252,94
2023-12-09T02:00,6.7,3.4,58,95
2023-12-09T03:00,6.4,2.2,351,98
2023-12-09T04:00,6.1,1.5,14,99
2023-12-09T05:00,5.7,1.8,360,100
2023-12-09T06:00,6.2,1.1,18,99
2023-12-09T07:00,7.6,1.5,45,95
2023-12-09T08:00,9.7,9.8,343,71
2023-12-09T09:00,11.5,11.2,345,62
2023-12-09T10:00,12.5,9.5,351,57
2023-12-09T11:00,13.0,7.2,3,56
2023-12-09T12:00,14.1,5.2,12,54
2023-12-09T13:00,15.1,5.6,27,51
2023-12-09T14:00,15.3,7.1,66,51
2023-12-09T15:00,14.9,15.0,60,50
2023-12-09T16:00,12.5,21.2,1,61
2023-12-09T17:00,11.3,12.0,316,68
2023-12-09T18:00,9.0,13.5,312,80
2023-12-09T19:00,9.1,8.7,265,83
2023-12-09T20:00,8.7,10.6,242,81
2023-12-09T21:00,8.0,8.7,222,85
2023-12-09T22:00,7.6,7.9,223,86
2023-12-09T23:00,6.9,6.1,208,89
2023-12-10T00:00,6.7,2.7,337,87
2023-12-10T01:00,5.8,5.4,340,96
2023-12-10T02:00,5.6,4.0,5,98
2023-12-10T03:00,5.6,4.8,13,98
2023-12-10T04:00,5.6,5.2,335,97
2023-12-10T05:00,5.8,6.9,351,94
2023-12-10T06:00,6.3,4.0,355,90
2023-12-10T07:00,8.1,7.4,317,85
2023-12-10T08:00,9.2,4.6,309,78
2023-12-10T09:00,10.6,3.3,319,76
2023-12-10T10:00,12.4,3.4,342,68
2023-12-10T11:00,13.4,4.8,347,62
2023-12-10T12:00,14.2,5.9,346,57
2023-12-10T13:00,15.3,2.8,320,53
2023-12-10T14:00,14.9,9.5,79,56
2023-12-10T15:00,12.8,11.3,83,65
2023-12-10T16:00,12.4,7.2,84,60
2023-12-10T17:00,11.9,14.5,333,65
2023-12-10T18:00,9.8,13.0,284,78
2023-12-10T19:00,9.2,5.9,281,83
2023-12-10T20:00,9.2,4.0,207,81
2023-12-10T21:00,8.6,4.1,165,88
2023-12-10T22:00,8.0,7.0,339,90
2023-12-10T23:00,7.2,4.9,324,95
2023-12-11T00:00,7.1,5.8,22,95
2023-12-11T01:00,7.4,7.6,360,94
2023-12-11T02:00,7.4,13.5,331,87
2023-12-11T03:00,5.2,14.8,309,94
2023-12-11T04:00,4.5,6.1,298,97
2023-12-11T05:00,5.5,10.6,336,93
2023-12-11T06:00,6.0,7.3,340,91
2023-12-11T07:00,7.7,10.9,351,82
2023-12-11T08:00,9.9,3.3,174,79
2023-12-11T09:00,11.4,6.0,163,71
2023-12-11T10:00,11.9,6.6,135,66
2023-12-11T11:00,12.6,7.1,165,64
2023-12-11T12:00,13.8,5.1,98,61
2023-12-11T13:00,14.1,7.7,169,64
2023-12-11T14:00,14.4,9.5,169,65
2023-12-11T15:00,12.0,10.4,88,73
2023-12-11T16:00,12.6,8.7,132,65
2023-12-11T17:00,9.0,13.7,305,82
2023-12-11T18:00,8.9,11.7,227,86
2023-12-11T19:00,8.6,8.8,261,88
2023-12-11T20:00,9.3,3.1,201,81
2023-12-11T21:00,8.5,13.0,186,83
2023-12-11T22:00,8.2,11.5,231,84
2023-12-11T23:00,7.8,6.8,238,87
2023-12-12T00:00,7.6,5.9,317,88
2023-12-12T01:00,7.8,5.2,344,90
2023-12-12T02:00,7.2,4.8,27,93
2023-12-12T03:00,7.5,6.2,10,90
2023-12-12T04:00,6.7,5.6,345,91
2023-12-12T05:00,7.3,2.2,351,87
2023-12-12T06:00,7.2,5.0,69,91
2023-12-12T07:00,9.2,8.2,345,81
2023-12-12T08:00,9.9,3.8,17,76
2023-12-12T09:00,11.6,6.6,13,68
2023-12-12T10:00,12.5,4.1,345,62
2023-12-12T11:00,13.6,2.6,304,64
2023-12-12T12:00,14.7,3.4,212,63
2023-12-12T13:00,15.2,3.3,193,62
2023-12-12T14:00,13.9,10.1,92,64
2023-12-12T15:00,12.8,10.6,35,67
2023-12-12T16:00,11.5,1.8,79,70
2023-12-12T17:00,10.6,15.1,269,76
2023-12-12T18:00,9.2,11.6,240,86
2023-12-12T19:00,9.4,5.9,232,84
2023-12-12T20:00,8.8,7.0,235,85
2023-12-12T21:00,8.5,7.9,267,85
2023-12-12T22:00,8.4,3.1,291,87
2023-12-12T23:00,8.1,1.1,342,88
2023-12-13T00:00,7.8,2.2,279,89
2023-12-13T01:00,8.0,3.5,294,85
2023-12-13T02:00,8.2,5.6,243,89
2023-12-13T03:00,8.2,8.5,234,83
2023-12-13T04:00,7.9,4.1,225,83
2023-12-13T05:00,7.7,4.3,228,84
2023-12-13T06:00,7.8,6.9,219,85
2023-12-13T07:00,8.6,6.7,234,83
2023-12-13T08:00,10.3,4.9,253,73
2023-12-13T09:00,11.7,1.3,326,64
2023-12-13T10:00,13.1,1.8,11,62
2023-12-13T11:00,14.0,1.1,72,62
2023-12-13T12:00,14.9,2.3,39,61
2023-12-13T13:00,15.4,2.1,59,57
2023-12-13T14:00,14.6,14.0,44,62
2023-12-13T15:00,14.4,12.4,107,59
2023-12-13T16:00,12.1,17.6,35,67
2023-12-13T17:00,10.7,4.3,275,76
2023-12-13T18:00,9.5,2.9,30,80
2023-12-13T19:00,9.1,12.3,263,87
2023-12-13T20:00,9.3,6.9,186,86
2023-12-13T21:00,9.0,3.6,360,87
2023-12-13T22:00,8.4,5.3,332,92
2023-12-13T23:00,7.6,4.4,325,95
2023-12-14T00:00,7.0,3.9,22,97
2023-12-14T01:00,7.2,4.0,360,98
2023-12-14T02:00,6.9,1.1,72,99
2023-12-14T03:00,6.1,3.0,284,100
2023-12-14T04:00,5.5,3.6,315,100
2023-12-14T05:00,4.8,5.2,34,100
2023-12-14T06:00,6.0,6.8,357,96
2023-12-14T07:00,8.4,9.7,329,83
2023-12-14T08:00,10.0,11.0,319,76
2023-12-14T09:00,11.2,12.0,314,71
2023-12-14T10:00,12.8,11.2,318,67
2023-12-14T11:00,13.9,9.4,317,65
2023-12-14T12:00,14.9,10.4,304,63
2023-12-14T13:00,15.6,8.4,301,54
2023-12-14T14:00,16.4,5.5,281,52
2023-12-14T15:00,11.6,19.2,287,75
2023-12-14T16:00,11.8,5.8,120,73
2023-12-14T17:00,11.4,3.5,156,73
2023-12-14T18:00,9.4,5.6,310,78
2023-12-14T19:00,9.5,8.4,25,82
2023-12-14T20:00,8.5,11.9,346,87
2023-12-14T21:00,8.9,8.4,310,84
2023-12-14T22:00,8.6,5.8,338,89
2023-12-14T23:00,8.6,6.6,331,87
2023-12-15T00:00,8.5,7.9,336,84
2023-12-15T01:00,8.3,5.0,339,85
2023-12-15T02:00,7.8,5.9,346,87
2023-12-15T03:00,7.6,9.0,337,86
2023-12-15T04:00,7.1,7.1,315,89
2023-12-15T05:00,6.1,6.0,343,93
2023-12-15T06:00,6.9,5.4,352,89
2023-12-15T07:00,8.2,3.8,287,85
2023-12-15T08:00,9.5,8.9,346,74
2023-12-15T09:00,10.7,7.4,337,69
2023-12-15T10:00,12.2,5.6,310,68
2023-12-15T11:00,13.0,1.8,360,67
2023-12-15T12:00,14.0,3.3,77,66
2023-12-15T13:00,14.9,4.7,81,61
2023-12-15T14:00,12.7,16.2,78,63
2023-12-15T15:00,13.7,8.4,70,59
2023-12-15T16:00,12.6,9.7,121,64
2023-12-15T17:00,11.6,3.6,143,69
2023-12-15T18:00,11.2,3.7,151,70
2023-12-15T19:00,8.9,8.2,113,84
2023-12-15T20:00,8.9,8.2,52,89
2023-12-15T21:00,8.9,2.4,27,88
2023-12-15T22:00,8.1,1.5,284,91
2023-12-15T23:00,8.3,4.8,243,88
2023-12-16T00:00,7.6,3.9,236,93
2023-12-16T01:00,7.3,3.9,292,96
2023-12-16T02:00,7.5,2.5,262,93
2023-12-16T03:00,7.0,2.4,243,96
2023-12-16T04:00,6.6,2.3,309,99
2023-12-16T05:00,5.4,5.0,300,100
2023-12-16T06:00,6.6,4.8,318,99
2023-12-16T07:00,8.9,4.1,315,88
2023-12-16T08:00,10.5,3.6,323,75
2023-12-16T09:00,12.2,9.4,356,67
2023-12-16T10:00,13.3,10.5,354,59
2023-12-16T11:00,14.5,8.2,322,61
2023-12-16T12:00,15.1,3.9,304,60
2023-12-16T13:00,15.9,2.0,315,57
2023-12-16T14:00,16.6,5.1,86,55
2023-12-16T15:00,12.6,7.7,49,69
2023-12-16T16:00,11.7,7.3,213,70
2023-12-16T17:00,11.2,3.9,236,73
2023-12-16T18:00,10.1,10.9,243,81
2023-12-16T19:00,8.9,3.9,326,86
2023-12-16T20:00,8.8,2.9,277,85
2023-12-16T21:00,8.7,4.2,211,89
2023-12-16T22:00,8.6,3.6,53,87
2023-12-16T23:00,8.2,9.0,85,92
2023-12-17T00:00,7.4,6.0,73,94
2023-12-17T01:00,7.9,6.1,28,91
2023-12-17T02:00,7.8,9.7,15,84
2023-12-17T03:00,7.4,13.7,337,88
2023-12-17T04:00,7.1,9.7,333,87
2023-12-17T05:00,6.8,11.2,360,88
2023-12-17T06:00,6.9,11.2,4,86
2023-12-17T07:00,7.8,9.6,347,83
2023-12-17T08:00,9.7,1.6,297,76
2023-12-17T09:00,11.0,2.3,231,68
2023-12-17T10:00,12.2,1.6,63,68
2023-12-17T11:00,13.5,1.1,180,65
2023-12-17T12:00,15.0,5.1,172,61
2023-12-17T13:00,15.7,7.8,158,59
2023-12-17T14:00,14.4,13.0,114,62
2023-12-17T15:00,13.7,9.8,54,67
2023-12-17T16:00,13.1,5.8,150,64
2023-12-17T17:00,11.4,7.9,180,70
2023-12-17T18:00,11.3,7.8,236,73
2023-12-17T19:00,8.6,10.6,162,81
2023-12-17T20:00,8.8,5.1,176,83
2023-12-17T21:00,7.9,5.6,230,91
2023-12-17T22:00,8.2,5.2,236,91
2023-12-17T23:00,7.7,4.1,232,92
2023-12-18T00:00,7.2,6.5,289,93
2023-12-18T01:00,6.3,5.5,328,97
2023-12-18T02:00,5.8,6.1,360,99
2023-12-18T03:00,5.3,5.6,15,99
2023-12-18T04:00,6.0,2.1,329,98
2023-12-18T05:00,5.5,1.6,243,100
2023-12-18T06:00,5.8,2.2,261,99
2023-12-18T07:00,6.9,4.6,288,93
2023-12-18T08:00,8.9,4.2,239,84
2023-12-18T09:00,10.8,2.5,262,75
2023-12-18T10:00,12.4,0.7,270,67
2023-12-18T11:00,13.4,5.1,94,67
2023-12-18T12:00,14.3,0.5,45,64
2023-12-18T13:00,15.1,4.7,94,59
2023-12-18T14:00,12.0,7.7,118,70
2023-12-18T15:00,12.5,16.2,357,68
2023-12-18T16:00,11.2,6.4,313,72
2023-12-18T17:00,10.6,20.8,279,73
2023-12-18T18:00,10.2,13.7,235,76
2023-12-18T19:00,9.4,6.8,245,85
2023-12-18T20:00,8.7,11.1,245,79
2023-12-18T21:00,8.3,9.7,274,85
2023-12-18T22:00,8.5,8.3,265,85
2023-12-18T23:00,8.4,5.4,274,88
2023-12-19T00:00,8.2,6.2,260,90
2023-12-19T01:00,7.9,7.0,235,88
2023-12-19T02:00,8.2,9.7,231,81
2023-12-19T03:00,8.0,8.2,218,77
2023-12-19T04:00,7.4,5.3,208,78
2023-12-19T05:00,7.1,0.5,315,73
2023-12-19T06:00,6.9,4.3,24,86
2023-12-19T07:00,7.9,4.3,355,89
2023-12-19T08:00,9.3,3.4,342,78
2023-12-19T09:00,11.0,4.5,331,66
2023-12-19T10:00,12.2,4.0,5,61
2023-12-19T11:00,13.3,3.5,66,57
2023-12-19T12:00,14.4,5.0,90,54
2023-12-19T13:00,15.2,3.7,119,53
2023-12-19T14:00,15.7,4.5,104,51
2023-12-19T15:00,15.2,8.7,95,53
2023-12-19T16:00,14.4,19.8,106,52
2023-12-19T17:00,12.0,18.0,213,65
2023-12-19T18:00,9.3,17.9,152,82
2023-12-19T19:00,8.6,12.1,207,85
2023-12-19T20:00,7.0,16.9,250,89
2023-12-19T21:00,7.0,8.8,261,88
2023-12-19T22:00,7.3,4.3,265,91
2023-12-19T23:00,7.0,2.2,9,93
2023-12-20T00:00,7.4,3.5,66,92
2023-12-20T01:00,6.8,5.9,14,95
2023-12-20T02:00,6.5,8.8,9,97
2023-12-20T03:00,6.2,7.2,342,96
2023-12-20T04:00,6.0,5.2,326,96
2023-12-20T05:00,5.8,5.4,312,97
2023-12-20T06:00,6.8,6.1,267,95
2023-12-20T07:00,8.5,5.8,263,86
2023-12-20T08:00,10.0,4.1,285,77
2023-12-20T09:00,11.8,2.9,277,66
2023-12-20T10:00,13.0,1.3,304,65
2023-12-20T11:00,14.0,1.6,153,65
2023-12-20T12:00,15.0,2.6,124,63
2023-12-20T13:00,16.0,8.9,104,58
2023-12-20T14:00,15.6,14.9,98,54
2023-12-20T15:00,16.2,14.5,96,44
2023-12-20T16:00,14.9,13.1,82,47
2023-12-20T17:00,14.3,8.3,95,51
2023-12-20T18:00,13.0,4.9,73,71
2023-12-20T19:00,12.4,1.8,270,65
2023-12-20T20:00,10.7,5.8,360,82
2023-12-20T21:00,10.1,6.6,319,84
2023-12-20T22:00,9.8,7.5,287,84
2023-12-20T23:00,9.6,8.8,261,81
2023-12-21T00:00,8.9,6.9,227,81
2023-12-21T01:00,8.1,3.7,61,86
2023-12-21T02:00,7.9,5.6,105,92
2023-12-21T03:00,7.5,4.1,195,91
2023-12-21T04:00,6.3,5.9,317,92
2023-12-21T05:00,5.5,5.9,11,100
2023-12-21T06:00,5.8,0.8,117,99
2023-12-21T07:00,8.3,0.8,297,93
2023-12-21T08:00,11.6,5.9,76,70
2023-12-21T09:00,13.4,8.3,95,58
2023-12-21T10:00,14.4,14.0,78,54
2023-12-21T11:00,15.6,14.9,82,49
2023-12-21T12:00,15.8,15.1,93,48
2023-12-21T13:00,16.4,15.3,99,46
2023-12-21T14:00,17.1,17.7,92,42
2023-12-21T15:00,16.9,17.0,96,42
2023-12-21T16:00,16.2,13.7,92,43
2023-12-21T17:00,14.5,18.0,116,53
2023-12-21T18:00,12.7,13.7,108,68
2023-12-21T19:00,11.9,14.3,137,75
2023-12-21T20:00,10.9,12.5,134,78
2023-12-21T21:00,10.1,11.6,126,80
2023-12-21T22:00,9.0,7.2,117,84
2023-12-21T23:00,9.7,3.7,259,78
2023-12-22T00:00,7.6,8.0,278,89
2023-12-22T01:00,6.7,5.4,290,93
2023-12-22T02:00,7.1,4.0,275,92
2023-12-22T03:00,6.3,4.6,219,93
2023-12-22T04:00,6.8,1.9,248,88
2023-12-22T05:00,5.2,5.4,8,98
2023-12-22T06:00,6.2,5.6,15,99
2023-12-22T07:00,8.7,4.6,342,90
2023-12-22T08:00,11.3,8.9,333,69
2023-12-22T09:00,12.9,8.7,322,59
2023-12-22T10:00,14.1,7.3,327,54
2023-12-22T11:00,15.2,4.0,333,51
2023-12-22T12:00,16.5,0.0,270,49
2023-12-22T13:00,16.8,8.0,80,49
2023-12-22T14:00,17.8,14.2,97,42
2023-12-22T15:00,17.4,21.8,106,40
2023-12-22T16:00,16.0,20.2,92,44
2023-12-22T17:00,14.9,15.5,93,50
2023-12-22T18:00,13.4,8.8,109,63
2023-12-22T19:00,11.8,10.2,129,69
2023-12-22T20:00,10.1,6.3,156,79
2023-12-22T21:00,9.3,7.2,207,81
2023-12-22T22:00,8.6,6.6,202,84
2023-12-22T23:00,7.8,6.6,229,87
2023-12-23T00:00,7.3,3.9,236,91
2023-12-23T01:00,6.9,3.1,249,90
2023-12-23T02:00,6.5,3.5,246,91
2023-12-23T03:00,5.8,5.5,247,93
2023-12-23T04:00,6.3,3.0,284,89
2023-12-23T05:00,4.8,3.4,18,100
2023-12-23T06:00,5.2,2.5,8,99
2023-12-23T07:00,7.8,4.5,346,95
2023-12-23T08:00,11.4,2.0,45,62
2023-12-23T09:00,13.1,3.1,54,58
2023-12-23T10:00,14.6,4.0,63,55
2023-12-23T11:00,16.0,7.6,90,49
2023-12-23T12:00,17.2,13.4,85,40
2023-12-23T13:00,18.1,18.2,82,33
2023-12-23T14:00,18.2,18.2,81,34
2023-12-23T15:00,17.8,18.4,91,37
2023-12-23T16:00,16.9,21.5,111,39
2023-12-23T17:00,15.6,26.7,122,45
2023-12-23T18:00,13.7,19.4,133,54
2023-12-23T19:00,11.6,10.8,120,68
2023-12-23T20:00,10.4,8.7,132,74
2023-12-23T21:00,9.7,4.9,144,77
2023-12-23T22:00,10.5,1.3,326,70
2023-12-23T23:00,9.3,3.9,326,76
2023-12-24T00:00,7.1,6.8,288,88
2023-12-24T01:00,6.3,6.5,276,92
2023-12-24T02:00,7.1,3.1,249,87
2023-12-24T03:00,5.4,7.6,188,92
2023-12-24T04:00,5.0,6.1,220,93
2023-12-24T05:00,4.7,5.0,240,91
2023-12-24T06:00,5.8,2.9,240,86
2023-12-24T07:00,9.2,1.1,180,78
2023-12-24T08:00,10.7,4.3,5,70
2023-12-24T09:00,13.3,6.6,41,55
2023-12-24T10:00,15.2,12.7,75,43
2023-12-24T11:00,16.5,19.9,86,36
2023-12-24T12:00,17.2,21.3,85,35
2023-12-24T13:00,17.7,19.9,85,34
2023-12-24T14:00,18.0,20.7,82,33
2023-12-24T15:00,17.6,19.9,84,36
2023-12-24T16:00,17.1,19.8,88,36
2023-12-24T17:00,15.5,21.5,99,46
2023-12-24T18:00,13.7,17.3,113,59
2023-12-24T19:00,12.0,16.1,124,68
2023-12-24T20:00,10.9,17.6,91,54
2023-12-24T21:00,9.7,15.5,93,58
2023-12-24T22:00,7.7,7.9,90,72
2023-12-24T23:00,9.1,2.6,286,59
2023-12-25T00:00,6.1,10.1,270,78
2023-12-25T01:00,5.2,5.2,258,85
2023-12-25T02:00,6.7,1.6,297,78
2023-12-25T03:00,6.1,3.6,315,82
2023-12-25T04:00,3.5,6.4,322,94
2023-12-25T05:00,3.1,5.3,332,98
2023-12-25T06:00,4.6,4.7,360,97
2023-12-25T07:00,8.2,5.2,16,82
2023-12-25T08:00,10.8,3.9,34,65
2023-12-25T09:00,13.2,4.1,45,48
2023-12-25T10:00,14.9,7.4,76,44
2023-12-25T11:00,16.5,14.1,77,35
2023-12-25T12:00,17.2,19.4,75,29
2023-12-25T13:00,17.5,15.8,73,32
2023-12-25T14:00,17.9,15.7,74,31
2023-12-25T15:00,17.9,20.6,86,31
2023-12-25T16:00,17.2,21.9,99,33
2023-12-25T17:00,16.0,22.6,115,38
2023-12-25T18:00,13.8,20.6,109,55
2023-12-25T19:00,12.2,13.3,92,63
2023-12-25T20:00,10.7,11.3,107,70
2023-12-25T21:00,9.2,7.3,70,79
2023-12-25T22:00,10.2,2.2,351,67
2023-12-25T23:00,7.5,6.4,254,82
2023-12-26T00:00,6.7,7.7,229,83
2023-12-26T01:00,5.9,6.3,211,85
2023-12-26T02:00,7.4,3.5,114,74
2023-12-26T03:00,5.3,8.5,62,82
2023-12-26T04:00,4.1,6.7,16,85
2023-12-26T05:00,4.3,3.8,311,82
2023-12-26T06:00,4.1,0.8,297,87
2023-12-26T07:00,7.3,3.2,360,81
2023-12-26T08:00,10.2,3.7,349,71
2023-12-26T09:00,12.5,6.4,63,54
2023-12-26T10:00,14.8,14.9,75,41
2023-12-26T11:00,15.1,18.4,87,41
2023-12-26T12:00,15.6,18.4,92,43
2023-12-26T13:00,16.2,20.2,93,43
2023-12-26T14:00,16.5,25.0,84,39
2023-12-26T15:00,16.4,26.9,82,38
2023-12-26T16:00,15.5,22.8,84,44
2023-12-26T17:00,14.8,21.3,92,43
2023-12-26T18:00,13.4,18.6,100,44
2023-12-26T19:00,12.0,21.6,93,48
2023-12-26T20:00,10.8,20.5,92,51
2023-12-26T21:00,10.4,16.6,88,57
2023-12-26T22:00,10.0,12.6,85,60
2023-12-26T23:00,8.6,5.9,52,74
2023-12-27T00:00,8.5,5.2,282,76
2023-12-27T01:00,7.7,8.2,229,76
2023-12-27T02:00,6.4,5.9,227,85
2023-12-27T03:00,6.4,4.0,270,87
2023-12-27T04:00,5.9,5.1,278,87
2023-12-27T05:00,5.7,4.8,283,88
2023-12-27T06:00,6.6,4.3,360,82
2023-12-27T07:00,8.9,5.8,353,73
2023-12-27T08:00,10.9,8.2,331,64
2023-12-27T09:00,12.3,8.2,311,55
2023-12-27T10:00,13.4,6.0,327,49
2023-12-27T11:00,14.7,5.4,360,44
2023-12-27T12:00,16.0,7.1,30,42
2023-12-27T13:00,17.6,10.6,55,38
2023-12-27T14:00,17.5,13.6,50,39
2023-12-27T15:00,17.0,14.2,63,40
2023-12-27T16:00,16.1,14.2,66,41
2023-12-27T17:00,13.9,13.6,73,51
2023-12-27T18:00,12.1,15.3,41,62
2023-12-27T19:00,9.0,9.8,6,82
2023-12-27T20:00,9.8,2.5,315,77
2023-12-27T21:00,8.9,15.3,231,83
2023-12-27T22:00,8.1,11.6,187,84
2023-12-27T23:00,8.1,5.4,250,86
2023-12-28T00:00,8.2,8.1,238,83
2023-12-28T01:00,6.8,15.5,269,87
2023-12-28T02:00,6.2,10.7,258,87
2023-12-28T03:00,5.7,5.9,256,92
2023-12-28T04:00,5.5,3.3,229,94
2023-12-28T05:00,5.6,1.3,236,92
2023-12-28T06:00,5.8,4.9,17,95
2023-12-28T07:00,8.2,4.0,5,82
2023-12-28T08:00,9.8,6.9,223,73
2023-12-28T09:00,10.7,3.7,259,71
2023-12-28T10:00,12.0,5.2,295,65
2023-12-28T11:00,13.2,5.8,292,60
2023-12-28T12:00,14.1,6.5,270,56
2023-12-28T13:00,15.3,6.6,261,52
2023-12-28T14:00,16.1,5.0,291,49
2023-12-28T15:00,12.6,22.2,65,68
2023-12-28T16:00,13.3,8.1,111,58
2023-12-28T17:00,11.8,7.0,12,63
2023-12-28T18:00,9.4,14.2,204,79
2023-12-28T19:00,9.5,10.9,279,80
2023-12-28T20:00,9.9,4.7,261,78
2023-12-28T21:00,9.1,5.5,238,83
2023-12-28T22:00,8.8,6.6,279,85
2023-12-28T23:00,8.2,7.6,245,89
2023-12-29T00:00,8.0,11.5,302,86
2023-12-29T01:00,7.4,9.2,301,87
2023-12-29T02:00,7.6,7.0,291,87
2023-12-29T03:00,7.6,8.8,279,86
2023-12-29T04:00,7.3,4.4,279,88
2023-12-29T05:00,7.7,5.0,240,85
2023-12-29T06:00,8.3,9.9,226,79
2023-12-29T07:00,9.1,10.7,230,74
2023-12-29T08:00,9.9,8.7,225,73
2023-12-29T09:00,10.7,4.9,234,69
2023-12-29T10:00,11.8,4.5,194,70
2023-12-29T11:00,12.9,3.6,233,68
2023-12-29T12:00,14.2,3.3,221,63
2023-12-29T13:00,15.2,1.5,166,58
2023-12-29T14:00,15.7,2.6,106,55
2023-12-29T15:00,12.8,20.2,79,65
2023-12-29T16:00,12.1,6.9,96,68
2023-12-29T17:00,10.7,6.2,324,72
2023-12-29T18:00,9.3,12.9,207,81
2023-12-29T19:00,9.1,8.4,239,81
2023-12-29T20:00,10.0,5.8,248,82
2023-12-29T21:00,9.4,4.0,297,87
2023-12-29T22:00,9.1,8.2,319,88
2023-12-29T23:00,8.2,15.4,249,87
2023-12-30T00:00,7.4,5.6,243,86
2023-12-30T01:00,7.1,4.0,355,88
2023-12-30T02:00,6.6,6.2,10,92
2023-12-30T03:00,6.8,2.9,360,92
2023-12-30T04:00,7.0,3.3,186,93
2023-12-30T05:00,7.3,3.8,17,90
2023-12-30T06:00,7.4,4.8,243,89
2023-12-30T07:00,8.5,4.3,228,82
2023-12-30T08:00,8.7,9.8,163,80
2023-12-30T09:00,10.1,7.9,156,75
2023-12-30T10:00,11.0,6.5,161,72
2023-12-30T11:00,11.5,7.6,155,68
2023-12-30T12:00,12.6,4.3,204,62
2023-12-30T13:00,13.9,3.5,246,57
2023-12-30T14:00,14.9,2.5,172,52
2023-12-30T15:00,15.6,6.3,66,47
2023-12-30T16:00,13.0,7.1,66,57
2023-12-30T17:00,10.8,7.9,137,71
2023-12-30T18:00,9.7,5.0,210,78
2023-12-30T19:00,8.9,5.9,191,83
2023-12-30T20:00,8.7,9.7,239,80
2023-12-30T21:00,8.5,1.3,214,80
2023-12-30T22:00,8.2,3.8,107,83
2023-12-30T23:00,8.1,3.6,307,85
2023-12-31T00:00,7.9,4.7,293,87
2023-12-31T01:00,7.9,2.7,293,85
2023-12-31T02:00,7.9,2.0,225,85
2023-12-31T03:00,8.0,4.0,185,84
2023-12-31T04:00,7.8,1.5,45,86
2023-12-31T05:00,7.3,3.3,6,87
2023-12-31T06:00,7.1,7.7,11,86
2023-12-31T07:00,7.9,10.1,4,80
2023-12-31T08:00,9.2,11.3,333,79
2023-12-31T09:00,9.8,11.8,348,76
2023-12-31T10:00,10.4,11.2,4,71
2023-12-31T11:00,10.8,12.3,7,70
2023-12-31T12:00,11.9,11.7,11,68
2023-12-31T13:00,13.2,10.0,15,64
2023-12-31T14:00,13.9,8.9,27,61
2023-12-31T15:00,14.3,6.3,24,60
2023-12-31T16:00,14.6,6.4,74,58
2023-12-31T17:00,10.5,19.9,193,76
2023-12-31T18:00,8.9,6.2,324,85
2023-12-31T19:00,8.3,3.1,126,85
2023-12-31T20:00,9.3,8.4,350,79
2023-12-31T21:00,8.3,14.1,195,87
2023-12-31T22:00,7.8,6.0,253,88
2023-12-31T23:00,7.5,3.6,315,92
2024-01-01T00:00,7.4,4.4,99,93
2024-01-01T01:00,7.2,4.1,52,95
2024-01-01T02:00,7.1,3.5,24,98
2024-01-01T03:00,6.9,4.0,350,99
2024-01-01T04:00,7.1,2.9,353,97
2024-01-01T05:00,6.7,1.3,34,99
2024-01-01T06:00,6.3,1.9,292,99
2024-01-01T07:00,7.9,3.5,294,96
2024-01-01T08:00,10.0,4.8,228,75
2024-01-01T09:00,11.5,4.4,235,68
2024-01-01T10:00,13.0,1.1,180,61
2024-01-01T11:00,14.3,1.3,146,61
2024-01-01T12:00,15.1,5.1,135,60
2024-01-01T13:00,15.9,6.6,119,58
2024-01-01T14:00,13.7,14.7,144,66
2024-01-01T15:00,12.4,9.9,44,63
2024-01-01T16:00,12.1,11.2,228,66
2024-01-01T17:00,11.0,13.9,217,74
2024-01-01T18:00,10.2,17.3,211,76
2024-01-01T19:00,9.1,11.9,215,86
2024-01-01T20:00,9.3,8.7,218,84
2024-01-01T21:00,8.7,4.4,305,88
2024-01-01T22:00,8.3,5.8,90,88
2024-01-01T23:00,8.2,4.3,132,91
2024-01-02T00:00,7.8,5.1,8,93
2024-01-02T01:00,7.6,6.1,298,93
2024-01-02T02:00,7.0,8.0,280,95
2024-01-02T03:00,6.8,11.8,293,94
2024-01-02T04:00,6.6,13.2,227,92
2024-01-02T05:00,6.8,10.5,262,91
2024-01-02T06:00,6.6,8.8,251,91
2024-01-02T07:00,7.8,6.2,263,85
2024-01-02T08:00,10.1,2.0,225,75
2024-01-02T09:00,11.3,3.1,126,75
2024-01-02T10:00,12.6,5.4,70,70
2024-01-02T11:00,13.4,5.2,65,64
2024-01-02T12:00,14.8,5.6,50,59
2024-01-02T13:00,15.6,5.4,82,59
2024-01-02T14:00,12.7,17.3,91,66
2024-01-02T15:00,12.5,3.8,343,66
2024-01-02T16:00,12.0,10.4,256,71
2024-01-02T17:00,12.0,7.0,282,73
2024-01-02T18:00,11.2,6.5,267,76
2024-01-02T19:00,9.2,8.0,98,86
2024-01-02T20:00,8.6,11.3,207,84
2024-01-02T21:00,8.4,7.2,233,87
2024-01-02T22:00,7.6,3.7,259,93
2024-01-02T23:00,7.8,2.4,333,92
2024-01-03T00:00,7.7,6.6,9,92
2024-01-03T01:00,7.8,4.2,329,89
2024-01-03T02:00,7.3,3.9,292,93
2024-01-03T03:00,6.5,4.7,247,96
2024-01-03T04:00,5.9,4.3,275,97
2024-01-03T05:00,5.8,3.9,326,97
2024-01-03T06:00,6.9,2.3,342,94
2024-01-03T07:00,8.4,3.2,243,87
2024-01-03T08:00,10.2,3.4,238,75
2024-01-03T09:00,11.4,3.6,354,73
2024-01-03T10:00,12.7,5.1,352,69
2024-01-03T11:00,14.1,6.6,319,63
2024-01-03T12:00,14.8,5.9,308,59
2024-01-03T13:00,15.6,4.8,243,54
2024-01-03T14:00,11.6,27.7,115,77
2024-01-03T15:00,12.6,14.0,42,68
2024-01-03T16:00,10.6,10.1,96,77
2024-01-03T17:00,10.7,3.0,166,76
2024-01-03T18:00,9.7,3.2,180,80
2024-01-03T19:00,8.7,8.5,28,83
2024-01-03T20:00,8.9,2.9,277,86
2024-01-03T21:00,9.2,6.5,267,84
2024-01-03T22:00,9.0,5.5,247,84
2024-01-03T23:00,8.7,7.0,235,85
2024-01-04T00:00,8.3,7.1,294,85
2024-01-04T01:00,7.2,12.1,307,88
2024-01-04T02:00,7.4,5.6,310,83
2024-01-04T03:00,7.3,9.8,186,86
2024-01-04T04:00,7.2,8.9,159,87
2024-01-04T05:00,7.1,3.9,158,89
2024-01-04T06:00,7.5,2.9,187,88
2024-01-04T07:00,8.3,4.6,162,85
2024-01-04T08:00,9.2,4.3,312,82
2024-01-04T09:00,10.6,2.7,337,76
2024-01-04T10:00,12.2,3.4,58,69
2024-01-04T11:00,13.0,5.0,60,64
2024-01-04T12:00,14.2,3.7,79,60
2024-01-04T13:00,14.9,6.1,130,57
2024-01-04T14:00,13.9,10.8,92,61
2024-01-04T15:00,14.3,9.4,83,60
2024-01-04T16:00,14.2,13.8,105,58
2024-01-04T17:00,12.9,11.9,104,62
2024-01-04T18:00,11.3,10.0,64,72
2024-01-04T19:00,8.3,6.2,83,85
2024-01-04T20:00,8.4,11.9,185,85
2024-01-04T21:00,8.2,7.4,133,85
2024-01-04T22:00,7.8,5.6,165,88
2024-01-04T23:00,7.7,11.1,126,87
2024-01-05T00:00,7.7,13.0,136,85
2024-01-05T01:00,7.6,12.4,158,86
2024-01-05T02:00,6.8,11.2,184,90
2024-01-05T03:00,6.8,5.7,145,91
2024-01-05T04:00,6.8,11.4,156,89
2024-01-05T05:00,6.4,6.7,164,89
2024-01-05T06:00,6.4,2.5,90,89
2024-01-05T07:00,7.8,5.4,188,83
2024-01-05T08:00,8.6,2.9,210,81
2024-01-05T09:00,9.6,2.5,135,72
2024-01-05T10:00,11.2,6.7,74,65
2024-01-05T11:00,12.3,9.1,97,59
2024-01-05T12:00,13.1,8.9,104,61
2024-01-05T13:00,14.0,8.7,83,64
2024-01-05T14:00,14.9,14.8,91,58
2024-01-05T15:00,14.6,15.5,95,55
2024-01-05T16:00,14.7,15.0,101,51
2024-01-05T17:00,13.1,18.4,93,57
2024-01-05T18:00,11.7,11.7,124,68
2024-01-05T19:00,10.5,1.1,288,76
2024-01-05T20:00,7.8,3.3,276,93
2024-01-05T21:00,7.3,6.6,189,96
2024-01-05T22:00,7.7,6.3,211,94
2024-01-05T23:00,6.7,6.9,189,93
2024-01-06T00:00,6.8,5.0,210,95
2024-01-06T01:00,5.9,9.8,163,96
2024-01-06T02:00,6.0,6.9,174,96
2024-01-06T03:00,4.8,6.3,211,97
2024-01-06T04:00,4.4,8.7,232,97
2024-01-06T05:00,5.7,6.4,243,94
2024-01-06T06:00,6.1,5.2,245,94
2024-01-06T07:00,8.2,3.8,221,85
2024-01-06T08:00,9.0,3.3,13,84
2024-01-06T09:00,11.1,12.5,33,66
2024-01-06T10:00,12.9,17.2,61,55
2024-01-06T11:00,14.1,19.7,75,49
2024-01-06T12:00,14.7,18.8,86,47
2024-01-06T13:00,15.4,16.6,89,44
2024-01-06T14:00,15.9,19.1,92,42
2024-01-06T15:00,16.1,20.7,98,38
2024-01-06T16:00,15.4,20.1,111,38
2024-01-06T17:00,14.3,20.2,125,42
2024-01-06T18:00,11.9,17.9,128,58
2024-01-06T19:00,10.2,16.2,122,65
2024-01-06T20:00,9.4,14.5,113,72
2024-01-06T21:00,8.7,13.0,88,76
2024-01-06T22:00,7.5,9.0,74,75
2024-01-06T23:00,8.8,1.6,333,57
2024-01-07T00:00,5.7,7.4,284,81
2024-01-07T01:00,4.9,5.5,293,87
2024-01-07T02:00,5.8,3.6,264,82
2024-01-07T03:00,5.3,4.2,250,86
2024-01-07T04:00,5.1,3.6,233,88
2024-01-07T05:00,4.8,2.5,225,88
2024-01-07T06:00,4.3,1.6,297,90
2024-01-07T07:00,7.2,1.8,360,85
2024-01-07T08:00,9.8,1.3,124,72
2024-01-07T09:00,11.8,3.3,84,58
2024-01-07T10:00,13.7,8.7,73,46
2024-01-07T11:00,14.9,11.8,70,38
2024-01-07T12:00,15.7,14.8,77,36
2024-01-07T13:00,16.2,14.1,75,37
2024-01-07T14:00,16.5,13.6,73,38
2024-01-07T15:00,16.4,14.0,72,37
2024-01-07T16:00,16.1,13.7,88,39
2024-01-07T17:00,14.9,16.9,117,45
2024-01-07T18:00,12.9,14.0,116,59
2024-01-07T19:00,11.5,17.3,121,67
2024-01-07T20:00,10.2,13.4,144,77
2024-01-07T21:00,9.7,13.0,141,81
2024-01-07T22:00,8.6,9.2,129,84
2024-01-07T23:00,8.1,5.2,146,85
2024-01-08T00:00,7.2,6.1,230,89
2024-01-08T01:00,6.5,7.7,242,91
2024-01-08T02:00,5.7,4.6,231,93
2024-01-08T03:00,5.7,4.2,160,92
2024-01-08T04:00,5.7,4.5,194,91
2024-01-08T05:00,7.1,2.1,239,82
2024-01-08T06:00,6.6,4.6,231,87
2024-01-08T07:00,8.8,5.7,252,85
2024-01-08T08:00,11.3,4.5,241,68
2024-01-08T09:00,12.8,4.4,99,61
2024-01-08T10:00,14.2,8.7,95,56
2024-01-08T11:00,15.4,11.6,95,49
2024-01-08T12:00,16.7,15.1,89,38
2024-01-08T13:00,17.5,17.4,84,32
2024-01-08T14:00,17.7,16.0,81,34
2024-01-08T15:00,17.7,16.3,96,35
2024-01-08T16:00,17.1,17.4,96,36
2024-01-08T17:00,15.6,18.4,118,42
2024-01-08T18:00,13.8,14.8,135,51
2024-01-08T19:00,11.7,13.4,126,59
2024-01-08T20:00,10.5,13.7,113,72
2024-01-08T21:00,9.6,14.1,93,76
2024-01-08T22:00,8.2,10.8,92,66
2024-01-08T23:00,9.6,2.8,140,46
2024-01-09T00:00,5.6,7.6,239,75
2024-01-09T01:00,4.5,8.1,238,88
2024-01-09T02:00,3.5,6.4,218,93
2024-01-09T03:00,3.9,5.0,240,90
2024-01-09T04:00,3.2,5.7,288,91
2024-01-09T05:00,3.0,4.9,306,92
2024-01-09T06:00,3.8,3.1,315,92
2024-01-09T07:00,6.5,1.6,333,88
2024-01-09T08:00,9.6,3.5,24,70
2024-01-09T09:00,11.9,3.4,18,60
2024-01-09T10:00,13.8,6.6,49,45
2024-01-09T11:00,15.4,9.4,67,33
2024-01-09T12:00,16.6,15.5,78,27
2024-01-09T13:00,17.0,15.9,84,29
2024-01-09T14:00,17.3,15.1,89,31
2024-01-09T15:00,17.0,14.1,105,33
2024-01-09T16:00,16.7,15.8,117,35
2024-01-09T17:00,16.0,16.3,121,33
2024-01-09T18:00,13.7,14.8,119,47
2024-01-09T19:00,11.7,14.8,119,52
2024-01-09T20:00,10.2,13.7,125,55
2024-01-09T21:00,9.3,12.1,100,63
2024-01-09T22:00,8.0,9.9,57,72
2024-01-09T23:00,7.1,10.5,8,75
2024-01-10T00:00,5.8,8.2,337,74
2024-01-10T01:00,6.1,5.1,309,64
2024-01-10T02:00,7.0,1.5,284,57
2024-01-10T03:00,6.2,1.3,34,57
2024-01-10T04:00,5.2,0.4,360,60
2024-01-10T05:00,4.1,4.1,285,66
2024-01-10T06:00,4.0,5.5,302,76
2024-01-10T07:00,7.1,2.2,279,71
2024-01-10T08:00,10.2,1.1,342,57
2024-01-10T09:00,12.6,2.8,320,46
2024-01-10T10:00,14.1,4.0,5,42
2024-01-10T11:00,15.4,2.8,50,40
2024-01-10T12:00,16.6,8.7,97,35
2024-01-10T13:00,17.2,13.8,118,33
2024-01-10T14:00,17.7,19.1,126,31
2024-01-10T15:00,17.3,22.3,121,30
2024-01-10T16:00,16.6,20.7,107,30
2024-01-10T17:00,15.5,18.6,99,36
2024-01-10T18:00,13.5,11.6,85,51
2024-01-10T19:00,11.3,11.4,193,61
2024-01-10T20:00,10.1,15.0,197,68
2024-01-10T21:00,8.0,13.6,230,73
2024-01-10T22:00,7.4,7.4,219,80
2024-01-10T23:00,6.7,6.1,230,87
2024-01-11T00:00,6.1,5.4,188,90
2024-01-11T01:00,5.9,3.8,139,91
2024-01-11T02:00,5.2,6.2,126,95
2024-01-11T03:00,5.3,5.4,222,94
2024-01-11T04:00,5.0,8.6,270,95
2024-01-11T05:00,4.2,7.6,273,97
2024-01-11T06:00,3.9,4.9,253,99
2024-01-11T07:00,5.8,4.7,266,94
2024-01-11T08:00,8.3,6.8,267,84
2024-01-11T09:00,11.3,4.3,265,72
2024-01-11T10:00,13.3,4.4,99,58
2024-01-11T11:00,15.0,10.2,100,47
2024-01-11T12:00,16.3,17.4,97,40
2024-01-11T13:00,17.3,22.0,91,33
2024-01-11T14:00,17.1,20.9,93,33
2024-01-11T15:00,17.2,20.6,94,32
2024-01-11T16:00,16.2,20.3,97,36
2024-01-11T17:00,15.5,21.9,110,37
2024-01-11T18:00,13.6,18.0,123,46
2024-01-11T19:00,11.9,20.1,114,57
2024-01-11T20:00,10.7,15.6,116,67
2024-01-11T21:00,9.5,12.3,83,73
2024-01-11T22:00,8.3,10.5,52,69
2024-01-11T23:00,6.7,6.0,17,75
2024-01-12T00:00,5.8,6.0,245,80
2024-01-12T01:00,5.1,8.9,220,86
2024-01-12T02:00,5.4,4.1,225,83
2024-01-12T03:00,5.0,3.6,276,84
2024-01-12T04:00,3.6,4.3,294,91
2024-01-12T05:00,3.7,2.3,309,94
2024-01-12T06:00,3.3,2.3,321,98
2024-01-12T07:00,5.4,2.0,315,96
2024-01-12T08:00,9.8,2.9,210,67
2024-01-12T09:00,12.0,3.6,233,53
2024-01-12T10:00,13.5,1.9,338,45
2024-01-12T11:00,14.9,4.7,9,39
2024-01-12T12:00,15.9,3.6,6,35
2024-01-12T13:00,16.5,4.4,55,34
2024-01-12T14:00,16.8,8.1,58,33
2024-01-12T15:00,16.7,10.5,59,33
2024-01-12T16:00,16.1,14.4,77,35
2024-01-12T17:00,14.8,16.6,95,43
2024-01-12T18:00,13.6,15.6,116,51
2024-01-12T19:00,10.7,26.1,154,64
2024-01-12T20:00,9.8,20.8,154,71
2024-01-12T21:00,9.7,15.7,171,71
2024-01-12T22:00,9.4,11.6,185,72
2024-01-12T23:00,8.8,8.7,173,77
2024-01-13T00:00,8.7,7.3,123,77
2024-01-13T01:00,8.2,6.5,109,79
2024-01-13T02:00,8.0,4.0,95,80
2024-01-13T03:00,7.6,3.9,56,85
2024-01-13T04:00,7.3,3.8,17,89
2024-01-13T05:00,6.5,2.6,34,94
2024-01-13T06:00,6.4,1.3,34,95
2024-01-13T07:00,8.5,1.1,90,82
2024-01-13T08:00,9.6,3.3,276,69
2024-01-13T09:00,11.5,4.0,153,59
2024-01-13T10:00,13.0,6.4,128,52
2024-01-13T11:00,14.0,7.0,111,51
2024-01-13T12:00,15.4,8.1,103,50
2024-01-13T13:00,16.9,11.0,109,47
2024-01-13T14:00,17.7,18.7,101,44
2024-01-13T15:00,17.0,21.7,101,39
2024-01-13T16:00,16.1,24.3,98,41
2024-01-13T17:00,15.0,20.9,92,47
2024-01-13T18:00,13.7,13.6,102,55
2024-01-13T19:00,11.5,17.0,216,69
2024-01-13T20:00,9.6,13.6,202,73
2024-01-13T21:00,9.0,12.4,206,80
2024-01-13T22:00,8.9,9.8,208,78
2024-01-13T23:00,8.3,12.2,180,81
2024-01-14T00:00,7.5,7.1,229,86
2024-01-14T01:00,6.7,8.9,63,91
2024-01-14T02:00,6.2,5.9,14,97
2024-01-14T03:00,5.9,0.5,225,97
2024-01-14T04:00,6.0,1.6,207,97
2024-01-14T05:00,5.7,3.1,201,97
2024-01-14T06:00,5.6,2.4,207,99
2024-01-14T07:00,7.6,3.9,292,91
2024-01-14T08:00,9.7,1.9,248,76
2024-01-14T09:00,11.3,2.1,59,66
2024-01-14T10:00,13.0,3.5,114,57
2024-01-14T11:00,14.5,7.2,127,56
2024-01-14T12:00,15.7,11.7,124,52
2024-01-14T13:00,17.2,17.1,120,46
2024-01-14T14:00,17.2,23.1,113,42
2024-01-14T15:00,16.8,23.7,103,42
2024-01-14T16:00,15.8,22.6,104,45
2024-01-14T17:00,14.6,19.1,93,50
2024-01-14T18:00,13.0,11.5,110,63
2024-01-14T19:00,10.0,9.1,173,81
2024-01-14T20:00,11.7,0.7,90,66
2024-01-14T21:00,11.6,2.2,9,65
2024-01-14T22:00,9.0,11.5,200,81
2024-01-14T23:00,6.8,16.9,241,90
2024-01-15T00:00,6.5,14.0,209,92
2024-01-15T01:00,7.0,16.5,212,90
2024-01-15T02:00,6.7,9.1,236,92
2024-01-15T03:00,6.1,8.7,232,95
2024-01-15T04:00,6.3,6.8,270,93
2024-01-15T05:00,6.1,7.2,252,93
2024-01-15T06:00,6.4,5.0,270,94
2024-01-15T07:00,8.0,6.7,254,88
2024-01-15T08:00,9.6,2.3,321,79
2024-01-15T09:00,11.1,1.4,360,74
2024-01-15T10:00,13.1,13.9,73,62
2024-01-15T11:00,13.4,18.0,93,60
2024-01-15T12:00,14.5,18.5,98,61
2024-01-15T13:00,13.7,21.0,97,64
2024-01-15T14:00,15.1,25.6,93,55
2024-01-15T15:00,15.1,27.2,83,52
2024-01-15T16:00,13.4,14.9,83,61
2024-01-15T17:00,11.5,15.6,83,69
2024-01-15T18:00,10.4,4.2,301,75
2024-01-15T19:00,9.6,10.5,276,82
2024-01-15T20:00,9.0,1.8,307,89
2024-01-15T21:00,8.6,6.6,283,90
2024-01-15T22:00,7.4,5.2,295,95
2024-01-15T23:00,7.7,7.2,323,94
2024-01-16T00:00,6.9,7.4,331,96
2024-01-16T01:00,6.8,7.6,329,96
2024-01-16T02:00,6.3,6.0,335,97
2024-01-16T03:00,5.8,4.7,351,99
2024-01-16T04:00,5.5,3.9,338,100
2024-01-16T05:00,5.4,4.3,336,100
2024-01-16T06:00,5.5,2.9,360,99
2024-01-16T07:00,7.5,4.0,355,96
2024-01-16T08:00,10.1,5.1,309,76
2024-01-16T09:00,11.4,4.0,355,71
2024-01-16T10:00,12.6,6.4,38,68
2024-01-16T11:00,14.0,4.5,61,63
2024-01-16T12:00,15.1,3.7,61,59
2024-01-16T13:00,16.3,6.0,65,52
2024-01-16T14:00,15.7,11.2,105,50
2024-01-16T15:00,16.2,12.4,120,46
2024-01-16T16:00,15.5,12.5,78,49
2024-01-16T17:00,14.7,6.8,32,50
2024-01-16T18:00,13.5,6.0,327,57
2024-01-16T19:00,11.9,7.7,311,74
2024-01-16T20:00,10.9,11.0,293,80
2024-01-16T21:00,9.9,7.9,300,82
2024-01-16T22:00,8.9,5.2,304,88
2024-01-16T23:00,8.0,4.9,287,91
2024-01-17T00:00,8.1,3.1,306,89
2024-01-17T01:00,6.9,4.8,318,94
2024-01-17T02:00,7.3,3.1,306,94
2024-01-17T03:00,6.7,2.4,297,98
2024-01-17T04:00,5.3,2.9,353,100
2024-01-17T05:00,4.9,2.3,162,100
2024-01-17T06:00,5.5,8.1,122,98
2024-01-17T07:00,7.4,3.9,34,93
2024-01-17T08:00,9.3,2.6,124,82
2024-01-17T09:00,11.4,4.0,27,73
2024-01-17T10:00,13.5,6.4,63,62
2024-01-17T11:00,15.1,11.5,70,53
2024-01-17T12:00,16.6,14.3,80,45
2024-01-17T13:00,17.5,16.2,87,40
2024-01-17T14:00,17.7,20.2,88,38
2024-01-17T15:00,17.5,20.2,90,40
2024-01-17T16:00,17.4,20.6,96,38
2024-01-17T17:00,16.0,21.3,93,45
2024-01-17T18:00,14.3,20.1,105,60
2024-01-17T19:00,12.7,23.8,88,60
2024-01-17T20:00,10.8,8.2,52,72
2024-01-17T21:00,9.7,6.9,62,77
2024-01-17T22:00,9.2,8.8,78,77
2024-01-17T23:00,8.5,8.9,63,83
2024-01-18T00:00,7.9,6.9,39,88
2024-01-18T01:00,7.6,9.0,5,89
2024-01-18T02:00,7.2,8.8,351,92
2024-01-18T03:00,6.8,9.3,344,94
2024-01-18T04:00,6.7,8.6,327,94
2024-01-18T05:00,6.1,6.1,332,95
2024-01-18T06:00,6.5,4.9,343,94
2024-01-18T07:00,8.8,5.0,339,85
2024-01-18T08:00,10.8,5.8,270,74
2024-01-18T09:00,12.6,6.3,301,62
2024-01-18T10:00,13.9,4.0,333,55
2024-01-18T11:00,15.1,0.8,207,53
2024-01-18T12:00,16.0,3.4,122,51
2024-01-18T13:00,16.6,6.5,96,49
2024-01-18T14:00,17.6,12.4,68,44
2024-01-18T15:00,17.0,15.5,87,40
2024-01-18T16:00,17.5,17.3,94,38
2024-01-18T17:00,15.8,14.0,78,41
2024-01-18T18:00,14.0,3.6,354,51
2024-01-18T19:00,9.9,10.5,319,76
2024-01-18T20:00,11.9,3.5,156,75
2024-01-18T21:00,10.2,8.0,172,82
2024-01-18T22:00,9.2,0.7,360,91
2024-01-18T23:00,8.8,5.2,16,89
2024-01-19T00:00,8.3,2.1,59,91
2024-01-19T01:00,8.0,4.2,301,94
2024-01-19T02:00,7.9,2.9,300,96
2024-01-19T03:00,7.4,6.3,329,97
2024-01-19T04:00,7.1,4.9,343,97
2024-01-19T05:00,7.0,3.9,326,96
2024-01-19T06:00,7.4,2.1,329,95
2024-01-19T07:00,8.5,1.6,297,92
2024-01-19T08:00,10.7,2.2,9,76
2024-01-19T09:00,12.0,4.5,14,73
2024-01-19T10:00,13.2,3.2,360,68
2024-01-19T11:00,14.1,2.1,31,64
2024-01-19T12:00,15.7,4.3,5,56
2024-01-19T13:00,16.5,4.8,27,53
2024-01-19T14:00,17.2,8.8,78,48
2024-01-19T15:00,16.7,17.8,122,48
2024-01-19T16:00,15.4,13.2,73,51
2024-01-19T17:00,13.1,10.6,108,63
2024-01-19T18:00,12.7,11.6,154,65
2024-01-19T19:00,12.4,10.1,197,70
2024-01-19T20:00,11.8,7.6,205,75
2024-01-19T21:00,11.2,5.3,208,81
2024-01-19T22:00,10.4,10.0,120,80
2024-01-19T23:00,9.6,3.4,198,84
2024-01-20T00:00,8.2,13.5,314,92
2024-01-20T01:00,7.6,9.5,245,95
2024-01-20T02:00,7.9,9.6,283,90
2024-01-20T03:00,7.5,4.7,261,93
2024-01-20T04:00,7.6,0.4,360,90
2024-01-20T05:00,7.2,1.6,27,93
2024-01-20T06:00,7.2,4.8,27,96
2024-01-20T07:00,8.5,4.7,360,89
2024-01-20T08:00,10.1,2.5,135,75
2024-01-20T09:00,11.6,4.7,23,67
2024-01-20T10:00,13.1,6.0,25,59
2024-01-20T11:00,14.4,7.1,60,52
2024-01-20T12:00,16.0,13.7,76,47
2024-01-20T13:00,16.9,19.9,84,43
2024-01-20T14:00,17.0,21.7,78,44
2024-01-20T15:00,16.6,23.4,89,43
2024-01-20T16:00,15.5,19.9,77,46
2024-01-20T17:00,15.7,13.3,90,42
2024-01-20T18:00,14.4,4.4,99,53
2024-01-20T19:00,12.8,5.5,212,65
2024-01-20T20:00,9.2,13.6,230,84
2024-01-20T21:00,9.3,12.1,207,82
2024-01-20T22:00,9.0,11.9,205,85
2024-01-20T23:00,8.6,11.9,205,87
2024-01-21T00:00,7.7,6.4,218,91
2024-01-21T01:00,7.1,6.8,302,92
2024-01-21T02:00,7.2,9.2,309,93
2024-01-21T03:00,6.7,9.7,312,94
2024-01-21T04:00,5.8,6.6,315,97
2024-01-21T05:00,5.1,4.9,343,100
2024-01-21T06:00,5.8,3.1,21,99
2024-01-21T07:00,8.3,4.0,355,88
2024-01-21T08:00,10.0,5.2,344,80
2024-01-21T09:00,11.8,9.4,353,69
2024-01-21T10:00,13.6,11.0,19,57
2024-01-21T11:00,15.3,10.7,50,45
2024-01-21T12:00,16.4,11.9,65,39
2024-01-21T13:00,17.2,11.3,68,36
2024-01-21T14:00,17.9,13.3,71,35
2024-01-21T15:00,17.7,13.4,66,34
2024-01-21T16:00,17.6,13.7,85,34
2024-01-21T17:00,16.5,16.3,108,36
2024-01-21T18:00,14.6,14.6,110,47
2024-01-21T19:00,12.7,16.5,101,58
2024-01-21T20:00,12.2,16.2,90,67
2024-01-21T21:00,11.2,13.9,80,68
2024-01-21T22:00,10.1,12.0,74,71
2024-01-21T23:00,8.8,10.0,41,78
2024-01-22T00:00,7.4,4.3,360,88
2024-01-22T01:00,7.4,2.5,8,87
2024-01-22T02:00,6.0,6.2,10,95
2024-01-22T03:00,6.4,9.9,341,94
2024-01-22T04:00,6.3,10.0,322,97
2024-01-22T05:00,5.4,7.1,319,99
2024-01-22T06:00,5.8,4.0,360,97
2024-01-22T07:00,7.7,4.4,351,90
2024-01-22T08:00,10.5,2.5,315,75
2024-01-22T09:00,12.5,8.4,340,63
2024-01-22T10:00,13.8,9.0,2,54
2024-01-22T11:00,15.3,7.4,23,47
2024-01-22T12:00,16.8,8.9,47,40
2024-01-22T13:00,17.7,9.6,56,37
2024-01-22T14:00,18.4,12.5,72,34
2024-01-22T15:00,18.0,17.4,72,35
2024-01-22T16:00,17.7,17.3,86,35
2024-01-22T17:00,16.7,17.3,94,39
2024-01-22T18:00,15.2,15.2,95,48
2024-01-22T19:00,13.5,15.6,109,56
2024-01-22T20:00,12.5,12.0,99,64
2024-01-22T21:00,10.2,19.8,323,80
2024-01-22T22:00,9.2,6.2,280,83
2024-01-22T23:00,7.9,19.9,318,92
2024-01-23T00:00,9.1,8.5,332,78
2024-01-23T01:00,8.1,6.6,338,87
2024-01-23T02:00,7.6,7.6,352,91
2024-01-23T03:00,7.6,0.8,243,91
2024-01-23T04:00,6.2,3.7,331,98
2024-01-23T05:00,5.4,4.4,305,100
2024-01-23T06:00,6.1,5.0,300,100
2024-01-23T07:00,8.4,4.3,294,90
2024-01-23T08:00,10.9,8.9,328,76
2024-01-23T09:00,12.2,7.7,323,67
2024-01-23T10:00,13.3,6.0,303,63
2024-01-23T11:00,14.7,6.5,304,56
2024-01-23T12:00,16.1,5.3,332,50
2024-01-23T13:00,17.0,1.8,307,46
2024-01-23T14:00,16.9,5.5,58,46
2024-01-23T15:00,18.1,10.8,53,41
2024-01-23T16:00,15.0,6.7,36,51
2024-01-23T17:00,12.2,25.2,197,71
2024-01-23T18:00,11.3,5.2,196,71
2024-01-23T19:00,10.9,9.0,196,74
2024-01-23T20:00,10.2,11.5,302,82
2024-01-23T21:00,10.4,11.9,299,80
2024-01-23T22:00,9.2,10.3,335,84
2024-01-23T23:00,9.1,3.3,6,85
2024-01-24T00:00,8.9,1.4,360,86
2024-01-24T01:00,8.5,10.5,338,92
2024-01-24T02:00,8.3,5.6,345,91
2024-01-24T03:00,8.2,2.9,353,88
2024-01-24T04:00,7.9,9.9,19,88
2024-01-24T05:00,7.9,8.4,353,91
2024-01-24T06:00,7.8,11.6,353,90
2024-01-24T07:00,8.7,11.4,336,83
2024-01-24T08:00,9.3,13.1,339,80
2024-01-24T09:00,11.4,14.0,337,70
2024-01-24T10:00,12.4,8.7,318,65
2024-01-24T11:00,13.1,5.5,328,63
2024-01-24T12:00,14.2,5.2,326,66
2024-01-24T13:00,15.5,6.5,360,63
2024-01-24T14:00,15.5,6.2,10,59
2024-01-24T15:00,13.3,5.6,50,68
2024-01-24T16:00,13.9,4.4,9,61
2024-01-24T17:00,10.9,20.2,183,78
2024-01-24T18:00,11.1,12.8,212,77
2024-01-24T19:00,11.0,8.7,228,78
2024-01-24T20:00,9.6,4.6,141,85
2024-01-24T21:00,9.2,9.4,140,83
2024-01-24T22:00,9.3,11.0,169,85
2024-01-24T23:00,8.9,18.4,211,83
2024-01-25T00:00,7.2,22.8,231,81
2024-01-25T01:00,6.7,14.0,226,86
2024-01-25T02:00,6.9,12.0,249,85
2024-01-25T03:00,7.1,5.0,291,85
2024-01-25T04:00,7.3,0.8,243,84
2024-01-25T05:00,7.2,4.8,77,86
2024-01-25T06:00,7.4,5.8,150,85
2024-01-25T07:00,7.8,4.0,180,83
2024-01-25T08:00,9.6,5.2,245,79
2024-01-25T09:00,10.9,3.6,264,73
2024-01-25T10:00,12.4,2.5,360,72
2024-01-25T11:00,13.9,5.2,34,68
2024-01-25T12:00,15.1,5.4,360,60
2024-01-25T13:00,11.3,17.3,95,75
2024-01-25T14:00,12.8,14.4,94,73
2024-01-25T15:00,13.2,11.7,101,68
2024-01-25T16:00,11.9,18.1,84,70
2024-01-25T17:00,11.5,8.0,95,74
2024-01-25T18:00,10.4,6.1,220,78
2024-01-25T19:00,8.8,2.3,198,82
2024-01-25T20:00,9.7,6.3,211,81
2024-01-25T21:00,9.1,3.6,217,83
2024-01-25T22:00,8.8,11.3,171,85
2024-01-25T23:00,8.4,7.3,169,86
2024-01-26T00:00,8.2,13.4,174,87
2024-01-26T01:00,8.0,8.4,187,85
2024-01-26T02:00,7.7,6.6,202,88
2024-01-26T03:00,7.9,9.4,212,88
2024-01-26T04:00,7.6,5.8,187,86
2024-01-26T05:00,7.5,6.9,137,84
2024-01-26T06:00,7.3,9.1,108,85
2024-01-26T07:00,7.9,2.5,98,84
2024-01-26T08:00,9.5,2.7,337,80
2024-01-26T09:00,10.3,2.1,329,76
2024-01-26T10:00,11.4,2.6,196,74
2024-01-26T11:00,12.4,3.8,229,69
2024-01-26T12:00,13.3,8.0,198,66
2024-01-26T13:00,14.8,10.5,211,63
2024-01-26T14:00,15.2,9.7,184,61
2024-01-26T15:00,14.9,12.4,98,60
2024-01-26T16:00,14.5,12.7,97,56
2024-01-26T17:00,14.7,7.9,106,50
2024-01-26T18:00,11.7,13.0,204,70
2024-01-26T19:00,10.0,14.8,209,81
2024-01-26T20:00,9.2,13.8,171,86
2024-01-26T21:00,9.1,10.5,202,84
2024-01-26T22:00,8.1,14.1,193,90
2024-01-26T23:00,7.5,8.5,216,89
2024-01-27T00:00,6.6,10.7,220,93
2024-01-27T01:00,6.2,12.0,229,92
2024-01-27T02:00,5.6,8.3,236,93
2024-01-27T03:00,5.8,7.4,241,94
2024-01-27T04:00,6.3,4.4,235,91
2024-01-27T05:00,6.4,3.5,246,91
2024-01-27T06:00,6.5,5.2,258,90
2024-01-27T07:00,8.1,5.1,278,83
2024-01-27T08:00,9.8,7.6,239,77
2024-01-27T09:00,11.7,6.0,303,67
2024-01-27T10:00,12.9,6.3,13,63
2024-01-27T11:00,13.8,5.7,18,64
2024-01-27T12:00,14.7,3.1,45,63
2024-01-27T13:00,15.4,1.1,162,61
2024-01-27T14:00,15.6,8.4,83,60
2024-01-27T15:00,13.0,16.8,137,66
2024-01-27T16:00,13.4,5.1,135,62
2024-01-27T17:00,11.8,16.6,207,72
2024-01-27T18:00,10.6,11.8,247,78
2024-01-27T19:00,10.3,6.8,273,80
2024-01-27T20:00,9.5,11.7,281,83
2024-01-27T21:00,9.4,7.4,256,84
2024-01-27T22:00,9.1,1.9,338,85
2024-01-27T23:00,8.0,10.0,15,92
2024-01-28T00:00,8.0,7.7,332,87
2024-01-28T01:00,7.5,9.0,293,91
2024-01-28T02:00,7.1,6.4,322,93
2024-01-28T03:00,6.9,7.4,313,93
2024-01-28T04:00,7.4,11.3,297,87
2024-01-28T05:00,6.8,10.0,285,88
2024-01-28T06:00,6.5,3.9,304,90
2024-01-28T07:00,7.6,2.5,360,87
2024-01-28T08:00,10.2,5.0,330,72
2024-01-28T09:00,11.8,5.4,323,64
2024-01-28T10:00,13.1,5.8,356,59
2024-01-28T11:00,13.9,6.0,25,57
2024-01-28T12:00,14.9,5.7,35,52
2024-01-28T13:00,15.3,4.6,51,52
2024-01-28T14:00,16.3,7.6,82,54
2024-01-28T15:00,14.5,9.9,100,60
2024-01-28T16:00,12.8,7.1,165,62
2024-01-28T17:00,13.3,13.5,205,61
2024-01-28T18:00,10.4,20.1,226,78
2024-01-28T19:00,9.6,18.3,238,81
2024-01-28T20:00,9.7,16.9,254,79
2024-01-28T21:00,9.4,5.8,158,83
2024-01-28T22:00,8.2,4.9,126,90
2024-01-28T23:00,8.2,1.5,135,84
2024-01-29T00:00,7.7,1.1,198,86
2024-01-29T01:00,7.8,4.7,266,88
2024-01-29T02:00,7.0,10.3,245,90
2024-01-29T03:00,6.8,6.1,273,87
2024-01-29T04:00,7.0,3.0,284,89
2024-01-29T05:00,7.0,3.3,229,89
2024-01-29T06:00,6.8,4.3,180,89
2024-01-29T07:00,8.1,3.4,212,83
2024-01-29T08:00,10.3,4.4,125,78
2024-01-29T09:00,11.8,3.8,131,71
2024-01-29T10:00,12.3,2.8,140,63
2024-01-29T11:00,13.2,2.3,162,60
2024-01-29T12:00,14.4,0.7,270,61
2024-01-29T13:00,14.8,1.1,108,61
2024-01-29T14:00,15.6,2.4,117,58
2024-01-29T15:00,14.0,12.3,142,64
2024-01-29T16:00,13.9,9.8,73,60
2024-01-29T17:00,11.2,13.0,185,74
2024-01-29T18:00,10.9,4.7,247,73
2024-01-29T19:00,10.1,11.9,256,83
2024-01-29T20:00,9.4,9.2,228,85
2024-01-29T21:00,8.4,5.4,217,91
2024-01-29T22:00,8.6,2.3,219,88
2024-01-29T23:00,7.3,5.9,43,95
2024-01-30T00:00,6.8,4.9,17,98
2024-01-30T01:00,6.5,2.1,329,100
2024-01-30T02:00,6.4,1.6,27,100
2024-01-30T03:00,5.9,0.8,333,100
2024-01-30T04:00,5.0,3.7,11,100
2024-01-30T05:00,4.5,2.4,27,100
2024-01-30T06:00,4.7,2.9,270,100
2024-01-30T07:00,5.4,4.4,215,100
2024-01-30T08:00,7.5,7.9,227,84
2024-01-30T09:00,9.3,5.2,254,78
2024-01-30T10:00,11.3,0.7,90,74
2024-01-30T11:00,12.8,1.8,323,70
2024-01-30T12:00,13.9,0.5,225,66
2024-01-30T13:00,15.3,6.1,135,61
2024-01-30T14:00,14.6,14.3,129,63
2024-01-30T15:00,14.2,11.4,125,60
2024-01-30T16:00,14.3,15.5,95,58
2024-01-30T17:00,13.6,13.2,107,60
2024-01-30T18:00,11.8,3.1,324,66
2024-01-30T19:00,9.9,10.1,125,79
2024-01-30T20:00,8.5,13.1,217,91
2024-01-30T21:00,8.0,6.4,207,93
2024-01-30T22:00,8.4,9.0,180,88
2024-01-30T23:00,7.5,10.2,122,92
2024-01-31T00:00,8.0,4.9,107,88
2024-01-31T01:00,7.6,11.9,119,86
2024-01-31T02:00,7.5,8.9,140,89
2024-01-31T03:00,7.4,9.3,167,89
2024-01-31T04:00,6.9,7.3,147,94
2024-01-31T05:00,6.7,10.5,142,92
2024-01-31T06:00,6.9,11.3,127,90
2024-01-31T07:00,7.7,8.1,148,87
2024-01-31T08:00,9.9,1.6,153,77
2024-01-31T09:00,11.2,3.9,68,69
2024-01-31T10:00,12.2,5.6,40,64
2024-01-31T11:00,13.8,7.9,60,63
2024-01-31T12:00,14.5,13.3,77,60
2024-01-31T13:00,15.1,14.5,84,57
2024-01-31T14:00,15.3,18.4,96,57
2024-01-31T15:00,14.8,18.8,94,56
2024-01-31T16:00,14.4,19.6,104,53
2024-01-31T17:00,13.7,11.6,112,55
2024-01-31T18:00,12.1,8.8,102,66
2024-01-31T19:00,11.0,4.9,234,74
2024-01-31T20:00,10.5,2.1,149,77
2024-01-31T21:00,8.6,4.7,337,88
2024-01-31T22:00,7.9,3.2,207,92
2024-01-31T23:00,7.3,6.6,119,92
2024-02-01T00:00,7.0,5.7,198,94
2024-02-01T01:00,6.4,6.0,197,96
2024-02-01T02:00,7.5,2.3,252,91
2024-02-01T03:00,6.8,3.8,253,95
2024-02-01T04:00,6.4,4.5,194,96
2024-02-01T05:00,6.4,3.9,202,95
2024-02-01T06:00,6.6,2.7,247,94
2024-02-01T07:00,8.1,0.8,243,90
2024-02-01T08:00,9.6,2.3,342,80
2024-02-01T09:00,10.5,5.9,47,73
2024-02-01T10:00,11.8,7.6,65,64
2024-02-01T11:00,13.0,9.7,63,57
2024-02-01T12:00,14.4,10.8,64,53
2024-02-01T13:00,15.2,13.2,64,50
2024-02-01T14:00,15.5,16.7,71,48
2024-02-01T15:00,15.2,14.0,90,49
2024-02-01T16:00,15.4,16.9,91,48
2024-02-01T17:00,14.7,14.6,99,50
2024-02-01T18:00,13.4,10.0,105,59
2024-02-01T19:00,11.5,13.2,107,69
2024-02-01T20:00,10.9,6.4,153,74
2024-02-01T21:00,10.0,11.4,152,79
2024-02-01T22:00,9.1,10.9,174,86
2024-02-01T23:00,8.9,6.5,174,89
2024-02-02T00:00,7.7,11.0,191,92
2024-02-02T01:00,7.2,11.5,160,91
2024-02-02T02:00,7.5,12.8,170,89
2024-02-02T03:00,6.7,12.9,167,91
2024-02-02T04:00,7.0,13.0,152,90
2024-02-02T05:00,6.4,16.9,151,91
2024-02-02T06:00,6.3,10.1,182,89
2024-02-02T07:00,7.1,5.1,188,87
2024-02-02T08:00,8.5,17.0,95,84
2024-02-02T09:00,8.4,19.8,74,74
2024-02-02T10:00,8.8,17.5,71,73
2024-02-02T11:00,10.2,11.0,52,71
2024-02-02T12:00,12.7,12.1,73,61
2024-02-02T13:00,14.3,11.6,97,57
2024-02-02T14:00,14.5,14.8,113,56
2024-02-02T15:00,14.6,16.6,132,56
2024-02-02T16:00,14.1,16.6,120,54
2024-02-02T17:00,13.5,14.0,108,56
2024-02-02T18:00,12.2,13.1,99,64
2024-02-02T19:00,10.6,8.7,120,76
2024-02-02T20:00,9.8,12.7,105,75
2024-02-02T21:00,8.9,9.8,82,83
2024-02-02T22:00,8.3,10.5,86,85
2024-02-02T23:00,8.0,8.5,126,87
2024-02-03T00:00,7.2,11.1,119,90
2024-02-03T01:00,7.1,10.3,115,92
2024-02-03T02:00,6.7,8.2,151,92
2024-02-03T03:00,5.2,3.6,135,98
2024-02-03T04:00,5.0,5.2,286,99
2024-02-03T05:00,5.9,5.4,270,95
2024-02-03T06:00,6.0,3.8,253,94
2024-02-03T07:00,7.0,4.3,175,88
2024-02-03T08:00,9.1,10.8,143,78
2024-02-03T09:00,10.4,13.0,114,77
2024-02-03T10:00,11.9,15.1,102,70
2024-02-03T11:00,12.8,14.6,106,66
2024-02-03T12:00,13.6,13.7,125,60
2024-02-03T13:00,14.7,16.8,125,53
2024-02-03T14:00,15.7,21.3,124,45
2024-02-03T15:00,15.4,25.3,123,46
2024-02-03T16:00,14.4,22.4,120,52
2024-02-03T17:00,13.4,22.3,113,56
2024-02-03T18:00,12.3,14.4,93,63
2024-02-03T19:00,10.6,11.3,59,72
2024-02-03T20:00,10.0,13.0,46,71
2024-02-03T21:00,9.1,14.3,47,76
2024-02-03T22:00,8.4,12.0,49,78
2024-02-03T23:00,8.0,9.4,83,80
2024-02-04T00:00,6.9,5.9,101,87
2024-02-04T01:00,7.5,1.1,162,81
2024-02-04T02:00,5.8,7.2,186,91
2024-02-04T03:00,5.4,7.0,168,92
2024-02-04T04:00,5.6,3.4,148,90
2024-02-04T05:00,3.9,2.9,90,99
2024-02-04T06:00,4.2,2.7,67,99
2024-02-04T07:00,6.0,5.7,35,94
2024-02-04T08:00,9.3,11.4,66,71
2024-02-04T09:00,10.5,11.5,51,61
2024-02-04T10:00,11.3,11.9,87,58
2024-02-04T11:00,11.9,12.2,118,56
2024-02-04T12:00,12.5,14.2,126,55
2024-02-04T13:00,13.7,14.9,122,51
2024-02-04T14:00,14.6,14.0,113,45
2024-02-04T15:00,14.9,16.1,119,44
2024-02-04T16:00,14.2,20.9,119,47
2024-02-04T17:00,13.3,19.8,117,51
2024-02-04T18:00,11.8,13.8,123,60
2024-02-04T19:00,9.8,11.2,123,70
2024-02-04T20:00,9.3,11.8,102,71
2024-02-04T21:00,8.4,10.0,103,76
2024-02-04T22:00,7.5,7.1,60,82
2024-02-04T23:00,8.2,2.7,23,72
2024-02-05T00:00,6.9,4.0,207,79
2024-02-05T01:00,6.2,9.3,208,90
2024-02-05T02:00,5.6,9.2,225,95
2024-02-05T03:00,5.1,10.5,207,95
2024-02-05T04:00,5.5,11.9,151,93
2024-02-05T05:00,5.7,13.3,128,87
2024-02-05T06:00,5.0,8.4,130,92
2024-02-05T07:00,6.8,4.4,99,88
2024-02-05T08:00,9.4,9.4,130,76
2024-02-05T09:00,10.9,12.0,97,66
2024-02-05T10:00,12.0,13.9,100,59
2024-02-05T11:00,13.1,13.8,110,55
2024-02-05T12:00,14.0,13.4,104,53
2024-02-05T13:00,14.6,14.0,116,53
2024-02-05T14:00,14.8,17.1,129,52
2024-02-05T15:00,14.9,17.6,136,46
2024-02-05T16:00,14.3,19.4,140,50
2024-02-05T17:00,13.5,18.2,172,50
2024-02-05T18:00,10.3,18.1,149,72
2024-02-05T19:00,8.6,9.7,158,81
2024-02-05T20:00,9.2,5.9,218,82
2024-02-05T21:00,7.4,7.4,223,90
2024-02-05T22:00,5.9,15.9,242,93
2024-02-05T23:00,5.6,4.7,274,94
2024-02-06T00:00,5.1,2.5,360,96
2024-02-06T01:00,5.1,3.3,13,96
2024-02-06T02:00,4.7,4.6,309,98
2024-02-06T03:00,4.8,4.1,322,98
2024-02-06T04:00,5.1,6.8,357,98
2024-02-06T05:00,4.9,8.7,315,97
2024-02-06T06:00,5.1,7.8,304,95
2024-02-06T07:00,5.0,7.7,259,95
2024-02-06T08:00,6.6,2.8,140,86
2024-02-06T09:00,7.9,2.0,45,81
2024-02-06T10:00,9.4,3.1,339,72
2024-02-06T11:00,10.9,4.6,321,69
2024-02-06T12:00,12.1,5.9,308,63
2024-02-06T13:00,12.9,4.3,5,61
2024-02-06T14:00,14.1,2.3,198,58
2024-02-06T15:00,14.8,5.5,122,54
2024-02-06T16:00,11.4,15.9,72,68
2024-02-06T17:00,11.0,6.7,16,67
2024-02-06T18:00,8.3,5.5,328,82
2024-02-06T19:00,8.3,8.9,238,83
2024-02-06T20:00,8.1,6.6,292,85
2024-02-06T21:00,7.7,10.9,243,87
2024-02-06T22:00,7.6,8.4,277,85
2024-02-06T23:00,7.0,6.6,257,89
2024-02-07T00:00,6.3,5.4,250,87
2024-02-07T01:00,5.7,7.9,267,87
2024-02-07T02:00,4.8,7.5,235,93
2024-02-07T03:00,4.1,5.1,225,98
2024-02-07T04:00,4.3,3.4,288,98
2024-02-07T05:00,4.2,4.1,308,98
2024-02-07T06:00,4.8,6.6,299,91
2024-02-07T07:00,4.5,10.2,288,92
2024-02-07T08:00,7.9,11.5,314,75
2024-02-07T09:00,8.8,10.3,306,74
2024-02-07T10:00,10.4,10.6,332,74
2024-02-07T11:00,12.1,9.7,318,70
2024-02-07T12:00,13.4,10.0,300,63
2024-02-07T13:00,14.6,8.0,260,59
2024-02-07T14:00,14.6,4.1,232,59
2024-02-07T15:00,13.7,4.7,238,60
2024-02-07T16:00,11.0,17.1,35,73
2024-02-07T17:00,11.0,8.8,161,72
2024-02-07T18:00,10.3,15.1,308,76
2024-02-07T19:00,8.5,6.3,301,83
2024-02-07T20:00,7.1,8.8,235,90
2024-02-07T21:00,6.5,3.2,207,93
2024-02-07T22:00,6.2,3.6,135,94
2024-02-07T23:00,5.6,5.2,344,97
2024-02-08T00:00,5.4,7.1,315,98
2024-02-08T01:00,5.0,7.9,321,98
2024-02-08T02:00,4.5,3.3,354,99
2024-02-08T03:00,4.2,3.1,324,100
2024-02-08T04:00,3.7,5.4,352,100
2024-02-08T05:00,3.8,5.9,346,100
2024-02-08T06:00,4.2,7.6,329,100
2024-02-08T07:00,5.2,7.3,327,94
2024-02-08T08:00,7.7,1.8,307,89
2024-02-08T09:00,10.2,3.3,347,76
2024-02-08T10:00,11.8,3.4,328,72
2024-02-08T11:00,12.9,4.0,280,66
2024-02-08T12:00,14.2,6.8,245,61
2024-02-08T13:00,15.0,6.6,209,55
2024-02-08T14:00,15.2,4.1,225,51
2024-02-08T15:00,11.0,15.6,293,74
2024-02-08T16:00,12.0,2.9,360,68
2024-02-08T17:00,9.2,5.7,235,79
2024-02-08T18:00,9.8,6.5,34,75
2024-02-08T19:00,9.3,8.9,21,83
2024-02-08T20:00,8.1,7.3,33,87
2024-02-08T21:00,6.9,7.2,273,92
2024-02-08T22:00,6.5,5.8,266,94
2024-02-08T23:00,5.9,6.0,295,95
2024-02-09T00:00,5.9,5.2,335,95
2024-02-09T01:00,5.7,6.3,329,96
2024-02-09T02:00,5.1,5.8,338,97
2024-02-09T03:00,5.0,4.0,355,97
2024-02-09T04:00,4.4,4.9,343,98
2024-02-09T05:00,3.5,5.5,337,99
2024-02-09T06:00,3.8,6.3,347,99
2024-02-09T07:00,5.5,6.1,332,97
2024-02-09T08:00,6.9,7.8,326,91
2024-02-09T09:00,9.4,6.1,332,81
2024-02-09T10:00,11.3,5.6,333,69
2024-02-09T11:00,13.2,5.8,300,55
2024-02-09T12:00,14.4,6.4,297,48
2024-02-09T13:00,15.5,5.9,281,44
2024-02-09T14:00,16.0,5.2,258,42
2024-02-09T15:00,15.9,3.2,297,41
2024-02-09T16:00,15.9,9.7,356,44
2024-02-09T17:00,9.3,20.2,305,81
2024-02-09T18:00,8.7,1.8,281,80
2024-02-09T19:00,8.8,12.2,317,88
2024-02-09T20:00,9.2,5.4,98,84
2024-02-09T21:00,8.8,4.9,216,87
2024-02-09T22:00,8.3,7.0,159,83
2024-02-09T23:00,7.4,4.7,148,92
2024-02-10T00:00,6.7,6.2,170,95
2024-02-10T01:00,7.4,3.4,252,91
2024-02-10T02:00,5.7,3.7,299,97
2024-02-10T03:00,5.5,6.1,320,99
2024-02-10T04:00,5.0,6.1,332,100
2024-02-10T05:00,4.3,7.4,337,100
2024-02-10T06:00,4.8,4.7,337,100
2024-02-10T07:00,6.8,5.0,339,98
2024-02-10T08:00,9.9,8.7,322,77
2024-02-10T09:00,11.0,7.8,326,69
2024-02-10T10:00,12.4,7.4,337,63
2024-02-10T11:00,13.5,7.7,332,67
2024-02-10T12:00,14.7,7.9,321,64
2024-02-10T13:00,15.4,5.9,284,61
2024-02-10T14:00,16.1,4.1,225,57
2024-02-10T15:00,16.6,4.6,309,54
2024-02-10T16:00,10.9,10.6,55,77
2024-02-10T17:00,10.5,16.1,280,79
2024-02-10T18:00,9.0,5.4,278,84
2024-02-10T19:00,9.6,15.9,213,80
2024-02-10T20:00,9.0,11.6,150,83
2024-02-10T21:00,8.5,14.0,154,83
2024-02-10T22:00,8.3,10.4,134,88
2024-02-10T23:00,8.2,7.0,111,90
2024-02-11T00:00,7.4,3.1,126,95
2024-02-11T01:00,6.7,2.9,120,96
2024-02-11T02:00,6.4,7.4,293,98
2024-02-11T03:00,6.3,2.3,72,100
2024-02-11T04:00,5.7,2.5,352,100
2024-02-11T05:00,4.8,3.6,360,100
2024-02-11T06:00,4.4,2.8,50,99
2024-02-11T07:00,6.7,3.3,347,96
2024-02-11T08:00,7.9,14.3,168,81
2024-02-11T09:00,9.1,11.2,147,77
2024-02-11T10:00,10.3,11.0,142,77
2024-02-11T11:00,11.3,10.1,145,71
2024-02-11T12:00,12.7,8.4,100,68
2024-02-11T13:00,14.5,9.7,92,64
2024-02-11T14:00,14.9,12.0,81,62
2024-02-11T15:00,13.9,16.3,59,59
2024-02-11T16:00,13.4,15.0,63,63
2024-02-11T17:00,11.5,7.1,66,72
2024-02-11T18:00,11.7,3.7,241,70
2024-02-11T19:00,9.5,13.0,224,83
2024-02-11T20:00,9.1,2.7,203,81
2024-02-11T21:00,8.8,1.5,194,85
2024-02-11T22:00,8.7,4.0,260,87
2024-02-11T23:00,8.3,3.5,156,87
2024-02-12T00:00,7.9,2.3,231,90
2024-02-12T01:00,8.1,2.1,239,88
2024-02-12T02:00,7.2,3.3,311,91
2024-02-12T03:00,7.5,4.9,287,93
2024-02-12T04:00,6.9,5.8,270,95
2024-02-12T05:00,6.1,7.0,258,96
2024-02-12T06:00,7.3,2.6,304,94
2024-02-12T07:00,8.6,1.0,315,87
2024-02-12T08:00,9.9,3.0,256,79
2024-02-12T09:00,11.6,3.9,292,69
2024-02-12T10:00,12.8,2.4,63,69
2024-02-12T11:00,13.7,6.5,84,63
2024-02-12T12:00,14.6,8.0,80,60
2024-02-12T13:00,15.9,10.1,88,57
2024-02-12T14:00,15.8,13.4,85,56
2024-02-12T15:00,14.9,14.2,83,54
2024-02-12T16:00,15.2,8.7,83,52
2024-02-12T17:00,13.8,7.6,90,54
2024-02-12T18:00,13.0,7.5,253,58
2024-02-12T19:00,9.2,13.6,202,85
2024-02-12T20:00,9.2,4.0,207,87
2024-02-12T21:00,9.3,4.0,180,88
2024-02-12T22:00,8.0,3.2,90,90
2024-02-12T23:00,8.6,3.5,204,87
2024-02-13T00:00,8.2,4.6,321,87
2024-02-13T01:00,7.8,7.1,315,90
2024-02-13T02:00,7.6,4.3,355,89
2024-02-13T03:00,7.9,4.3,294,85
2024-02-13T04:00,7.8,3.6,276,88
2024-02-13T05:00,7.9,3.2,297,89
2024-02-13T06:00,8.1,2.3,342,88
2024-02-13T07:00,8.7,4.6,321,85
2024-02-13T08:00,9.9,5.5,238,79
2024-02-13T09:00,11.1,3.8,253,75
2024-02-13T10:00,12.6,3.4,252,68
2024-02-13T11:00,14.0,2.2,270,62
2024-02-13T12:00,15.2,1.5,225,59
2024-02-13T13:00,14.2,10.9,84,64
2024-02-13T14:00,12.2,13.3,103,71
2024-02-13T15:00,12.0,16.4,52,68
2024-02-13T16:00,11.9,15.1,357,73
2024-02-13T17:00,11.2,5.7,288,77
2024-02-13T18:00,9.9,12.7,241,84
2024-02-13T19:00,9.4,11.0,232,86
2024-02-13T20:00,9.1,5.0,201,86
2024-02-13T21:00,8.9,10.0,229,87
2024-02-13T22:00,8.3,3.4,212,90
2024-02-13T23:00,8.5,7.1,330,87
2024-02-14T00:00,8.4,9.7,358,87
2024-02-14T01:00,8.5,10.5,354,83
2024-02-14T02:00,8.2,6.6,319,83
2024-02-14T03:00,8.0,5.8,270,82
2024-02-14T04:00,6.9,5.2,254,90
2024-02-14T05:00,7.1,3.6,264,87
2024-02-14T06:00,6.5,1.5,166,91
2024-02-14T07:00,8.0,1.3,56,90
2024-02-14T08:00,9.8,6.1,320,77
2024-02-14T09:00,11.0,10.0,345,71
2024-02-14T10:00,12.2,8.7,5,65
2024-02-14T11:00,13.5,8.4,25,65
2024-02-14T12:00,14.6,11.2,40,65
2024-02-14T13:00,12.0,16.3,47,69
2024-02-14T14:00,12.9,18.5,63,67
2024-02-14T15:00,13.9,18.4,42,64
2024-02-14T16:00,13.3,12.8,22,67
2024-02-14T17:00,11.4,9.4,317,73
2024-02-14T18:00,10.7,3.9,22,75
2024-02-14T19:00,9.9,2.2,351,82
2024-02-14T20:00,9.6,6.6,119,85
2024-02-14T21:00,8.6,5.4,356,88
2024-02-14T22:00,9.0,2.1,239,88
2024-02-14T23:00,8.0,3.7,61,95
2024-02-15T00:00,8.7,4.1,15,87
2024-02-15T01:00,8.6,2.2,279,87
2024-02-15T02:00,7.6,8.8,199,91
2024-02-15T03:00,6.8,5.5,169,94
2024-02-15T04:00,6.6,4.7,148,93
2024-02-15T05:00,6.5,3.2,243,95
2024-02-15T06:00,5.6,4.3,222,100
2024-02-15T07:00,7.2,1.4,180,97
2024-02-15T08:00,8.7,9.4,337,89
2024-02-15T09:00,11.0,11.9,335,74
2024-02-15T10:00,12.6,9.8,343,64
2024-02-15T11:00,14.1,7.2,360,57
2024-02-15T12:00,15.2,5.6,27,54
2024-02-15T13:00,15.9,7.6,45,59
2024-02-15T14:00,14.1,19.9,58,65
2024-02-15T15:00,14.5,14.6,38,60
2024-02-15T16:00,14.4,14.1,38,59
2024-02-15T17:00,12.8,10.2,23,69
2024-02-15T18:00,11.8,3.7,299,73
2024-02-15T19:00,10.1,9.4,92,86
2024-02-15T20:00,9.8,9.6,236,85
2024-02-15T21:00,9.0,7.1,221,87
2024-02-15T22:00,8.3,4.6,198,90
2024-02-15T23:00,8.2,3.1,69,91
2024-02-16T00:00,7.2,3.6,225,95
2024-02-16T01:00,7.1,9.4,288,96
2024-02-16T02:00,7.8,6.4,207,91
2024-02-16T03:00,6.7,5.8,263,96
2024-02-16T04:00,6.1,4.1,232,96
2024-02-16T05:00,6.2,3.8,287,96
2024-02-16T06:00,5.1,5.7,342,99
2024-02-16T07:00,7.9,6.0,335,95
2024-02-16T08:00,9.8,4.8,318,84
2024-02-16T09:00,10.9,1.1,342,81
2024-02-16T10:00,12.6,3.7,331,73
2024-02-16T11:00,13.5,4.3,294,68
2024-02-16T12:00,14.5,2.2,261,59
2024-02-16T13:00,15.1,1.4,90,56
2024-02-16T14:00,16.4,5.2,106,56
2024-02-16T15:00,16.4,9.4,92,56
2024-02-16T16:00,15.4,14.8,84,56
2024-02-16T17:00,14.5,14.3,80,54
2024-02-16T18:00,13.4,7.8,56,67
2024-02-16T19:00,11.1,6.6,241,78
2024-02-16T20:00,11.1,3.3,84,78
2024-02-16T21:00,10.2,12.0,33,80
2024-02-16T22:00,9.0,5.0,339,86
2024-02-16T23:00,8.6,6.0,295,89
2024-02-17T00:00,7.9,6.5,236,90
2024-02-17T01:00,7.6,12.1,210,90
2024-02-17T02:00,7.3,7.1,229,91
2024-02-17T03:00,7.4,6.2,201,90
2024-02-17T04:00,6.9,2.9,263,95
2024-02-17T05:00,7.0,3.3,221,96
2024-02-17T06:00,6.6,5.7,325,97
2024-02-17T07:00,8.0,2.9,330,90
2024-02-17T08:00,9.1,3.6,270,83
2024-02-17T09:00,10.3,2.0,225,79
2024-02-17T10:00,11.7,0.5,225,76
2024-02-17T11:00,13.1,0.7,180,70
2024-02-17T12:00,13.8,1.1,162,68
2024-02-17T13:00,14.5,2.4,243,66
2024-02-17T14:00,14.9,1.9,202,64
2024-02-17T15:00,15.6,12.4,60,59
2024-02-17T16:00,13.3,14.7,101,69
2024-02-17T17:00,11.9,1.9,112,72
2024-02-17T18:00,11.0,9.1,198,74
2024-02-17T19:00,9.9,6.2,260,80
2024-02-17T20:00,7.9,16.8,225,83
2024-02-17T21:00,6.2,6.1,242,94
2024-02-17T22:00,7.5,7.6,295,89
2024-02-17T23:00,7.2,10.5,354,91
2024-02-18T00:00,7.4,8.4,7,89
2024-02-18T01:00,7.5,9.2,349,91
2024-02-18T02:00,7.2,17.4,342,88
2024-02-18T03:00,6.1,12.2,336,89
2024-02-18T04:00,6.9,10.0,322,89
2024-02-18T05:00,6.4,9.2,329,91
2024-02-18T06:00,6.9,10.8,330,88
2024-02-18T07:00,8.0,9.3,347,83
2024-02-18T08:00,7.9,8.7,330,82
2024-02-18T09:00,9.6,7.7,311,77
2024-02-18T10:00,11.8,6.4,313,67
2024-02-18T11:00,12.6,6.7,324,62
2024-02-18T12:00,14.4,7.8,338,56
2024-02-18T13:00,15.0,6.0,335,59
2024-02-18T14:00,15.5,3.0,346,57
2024-02-18T15:00,16.2,2.4,153,53
2024-02-18T16:00,15.7,12.0,81,52
2024-02-18T17:00,13.0,3.4,148,62
2024-02-18T18:00,11.8,11.1,306,71
2024-02-18T19:00,10.0,13.6,258,82
2024-02-18T20:00,9.4,11.9,295,88
2024-02-18T21:00,8.8,11.8,310,90
2024-02-18T22:00,8.8,10.8,323,89
2024-02-18T23:00,8.2,9.4,358,89
2024-02-19T00:00,7.0,10.8,2,90
2024-02-19T01:00,6.6,10.1,333,90
2024-02-19T02:00,6.7,9.0,337,87
2024-02-19T03:00,6.8,10.5,319,87
2024-02-19T04:00,6.6,8.1,328,88
2024-02-19T05:00,6.0,9.7,338,92
2024-02-19T06:00,6.5,8.2,337,88
2024-02-19T07:00,7.3,7.6,335,86
2024-02-19T08:00,8.4,4.8,297,86
2024-02-19T09:00,8.7,1.5,315,84
2024-02-19T10:00,8.4,4.8,27,81
2024-02-19T11:00,8.7,4.8,347,81
2024-02-19T12:00,9.9,2.3,219,77
2024-02-19T13:00,12.1,3.3,103,71
2024-02-19T14:00,13.3,3.8,139,67
2024-02-19T15:00,14.7,8.4,100,60
2024-02-19T16:00,14.4,10.5,117,60
2024-02-19T17:00,10.3,22.9,213,77
2024-02-19T18:00,10.2,11.2,201,79
2024-02-19T19:00,9.8,6.4,196,85
2024-02-19T20:00,9.5,8.6,237,82
2024-02-19T21:00,9.2,8.0,260,80
2024-02-19T22:00,8.7,7.6,270,79
2024-02-19T23:00,7.9,6.8,342,85
2024-02-20T00:00,7.9,4.4,9,88
2024-02-20T01:00,7.3,3.1,324,91
2024-02-20T02:00,6.7,3.6,315,93
2024-02-20T03:00,7.5,3.1,306,91
2024-02-20T04:00,7.6,2.5,315,92
2024-02-20T05:00,7.7,2.5,8,93
2024-02-20T06:00,7.7,3.3,347,94
2024-02-20T07:00,8.3,1.9,292,91
2024-02-20T08:00,9.2,11.8,220,72
2024-02-20T09:00,9.9,8.6,213,69
2024-02-20T10:00,10.5,5.8,184,65
2024-02-20T11:00,10.4,2.8,130,67
2024-02-20T12:00,10.8,3.5,66,70
2024-02-20T13:00,11.2,3.3,354,73
2024-02-20T14:00,12.3,8.0,355,68
2024-02-20T15:00,13.2,8.2,41,64
2024-02-20T16:00,11.9,14.3,205,73
2024-02-20T17:00,9.7,9.9,161,79
2024-02-20T18:00,9.7,4.3,156,81
2024-02-20T19:00,10.1,3.8,197,81
2024-02-20T20:00,9.3,17.2,233,72
2024-02-20T21:00,8.4,21.6,224,70
2024-02-20T22:00,7.7,19.6,221,72
2024-02-20T23:00,7.6,17.3,216,73
2024-02-21T00:00,7.3,15.4,217,74
2024-02-21T01:00,7.0,13.8,221,75
2024-02-21T02:00,6.3,13.4,211,76
2024-02-21T03:00,5.9,13.2,206,76
2024-02-21T04:00,5.8,14.3,214,74
2024-02-21T05:00,5.8,13.8,229,71
2024-02-21T06:00,5.8,11.2,237,69
2024-02-21T07:00,6.3,9.4,238,63
2024-02-21T08:00,8.3,16.8,223,59
2024-02-21T09:00,10.4,14.0,222,55
2024-02-21T10:00,12.0,10.1,207,54
2024-02-21T11:00,13.1,11.3,158,55
2024-02-21T12:00,14.2,11.8,149,48
2024-02-21T13:00,14.9,12.1,157,49
2024-02-21T14:00,15.1,11.2,159,53
2024-02-21T15:00,14.8,11.2,174,55
2024-02-21T16:00,11.1,19.6,163,71
2024-02-21T17:00,10.9,5.1,309,68
2024-02-21T18:00,8.9,14.6,110,84
2024-02-21T19:00,9.8,9.4,212,80
2024-02-21T20:00,9.0,20.1,213,63
2024-02-21T21:00,7.9,19.1,212,68
2024-02-21T22:00,6.8,19.7,201,71
2024-02-21T23:00,6.2,18.4,203,73
2024-02-22T00:00,5.6,15.6,214,75
2024-02-22T01:00,4.9,12.7,215,78
2024-02-22T02:00,4.1,12.8,220,81
2024-02-22T03:00,3.4,9.7,225,83
2024-02-22T04:00,3.0,8.7,222,84
2024-02-22T05:00,2.1,7.7,221,90
2024-02-22T06:00,1.2,7.0,235,96
2024-02-22T07:00,3.2,7.8,236,91
2024-02-22T08:00,7.8,12.8,238,66
2024-02-22T09:00,9.7,8.4,230,60
2024-02-22T10:00,11.3,7.4,209,53
2024-02-22T11:00,12.8,7.6,188,46
2024-02-22T12:00,13.9,10.1,186,44
2024-02-22T13:00,14.6,8.8,192,44
2024-02-22T14:00,15.7,7.6,199,39
2024-02-22T15:00,16.1,6.1,208,36
2024-02-22T16:00,16.1,7.2,180,34
2024-02-22T17:00,15.2,1.8,127,34
2024-02-22T18:00,12.9,6.8,205,50
2024-02-22T19:00,10.7,12.9,216,70
2024-02-22T20:00,8.7,18.9,222,69
2024-02-22T21:00,8.1,24.7,224,56
2024-02-22T22:00,7.2,19.4,220,63
2024-02-22T23:00,6.6,15.3,229,69
2024-02-23T00:00,5.8,13.0,228,76
2024-02-23T01:00,5.1,14.0,224,79
2024-02-23T02:00,4.5,11.5,219,81
2024-02-23T03:00,3.5,9.8,204,87
2024-02-23T04:00,3.0,10.9,224,89
2024-02-23T05:00,2.1,9.2,239,93
2024-02-23T06:00,2.5,7.0,249,89
2024-02-23T07:00,3.7,7.0,235,88
2024-02-23T08:00,7.8,9.8,242,69
2024-02-23T09:00,10.3,9.1,236,60
2024-02-23T10:00,12.1,6.8,198,58
2024-02-23T11:00,13.5,9.0,157,53
2024-02-23T12:00,14.1,11.9,119,51
2024-02-23T13:00,14.6,14.9,127,51
2024-02-23T14:00,15.9,18.1,111,48
2024-02-23T15:00,15.2,18.7,120,45
2024-02-23T16:00,14.6,21.3,102,48
2024-02-23T17:00,13.1,20.1,81,56
2024-02-23T18:00,12.1,14.4,89,65
2024-02-23T19:00,8.8,16.3,215,87
2024-02-23T20:00,9.4,7.2,217,81
2024-02-23T21:00,8.7,5.8,240,85
2024-02-23T22:00,7.6,8.9,220,89
2024-02-23T23:00,6.7,14.2,234,93
2024-02-24T00:00,6.3,12.1,233,93
2024-02-24T01:00,5.6,5.8,270,94
2024-02-24T02:00,6.1,7.4,219,94
2024-02-24T03:00,5.6,6.1,225,97
2024-02-24T04:00,4.7,4.7,270,99
2024-02-24T05:00,4.4,5.9,322,100
2024-02-24T06:00,5.0,4.1,15,99
2024-02-24T07:00,7.0,3.3,354,93
2024-02-24T08:00,9.5,1.8,143,79
2024-02-24T09:00,10.5,7.3,79,74
2024-02-24T10:00,11.7,11.8,78,71
2024-02-24T11:00,11.6,18.7,101,71
2024-02-24T12:00,11.6,18.4,92,78
2024-02-24T13:00,12.2,26.5,83,72
2024-02-24T14:00,13.0,16.6,92,72
2024-02-24T15:00,12.7,16.7,83,66
2024-02-24T16:00,11.7,21.1,82,69
2024-02-24T17:00,11.1,16.3,84,70
2024-02-24T18:00,9.8,12.2,124,79
2024-02-24T19:00,9.4,10.6,72,80
2024-02-24T20:00,8.5,20.7,77,77
2024-02-24T21:00,8.2,14.8,64,80
2024-02-24T22:00,8.0,10.8,53,82
2024-02-24T23:00,8.4,4.6,39,83
2024-02-25T00:00,7.7,4.8,283,88
2024-02-25T01:00,6.5,7.1,255,93
2024-02-25T02:00,6.3,8.2,218,95
2024-02-25T03:00,7.2,4.8,138,93
2024-02-25T04:00,7.2,3.1,36,93
2024-02-25T05:00,7.2,4.3,318,94
2024-02-25T06:00,7.0,4.5,284,95
2024-02-25T07:00,7.9,1.3,236,90
2024-02-25T08:00,9.5,8.0,72,79
2024-02-25T09:00,11.2,11.9,85,70
2024-02-25T10:00,12.2,13.9,73,69
2024-02-25T11:00,13.0,16.3,84,67
2024-02-25T12:00,12.4,20.9,94,72
2024-02-25T13:00,13.3,26.0,85,65
2024-02-25T14:00,14.0,27.5,95,59
2024-02-25T15:00,13.2,25.6,93,62
2024-02-25T16:00,13.8,21.0,102,62
2024-02-25T17:00,12.2,16.2,93,63
2024-02-25T18:00,9.4,20.5,24,80
2024-02-25T19:00,7.8,12.5,303,89
2024-02-25T20:00,8.6,8.6,248,86
2024-02-25T21:00,7.6,10.7,258,93
2024-02-25T22:00,6.8,10.9,253,95
2024-02-25T23:00,6.5,10.1,276,95
2024-02-26T00:00,6.5,9.8,278,93
2024-02-26T01:00,6.1,6.6,283,94
2024-02-26T02:00,6.1,2.9,120,96
2024-02-26T03:00,6.2,2.1,31,95
2024-02-26T04:00,6.2,3.6,315,97
2024-02-26T05:00,6.3,0.8,243,96
2024-02-26T06:00,6.6,2.9,270,96
2024-02-26T07:00,7.5,6.1,320,91
2024-02-26T08:00,8.5,7.4,209,85
2024-02-26T09:00,9.3,9.1,198,79
2024-02-26T10:00,9.8,14.2,207,76
2024-02-26T11:00,9.9,13.7,203,78
2024-02-26T12:00,12.1,5.0,180,73
2024-02-26T13:00,13.8,4.4,145,66
2024-02-26T14:00,12.9,14.0,108,68
2024-02-26T15:00,11.7,7.6,109,69
2024-02-26T16:00,12.6,10.2,51,64
2024-02-26T17:00,10.8,9.3,118,71
2024-02-26T18:00,9.9,5.9,322,77
2024-02-26T19:00,8.9,3.3,84,82
2024-02-26T20:00,8.7,2.3,252,83
2024-02-26T21:00,8.2,6.0,245,90
2024-02-26T22:00,7.9,5.5,238,92
2024-02-26T23:00,7.4,5.1,219,93
2024-02-27T00:00,7.1,4.7,212,94
2024-02-27T01:00,6.7,2.3,198,95
2024-02-27T02:00,6.5,4.1,255,97
2024-02-27T03:00,5.8,2.6,254,99
2024-02-27T04:00,5.6,6.0,123,100
2024-02-27T05:00,6.3,1.8,233,97
2024-02-27T06:00,6.0,4.7,293,99
2024-02-27T07:00,7.1,3.6,276,94
2024-02-27T08:00,9.2,1.0,225,80
2024-02-27T09:00,10.7,1.4,90,73
2024-02-27T10:00,12.0,2.6,56,66
2024-02-27T11:00,12.5,4.4,99,62
2024-02-27T12:00,12.3,4.0,190,65
2024-02-27T13:00,14.1,3.3,103,60
2024-02-27T14:00,14.8,8.9,104,58
2024-02-27T15:00,12.8,11.0,67,65
2024-02-27T16:00,12.5,4.9,343,63
2024-02-27T17:00,12.3,4.7,360,61
2024-02-27T18:00,10.2,4.9,324,76
2024-02-27T19:00,9.9,4.5,76,76
2024-02-27T20:00,8.6,8.7,45,88
2024-02-27T21:00,8.5,8.4,340,84
2024-02-27T22:00,7.4,2.9,360,93
2024-02-27T23:00,7.6,3.4,302,93
2024-02-28T00:00,7.0,2.6,56,90
2024-02-28T01:00,7.3,2.7,67,94
2024-02-28T02:00,7.3,2.8,50,95
2024-02-28T03:00,7.3,1.4,180,96
2024-02-28T04:00,7.4,4.4,9,89
2024-02-28T05:00,7.3,5.0,360,90
2024-02-28T06:00,7.3,2.5,315,89
2024-02-28T07:00,8.1,5.4,360,84
2024-02-28T08:00,8.1,7.8,22,82
2024-02-28T09:00,8.8,11.9,360,73
2024-02-28T10:00,9.8,10.1,2,70
2024-02-28T11:00,10.9,7.2,27,71
2024-02-28T12:00,11.9,6.4,47,65
2024-02-28T13:00,13.2,5.9,76,62
2024-02-28T14:00,14.4,3.0,104,58
2024-02-28T15:00,15.2,9.7,138,56
2024-02-28T16:00,13.4,10.3,102,63
2024-02-28T17:00,12.1,5.8,94,66
2024-02-28T18:00,9.5,2.6,344,77
2024-02-28T19:00,9.4,4.3,48,77
2024-02-28T20:00,8.9,1.6,153,78
2024-02-28T21:00,8.5,7.4,309,83
2024-02-28T22:00,8.5,6.6,299,84
2024-02-28T23:00,8.4,3.4,302,85
2024-02-29T00:00,8.3,4.9,343,85
2024-02-29T01:00,8.0,6.2,339,83
2024-02-29T02:00,7.6,8.7,275,87
2024-02-29T03:00,6.8,9.8,262,88
2024-02-29T04:00,6.2,12.6,246,86
2024-02-29T05:00,5.2,15.1,237,89
2024-02-29T06:00,4.9,12.9,247,90
2024-02-29T07:00,5.3,10.9,253,89
2024-02-29T08:00,7.2,8.8,325,78
2024-02-29T09:00,9.2,12.6,333,71
2024-02-29T10:00,10.8,9.3,344,64
2024-02-29T11:00,12.0,8.3,358,59
2024-02-29T12:00,13.4,7.8,22,53
2024-02-29T13:00,13.9,6.5,71,52
2024-02-29T14:00,13.8,7.7,79,52
2024-02-29T15:00,14.2,7.9,114,50
2024-02-29T16:00,13.6,12.7,125,51
2024-02-29T17:00,12.1,13.2,107,62
2024-02-29T18:00,11.1,8.0,100,70
2024-02-29T19:00,7.2,5.5,58,89
2024-02-29T20:00,8.0,5.8,300,87
2024-02-29T21:00,7.4,5.1,356,91
2024-02-29T22:00,7.6,8.7,5,85
2024-02-29T23:00,7.4,5.0,339,86
2024-03-01T00:00,6.8,2.1,211,92
2024-03-01T01:00,6.7,1.1,180,89
2024-03-01T02:00,6.7,3.3,174,90
2024-03-01T03:00,6.4,4.9,107,93
2024-03-01T04:00,5.6,2.5,180,96
2024-03-01T05:00,5.4,1.1,288,97
2024-03-01T06:00,5.9,1.8,90,95
2024-03-01T07:00,6.8,2.5,360,91
2024-03-01T08:00,7.8,3.3,311,87
2024-03-01T09:00,9.7,6.2,353,77
2024-03-01T10:00,11.3,7.3,20,67
2024-03-01T11:00,12.5,10.0,26,58
2024-03-01T12:00,12.9,6.1,28,56
2024-03-01T13:00,14.5,5.3,28,53
2024-03-01T14:00,10.2,22.3,69,75
2024-03-01T15:00,10.9,7.7,37,69
2024-03-01T16:00,12.2,3.6,225,63
2024-03-01T17:00,11.2,9.0,203,67
2024-03-01T18:00,9.9,7.7,323,77
2024-03-01T19:00,9.1,4.7,32,84
2024-03-01T20:00,7.5,8.4,200,84
2024-03-01T21:00,6.5,5.7,162,90
2024-03-01T22:00,6.6,0.8,27,87
2024-03-01T23:00,6.1,6.8,148,93
2024-03-02T00:00,5.6,9.0,268,94
2024-03-02T01:00,5.0,7.4,227,95
2024-03-02T02:00,5.1,2.9,173,96
2024-03-02T03:00,4.3,3.1,126,99
2024-03-02T04:00,4.0,1.0,225,99
2024-03-02T05:00,3.0,3.6,276,99
2024-03-02T06:00,3.0,3.1,291,100
2024-03-02T07:00,4.9,4.9,306,99
2024-03-02T08:00,7.4,5.4,340,84
2024-03-02T09:00,9.6,10.0,345,71
2024-03-02T10:00,11.5,9.7,358,61
2024-03-02T11:00,13.0,9.4,4,53
2024-03-02T12:00,13.7,9.1,9,53
2024-03-02T13:00,14.1,7.5,17,57
2024-03-02T14:00,15.1,6.5,56,57
2024-03-02T15:00,13.8,11.3,73,60
2024-03-02T16:00,12.7,11.9,115,61
2024-03-02T17:00,11.5,2.4,153,61
2024-03-02T18:00,10.4,10.3,295,74
2024-03-02T19:00,8.8,6.5,304,87
2024-03-02T20:00,8.1,7.4,256,87
2024-03-02T21:00,7.7,7.6,273,88
2024-03-02T22:00,7.0,4.5,331,93
2024-03-02T23:00,6.3,13.9,339,95
2024-03-03T00:00,6.4,8.9,302,91
2024-03-03T01:00,5.6,9.7,318,95
2024-03-03T02:00,5.0,9.8,332,95
2024-03-03T03:00,4.2,12.5,303,91
2024-03-03T04:00,4.4,9.7,292,88
2024-03-03T05:00,4.3,3.4,288,93
2024-03-03T06:00,3.9,2.1,31,95
2024-03-03T07:00,5.2,2.1,31,94
2024-03-03T08:00,8.1,1.8,281,83
2024-03-03T09:00,10.2,3.2,270,73
2024-03-03T10:00,11.5,2.7,67,63
2024-03-03T11:00,12.5,6.0,115,59
2024-03-03T12:00,13.6,6.3,114,56
2024-03-03T13:00,14.7,6.3,103,50
2024-03-03T14:00,15.0,9.2,121,47
2024-03-03T15:00,15.6,11.4,108,43
2024-03-03T16:00,14.8,14.8,94,45
2024-03-03T17:00,14.0,15.5,90,51
2024-03-03T18:00,11.6,11.2,94,69
2024-03-03T19:00,10.1,12.2,109,75
2024-03-03T20:00,9.1,9.9,123,76
2024-03-03T21:00,8.4,7.1,105,82
2024-03-03T22:00,8.0,7.6,225,83
2024-03-03T23:00,6.7,10.7,237,88
2024-03-04T00:00,6.5,8.7,294,89
2024-03-04T01:00,5.8,7.2,270,92
2024-03-04T02:00,5.7,2.0,315,93
2024-03-04T03:00,5.7,1.1,252,93
2024-03-04T04:00,5.5,3.9,202,95
2024-03-04T05:00,5.4,3.4,148,98
2024-03-04T06:00,5.5,5.6,117,97
2024-03-04T07:00,6.8,1.1,180,91
2024-03-04T08:00,8.3,8.6,88,85
2024-03-04T09:00,9.4,0.5,135,73
2024-03-04T10:00,10.8,3.2,243,70
2024-03-04T11:00,12.5,5.6,243,68
2024-03-04T12:00,13.5,4.0,265,65
2024-03-04T13:00,14.4,4.3,265,61
2024-03-04T14:00,15.1,2.9,60,55
2024-03-04T15:00,13.6,16.8,99,61
2024-03-04T16:00,13.2,11.8,59,62
2024-03-04T17:00,11.2,10.2,42,68
2024-03-04T18:00,9.5,16.2,258,80
2024-03-04T19:00,8.9,13.6,220,82
2024-03-04T20:00,8.1,12.2,256,87
2024-03-04T21:00,8.4,4.7,203,84
2024-03-04T22:00,7.2,2.7,203,91
2024-03-04T23:00,7.9,4.0,175,87
2024-03-05T00:00,7.5,1.0,315,90
2024-03-05T01:00,6.9,3.1,21,93
2024-03-05T02:00,6.8,1.4,360,95
2024-03-05T03:00,6.6,2.2,360,97
2024-03-05T04:00,6.3,3.3,319,98
2024-03-05T05:00,5.8,5.4,318,96
2024-03-05T06:00,6.2,3.6,6,96
2024-03-05T07:00,7.9,4.2,340,88
2024-03-05T08:00,8.5,1.1,252,86
2024-03-05T09:00,9.8,1.6,63,80
2024-03-05T10:00,11.2,4.4,35,74
2024-03-05T11:00,12.0,4.7,32,69
2024-03-05T12:00,13.1,1.8,37,65
2024-03-05T13:00,13.9,5.6,75,61
2024-03-05T14:00,13.2,7.1,66,60
2024-03-05T15:00,11.8,14.3,34,70
2024-03-05T16:00,11.5,11.5,49,67
2024-03-05T17:00,10.4,10.6,332,75
2024-03-05T18:00,9.4,10.0,285,81
2024-03-05T19:00,8.7,9.8,246,87
2024-03-05T20:00,8.2,12.7,317,88
2024-03-05T21:00,8.1,10.0,283,85
2024-03-05T22:00,7.7,6.3,283,89
2024-03-05T23:00,6.8,4.0,207,94
2024-03-06T00:00,6.5,7.9,270,96
2024-03-06T01:00,6.4,10.1,253,91
2024-03-06T02:00,5.7,9.1,261,89
2024-03-06T03:00,5.6,4.5,284,90
2024-03-06T04:00,4.8,4.0,270,95
2024-03-06T05:00,4.3,4.2,290,97
2024-03-06T06:00,4.2,6.0,327,99
2024-03-06T07:00,6.3,6.6,338,95
2024-03-06T08:00,9.1,4.5,331,78
2024-03-06T09:00,10.4,7.6,335,69
2024-03-06T10:00,11.7,4.5,346,69
2024-03-06T11:00,12.9,2.1,329,67
2024-03-06T12:00,14.0,2.9,330,64
2024-03-06T13:00,15.0,4.3,294,57
2024-03-06T14:00,15.5,4.6,342,52
2024-03-06T15:00,12.9,21.4,70,65
2024-03-06T16:00,12.7,12.9,63,66
2024-03-06T17:00,12.3,10.8,60,67
2024-03-06T18:00,10.2,4.7,247,75
2024-03-06T19:00,8.7,4.5,241,83
2024-03-06T20:00,8.4,8.3,236,87
2024-03-06T21:00,7.0,4.7,360,94
2024-03-06T22:00,8.0,7.6,273,87
2024-03-06T23:00,7.0,4.0,275,92
2024-03-07T00:00,7.3,5.4,278,87
2024-03-07T01:00,7.2,6.7,286,89
2024-03-07T02:00,7.3,6.5,251,88
2024-03-07T03:00,7.0,3.3,257,88
2024-03-07T04:00,7.0,2.3,219,86
2024-03-07T05:00,6.9,2.2,270,87
2024-03-07T06:00,6.4,1.8,11,90
2024-03-07T07:00,7.3,5.1,4,92
2024-03-07T08:00,7.4,10.0,218,86
2024-03-07T09:00,8.6,5.6,230,81
2024-03-07T10:00,10.0,4.0,275,75
2024-03-07T11:00,11.2,6.8,267,68
2024-03-07T12:00,12.2,4.7,302,67
2024-03-07T13:00,12.9,2.7,293,60
2024-03-07T14:00,13.3,2.5,98,57
2024-03-07T15:00,13.8,5.1,86,55
2024-03-07T16:00,14.1,2.3,18,52
2024-03-07T17:00,14.2,0.8,243,51
2024-03-07T18:00,10.2,12.2,268,80
2024-03-07T19:00,10.2,3.7,259,78
2024-03-07T20:00,8.9,12.2,227,84
2024-03-07T21:00,8.3,6.7,324,88
2024-03-07T22:00,8.3,10.8,307,88
2024-03-07T23:00,7.7,6.4,313,91
2024-03-08T00:00,8.1,2.9,277,87
2024-03-08T01:00,8.0,1.5,225,86
2024-03-08T02:00,8.0,0.0,270,86
2024-03-08T03:00,7.8,7.0,305,87
2024-03-08T04:00,7.4,12.2,304,89
2024-03-08T05:00,6.7,10.1,287,87
2024-03-08T06:00,6.0,9.5,279,89
2024-03-08T07:00,6.6,8.8,282,86
2024-03-08T08:00,6.8,9.4,328,80
2024-03-08T09:00,7.7,11.9,325,79
2024-03-08T10:00,8.9,15.0,325,75
2024-03-08T11:00,10.3,16.4,322,71
2024-03-08T12:00,11.6,15.8,315,67
2024-03-08T13:00,11.8,12.9,306,68
2024-03-08T14:00,13.5,9.4,317,60
2024-03-08T15:00,14.7,8.8,348,55
2024-03-08T16:00,14.5,8.1,339,55
2024-03-08T17:00,11.9,17.2,10,70
2024-03-08T18:00,10.5,5.1,278,79
2024-03-08T19:00,8.7,8.7,232,88
2024-03-08T20:00,8.3,9.9,316,89
2024-03-08T21:00,8.0,5.4,278,89
2024-03-08T22:00,7.0,5.9,308,95
2024-03-08T23:00,6.6,6.5,3,97
2024-03-09T00:00,6.8,4.3,312,96
2024-03-09T01:00,6.3,6.5,6,98
2024-03-09T02:00,6.5,6.1,40,95
2024-03-09T03:00,6.3,1.8,233,96
2024-03-09T04:00,5.9,4.3,228,97
2024-03-09T05:00,4.6,6.6,292,99
2024-03-09T06:00,4.3,6.8,295,99
2024-03-09T07:00,7.3,7.1,319,91
2024-03-09T08:00,7.9,8.6,338,94
2024-03-09T09:00,11.0,8.0,342,77
2024-03-09T10:00,12.6,4.2,329,72
2024-03-09T11:00,13.9,2.9,300,66
2024-03-09T12:00,15.0,3.2,297,58
2024-03-09T13:00,15.7,3.5,294,53
2024-03-09T14:00,16.4,5.8,4,49
2024-03-09T15:00,15.5,3.8,41,52
2024-03-09T16:00,12.2,10.1,354,71
2024-03-09T17:00,11.7,6.2,280,71
2024-03-09T18:00,11.1,8.4,239,78
2024-03-09T19:00,10.0,7.8,202,84
2024-03-09T20:00,9.6,5.9,223,88
2024-03-09T21:00,8.8,7.7,229,91
2024-03-09T22:00,8.4,2.3,39,93
2024-03-09T23:00,8.0,7.0,339,95
2024-03-10T00:00,7.7,6.6,347,95
2024-03-10T01:00,6.9,6.2,339,96
2024-03-10T02:00,6.8,6.4,333,92
2024-03-10T03:00,6.3,3.9,338,93
2024-03-10T04:00,6.0,3.4,342,93
2024-03-10T05:00,5.6,5.9,14,92
2024-03-10T06:00,5.6,6.7,16,91
2024-03-10T07:00,7.2,7.8,13,88
2024-03-10T08:00,8.0,9.0,2,87
2024-03-10T09:00,9.0,11.5,2,82
2024-03-10T10:00,9.6,15.8,17,79
2024-03-10T11:00,10.0,13.3,33,78
2024-03-10T12:00,11.3,6.7,36,72
2024-03-10T13:00,12.6,2.9,90,65
2024-03-10T14:00,13.6,9.1,171,63
2024-03-10T15:00,13.6,8.1,103,61
2024-03-10T16:00,13.4,5.2,78,63
2024-03-10T17:00,9.8,11.2,312,81
2024-03-10T18:00,9.3,8.5,306,84
2024-03-10T19:00,9.3,4.4,261,85
2024-03-10T20:00,9.1,10.0,232,87
2024-03-10T21:00,8.7,7.7,242,88
2024-03-10T22:00,8.0,5.4,188,91
2024-03-10T23:00,8.1,2.6,214,89
2024-03-11T00:00,7.4,4.1,345,92
2024-03-11T01:00,8.0,3.8,343,87
2024-03-11T02:00,7.5,2.8,220,88
2024-03-11T03:00,7.1,4.0,265,90
2024-03-11T04:00,5.9,3.9,304,95
2024-03-11T05:00,5.5,4.2,340,95
2024-03-11T06:00,5.9,2.3,288,98
2024-03-11T07:00,7.6,2.9,300,90
2024-03-11T08:00,9.2,4.0,275,78
2024-03-11T09:00,10.4,5.1,4,76
2024-03-11T10:00,11.8,8.9,21,67
2024-03-11T11:00,13.0,9.0,37,71
2024-03-11T12:00,13.8,2.3,18,69
2024-03-11T13:00,14.7,3.1,45,65
2024-03-11T14:00,15.1,14.1,40,63
2024-03-11T15:00,12.7,12.9,18,69
2024-03-11T16:00,12.7,15.8,12,68
2024-03-11T17:00,11.3,10.3,306,75
2024-03-11T18:00,10.6,5.9,259,78
2024-03-11T19:00,10.3,6.4,207,84
2024-03-11T20:00,9.1,7.9,204,89
2024-03-11T21:00,8.5,5.1,231,92
2024-03-11T22:00,7.6,5.1,309,95
2024-03-11T23:00,6.9,5.6,345,97
2024-03-12T00:00,6.7,5.8,356,97
2024-03-12T01:00,7.0,5.3,152,97
2024-03-12T02:00,7.4,4.5,284,96
2024-03-12T03:00,6.1,3.6,264,99
2024-03-12T04:00,5.5,4.4,235,100
2024-03-12T05:00,5.8,3.6,276,99
2024-03-12T06:00,5.1,3.4,328,98
2024-03-12T07:00,6.7,5.8,353,98
2024-03-12T08:00,7.9,5.9,317,91
2024-03-12T09:00,10.6,6.4,333,77
2024-03-12T10:00,12.2,8.2,337,69
2024-03-12T11:00,13.8,6.2,339,61
2024-03-12T12:00,15.0,4.3,5,55
2024-03-12T13:00,16.0,3.1,21,50
2024-03-12T14:00,16.6,1.5,14,48
2024-03-12T15:00,17.1,5.4,53,46
2024-03-12T16:00,16.6,10.9,56,48
2024-03-12T17:00,15.4,10.0,77,51
2024-03-12T18:00,12.9,14.2,81,66
2024-03-12T19:00,11.8,14.8,86,73
2024-03-12T20:00,10.4,8.7,97,79
2024-03-12T21:00,9.9,8.4,121,82
2024-03-12T22:00,9.0,5.5,157,88
2024-03-12T23:00,8.3,8.9,227,90
2024-03-13T00:00,7.6,10.3,241,89
2024-03-13T01:00,7.2,8.7,222,89
2024-03-13T02:00,6.9,13.7,185,90
2024-03-13T03:00,6.9,1.0,225,93
2024-03-13T04:00,7.3,4.5,209,94
2024-03-13T05:00,6.3,3.7,259,98
2024-03-13T06:00,6.4,3.0,284,99
2024-03-13T07:00,8.2,4.1,225,92
2024-03-13T08:00,9.9,3.8,221,81
2024-03-13T09:00,11.2,1.0,45,73
2024-03-13T10:00,12.6,6.8,25,69
2024-03-13T11:00,13.8,5.6,27,68
2024-03-13T12:00,14.7,4.0,360,67
2024-03-13T13:00,15.8,4.3,336,62
2024-03-13T14:00,16.4,5.6,320,59
2024-03-13T15:00,16.6,3.3,49,55
2024-03-13T16:00,16.4,7.9,60,54
2024-03-13T17:00,13.0,9.3,103,71
2024-03-13T18:00,12.8,4.3,114,79
2024-03-13T19:00,8.1,25.1,232,87
2024-03-13T20:00,9.5,14.0,226,83
2024-03-13T21:00,9.0,11.4,215,83
2024-03-13T22:00,8.4,7.1,204,87
2024-03-13T23:00,8.0,6.8,198,89
2024-03-14T00:00,7.7,9.8,204,91
2024-03-14T01:00,7.4,11.4,281,92
2024-03-14T02:00,7.1,9.7,321,97
2024-03-14T03:00,7.0,8.3,304,95
2024-03-14T04:00,6.5,6.6,311,96
2024-03-14T05:00,5.8,3.7,11,99
2024-03-14T06:00,6.0,5.9,349,100
2024-03-14T07:00,7.8,1.3,236,94
2024-03-14T08:00,9.9,2.6,254,81
2024-03-14T09:00,11.4,2.1,149,72
2024-03-14T10:00,13.0,2.9,30,64
2024-03-14T11:00,14.2,5.6,345,62
2024-03-14T12:00,15.4,6.8,18,59
2024-03-14T13:00,16.3,13.3,41,60
2024-03-14T14:00,16.6,10.8,60,54
2024-03-14T15:00,16.2,16.0,46,50
2024-03-14T16:00,15.9,5.6,45,52
2024-03-14T17:00,14.9,6.8,72,56
2024-03-14T18:00,13.0,5.6,140,72
2024-03-14T19:00,12.0,5.9,137,78
2024-03-14T20:00,10.0,9.2,219,84
2024-03-14T21:00,8.9,5.2,205,90
2024-03-14T22:00,10.1,1.8,180,81
2024-03-14T23:00,9.0,4.8,228,87
2024-03-15T00:00,7.8,13.0,275,91
2024-03-15T01:00,6.7,12.3,302,95
2024-03-15T02:00,7.4,14.8,271,92
2024-03-15T03:00,6.7,10.1,287,93
2024-03-15T04:00,6.2,3.8,253,94
2024-03-15T05:00,6.5,1.3,56,94
2024-03-15T06:00,5.4,8.2,23,98
2024-03-15T07:00,8.1,5.1,4,92
2024-03-15T08:00,10.4,4.9,17,80
2024-03-15T09:00,12.0,8.5,12,76
2024-03-15T10:00,13.2,8.4,7,72
2024-03-15T11:00,14.2,5.4,356,67
2024-03-15T12:00,15.1,4.0,360,64
2024-03-15T13:00,15.9,2.5,352,62
2024-03-15T14:00,16.5,3.5,246,58
2024-03-15T15:00,16.4,2.9,210,56
2024-03-15T16:00,16.3,2.3,162,54
2024-03-15T17:00,14.3,10.5,131,61
2024-03-15T18:00,12.8,8.2,203,72
2024-03-15T19:00,9.2,18.2,194,85
2024-03-15T20:00,9.5,19.2,206,84
2024-03-15T21:00,8.7,9.9,237,87
2024-03-15T22:00,8.1,4.6,225,90
2024-03-15T23:00,7.7,4.8,207,91
2024-03-16T00:00,7.3,6.9,9,92
2024-03-16T01:00,7.1,10.1,4,95
2024-03-16T02:00,7.2,10.4,340,87
2024-03-16T03:00,7.0,4.7,302,91
2024-03-16T04:00,7.1,5.9,308,92
2024-03-16T05:00,6.9,4.3,312,94
2024-03-16T06:00,7.2,4.5,299,92
2024-03-16T07:00,8.4,9.4,302,83
2024-03-16T08:00,10.0,7.6,289,79
2024-03-16T09:00,11.0,7.2,333,77
2024-03-16T10:00,12.4,8.4,340,75
2024-03-16T11:00,13.5,7.4,346,72
2024-03-16T12:00,14.6,4.8,347,69
2024-03-16T13:00,15.5,4.1,345,64
2024-03-16T14:00,16.2,3.9,34,60
2024-03-16T15:00,16.6,4.2,20,57
2024-03-16T16:00,12.9,1.1,252,70
2024-03-16T17:00,11.6,15.1,108,74
2024-03-16T18:00,10.1,18.5,213,81
2024-03-16T19:00,9.7,8.3,175,86
2024-03-16T20:00,9.2,12.5,252,88
2024-03-16T21:00,8.9,8.0,252,89
2024-03-16T22:00,7.9,4.2,250,95
2024-03-16T23:00,8.7,5.5,113,92
2024-03-17T00:00,7.9,2.3,39,96
2024-03-17T01:00,7.6,6.6,29,99
2024-03-17T02:00,7.6,5.9,38,98
2024-03-17T03:00,7.4,4.0,360,97
2024-03-17T04:00,7.0,2.1,31,100
2024-03-17T05:00,7.4,3.6,90,99
2024-03-17T06:00,7.1,1.0,315,100
2024-03-17T07:00,8.4,2.3,39,94
2024-03-17T08:00,10.2,2.3,342,81
2024-03-17T09:00,12.0,4.5,346,75
2024-03-17T10:00,13.6,6.3,347,68
2024-03-17T11:00,14.0,7.4,331,64
2024-03-17T12:00,14.8,7.5,343,59
2024-03-17T13:00,15.0,5.0,21,56
2024-03-17T14:00,13.1,17.7,78,66
2024-03-17T15:00,12.5,22.0,32,68
2024-03-17T16:00,11.8,7.4,313,73
2024-03-17T17:00,11.3,11.9,268,76
2024-03-17T18:00,10.5,6.2,234,80
2024-03-17T19:00,9.8,6.4,223,86
2024-03-17T20:00,9.7,1.1,18,81
2024-03-17T21:00,9.5,7.3,279,84
2024-03-17T22:00,9.0,11.6,263,86
2024-03-17T23:00,8.1,11.0,251,85
2024-03-18T00:00,7.7,9.7,243,86
2024-03-18T01:00,7.7,10.0,249,86
2024-03-18T02:00,7.4,10.9,261,89
2024-03-18T03:00,7.2,9.7,248,89
2024-03-18T04:00,6.3,8.4,227,91
2024-03-18T05:00,6.0,7.4,231,91
2024-03-18T06:00,5.7,4.5,256,91
2024-03-18T07:00,6.9,4.0,275,86
2024-03-18T08:00,8.0,4.6,321,86
2024-03-18T09:00,11.0,12.0,344,73
2024-03-18T10:00,12.9,15.2,338,62
2024-03-18T11:00,14.2,15.0,339,55
2024-03-18T12:00,15.4,14.7,343,51
2024-03-18T13:00,16.0,12.0,344,47
2024-03-18T14:00,16.3,13.1,352,47
2024-03-18T15:00,15.8,12.8,11,48
2024-03-18T16:00,14.6,18.9,35,60
2024-03-18T17:00,9.8,16.1,290,83
2024-03-18T18:00,9.5,10.0,255,82
2024-03-18T19:00,9.2,4.6,225,87
2024-03-18T20:00,8.6,13.8,213,85
2024-03-18T21:00,8.3,10.4,224,85
2024-03-18T22:00,7.7,5.6,220,90
2024-03-18T23:00,7.8,5.6,117,91
2024-03-19T00:00,7.7,4.1,52,92
2024-03-19T01:00,7.5,5.8,338,94
2024-03-19T02:00,7.6,5.4,4,95
2024-03-19T03:00,8.0,2.0,315,92
2024-03-19T04:00,7.5,1.5,45,95
2024-03-19T05:00,5.8,4.5,14,100
2024-03-19T06:00,5.6,5.4,8,100
2024-03-19T07:00,7.2,4.0,355,98
2024-03-19T08:00,9.2,5.2,335,91
2024-03-19T09:00,11.2,5.7,325,81
2024-03-19T10:00,12.5,3.9,292,72
2024-03-19T11:00,13.5,5.4,274,68
2024-03-19T12:00,14.7,8.7,277,62
2024-03-19T13:00,14.2,10.9,171,60
2024-03-19T14:00,13.5,1.3,146,64
2024-03-19T15:00,12.4,3.6,90,68
2024-03-19T16:00,11.8,11.3,253,74
2024-03-19T17:00,10.1,9.3,286,79
2024-03-19T18:00,10.1,6.2,339,82
2024-03-19T19:00,9.8,3.2,27,87
2024-03-19T20:00,9.0,3.6,6,86
2024-03-19T21:00,8.3,6.1,357,92
2024-03-19T22:00,8.1,3.4,342,94
2024-03-19T23:00,7.3,4.8,333,97
2024-03-20T00:00,6.4,5.6,315,99
2024-03-20T01:00,5.8,4.8,283,100
2024-03-20T02:00,5.3,4.7,274,100
2024-03-20T03:00,5.5,3.9,248,99
2024-03-20T04:00,4.7,4.5,241,100
2024-03-20T05:00,4.1,3.6,276,99
2024-03-20T06:00,4.0,7.0,305,98
2024-03-20T07:00,5.2,7.6,301,96
2024-03-20T08:00,7.1,5.7,305,84
2024-03-20T09:00,9.2,7.1,330,81
2024-03-20T10:00,11.3,9.1,326,73
2024-03-20T11:00,13.4,10.2,312,60
2024-03-20T12:00,14.9,9.0,286,53
2024-03-20T13:00,15.4,6.2,277,51
2024-03-20T14:00,16.3,3.6,217,46
2024-03-20T15:00,16.5,1.1,198,44
2024-03-20T16:00,17.0,6.4,232,40
2024-03-20T17:00,13.5,16.6,178,62
2024-03-20T18:00,11.2,7.4,141,79
2024-03-20T19:00,11.1,8.0,190,81
2024-03-20T20:00,9.6,22.4,228,63
2024-03-20T21:00,8.8,19.2,220,67
2024-03-20T22:00,8.3,15.9,218,69
2024-03-20T23:00,7.8,14.0,215,72
2024-03-21T00:00,6.8,12.8,212,78
2024-03-21T01:00,6.2,11.2,213,82
2024-03-21T02:00,5.6,10.1,207,84
2024-03-21T03:00,5.1,9.3,208,86
2024-03-21T04:00,4.1,7.1,221,91
2024-03-21T05:00,3.0,6.0,245,98
2024-03-21T06:00,2.4,5.5,247,99
2024-03-21T07:00,4.3,6.2,260,97
2024-03-21T08:00,7.0,6.6,261,91
2024-03-21T09:00,9.9,4.3,275,81
2024-03-21T10:00,12.2,4.2,250,61
2024-03-21T11:00,13.7,4.1,195,54
2024-03-21T12:00,14.9,4.7,148,52
2024-03-21T13:00,15.9,7.3,123,51
2024-03-21T14:00,15.9,8.4,100,50
2024-03-21T15:00,15.6,12.6,87,50
2024-03-21T16:00,15.1,17.3,95,51
2024-03-21T17:00,13.7,16.9,79,54
2024-03-21T18:00,11.9,6.1,40,73
2024-03-21T19:00,10.2,5.8,4,81
2024-03-21T20:00,9.2,5.9,284,84
2024-03-21T21:00,9.7,3.3,283,79
2024-03-21T22:00,7.8,5.9,227,89
2024-03-21T23:00,7.9,5.9,232,89
2024-03-22T00:00,7.6,10.4,166,91
2024-03-22T01:00,6.8,6.0,163,95
2024-03-22T02:00,6.9,1.3,236,95
2024-03-22T03:00,5.7,4.8,222,99
2024-03-22T04:00,5.7,6.1,270,100
2024-03-22T05:00,6.6,6.7,164,97
2024-03-22T06:00,6.4,3.6,186,98
2024-03-22T07:00,7.8,7.4,137,88
2024-03-22T08:00,9.4,5.8,184,83
2024-03-22T09:00,11.1,8.6,123,78
2024-03-22T10:00,11.3,17.6,116,73
2024-03-22T11:00,10.9,14.8,124,74
2024-03-22T12:00,12.6,15.8,117,71
2024-03-22T13:00,13.4,16.3,98,68
2024-03-22T14:00,10.9,22.5,102,78
2024-03-22T15:00,11.3,23.6,82,68
2024-03-22T16:00,12.2,21.7,85,67
2024-03-22T17:00,11.2,18.2,81,68
2024-03-22T18:00,10.0,10.9,81,75
2024-03-22T19:00,9.4,7.6,82,78
2024-03-22T20:00,9.0,2.2,9,74
2024-03-22T21:00,7.8,5.8,184,85
2024-03-22T22:00,7.1,6.4,232,93
2024-03-22T23:00,5.9,6.4,223,97
2024-03-23T00:00,5.9,3.7,241,96
2024-03-23T01:00,6.1,3.6,233,93
2024-03-23T02:00,6.0,3.3,186,95
2024-03-23T03:00,5.0,3.6,217,99
2024-03-23T04:00,4.1,4.3,275,100
2024-03-23T05:00,3.5,4.8,318,100
2024-03-23T06:00,3.5,6.0,343,99
2024-03-23T07:00,4.5,5.9,346,100
2024-03-23T08:00,7.7,3.6,45,88
2024-03-23T09:00,9.5,3.7,61,77
2024-03-23T10:00,11.1,4.2,110,65
2024-03-23T11:00,11.4,7.9,133,66
2024-03-23T12:00,12.0,8.9,104,65
2024-03-23T13:00,13.7,11.8,113,56
2024-03-23T14:00,14.2,15.5,126,54
2024-03-23T15:00,14.5,17.7,129,46
2024-03-23T16:00,14.1,18.2,120,39
2024-03-23T17:00,13.3,13.9,100,47
2024-03-23T18:00,10.3,8.2,61,70
2024-03-23T19:00,9.0,6.2,10,77
2024-03-23T20:00,8.4,9.7,309,75
2024-03-23T21:00,7.1,8.2,285,83
2024-03-23T22:00,7.4,3.7,259,75
2024-03-23T23:00,7.7,1.6,297,70
2024-03-24T00:00,7.0,1.6,243,73
2024-03-24T01:00,6.2,1.6,243,77
2024-03-24T02:00,5.3,2.3,219,82
2024-03-24T03:00,4.2,5.7,198,90
2024-03-24T04:00,3.9,5.1,219,92
2024-03-24T05:00,3.3,5.0,240,92
2024-03-24T06:00,3.8,4.8,243,90
2024-03-24T07:00,5.5,0.8,297,84
2024-03-24T08:00,9.2,4.2,239,72
2024-03-24T09:00,11.4,5.2,205,68
2024-03-24T10:00,12.6,8.8,145,59
2024-03-24T11:00,14.1,12.5,136,51
2024-03-24T12:00,15.3,18.3,122,44
2024-03-24T13:00,15.5,18.1,113,44
2024-03-24T14:00,15.8,17.5,109,43
2024-03-24T15:00,15.4,19.4,121,44
2024-03-24T16:00,14.9,17.7,110,46
2024-03-24T17:00,13.9,13.7,88,50
2024-03-24T18:00,11.1,11.5,46,67
2024-03-24T19:00,9.6,7.1,60,76
2024-03-24T20:00,9.3,4.3,318,69
2024-03-24T21:00,7.6,5.4,312,78
2024-03-24T22:00,6.9,4.5,241,80
2024-03-24T23:00,5.9,7.0,192,87
2024-03-25T00:00,5.8,10.2,170,94
2024-03-25T01:00,5.7,10.2,203,96
2024-03-25T02:00,5.8,13.5,155,95
2024-03-25T03:00,5.3,10.1,186,96
2024-03-25T04:00,5.1,11.3,171,97
2024-03-25T05:00,4.8,6.2,187,97
2024-03-25T06:00,4.2,6.1,230,99
2024-03-25T07:00,6.1,1.6,243,99
2024-03-25T08:00,8.8,8.6,57,79
2024-03-25T09:00,9.7,8.9,111,75
2024-03-25T10:00,10.2,7.9,106,74
2024-03-25T11:00,12.0,6.4,106,69
2024-03-25T12:00,13.1,9.6,110,66
2024-03-25T13:00,13.9,10.4,104,59
2024-03-25T14:00,14.5,11.0,109,53
2024-03-25T15:00,14.5,10.8,111,52
2024-03-25T16:00,14.1,13.4,114,51
2024-03-25T17:00,13.2,16.3,112,54
2024-03-25T18:00,10.7,12.6,127,70
2024-03-25T19:00,9.8,16.4,109,76
2024-03-25T20:00,8.8,16.2,103,79
2024-03-25T21:00,8.5,15.1,91,81
2024-03-25T22:00,8.0,10.1,73,82
2024-03-25T23:00,6.8,5.5,281,87
2024-03-26T00:00,6.2,12.0,187,95
2024-03-26T01:00,6.0,8.4,223,98
2024-03-26T02:00,5.1,11.0,221,98
2024-03-26T03:00,5.5,12.3,185,95
2024-03-26T04:00,5.4,9.7,207,94
2024-03-26T05:00,4.6,7.7,217,97
2024-03-26T06:00,3.8,6.5,251,100
2024-03-26T07:00,5.5,4.8,283,100
2024-03-26T08:00,9.0,6.9,186,82
2024-03-26T09:00,10.6,12.0,139,76
2024-03-26T10:00,11.7,9.7,121,71
2024-03-26T11:00,12.8,8.4,110,66
2024-03-26T12:00,13.3,11.0,128,66
2024-03-26T13:00,14.1,10.6,162,61
2024-03-26T14:00,14.2,13.8,160,59
2024-03-26T15:00,14.3,12.7,137,55
2024-03-26T16:00,12.4,15.6,142,58
2024-03-26T17:00,10.3,22.3,166,74
2024-03-26T18:00,7.6,13.8,189,87
2024-03-26T19:00,8.5,11.9,267,86
2024-03-26T20:00,7.7,8.3,270,89
2024-03-26T21:00,8.2,8.7,287,87
2024-03-26T22:00,8.1,4.4,305,89
2024-03-26T23:00,7.9,1.9,248,89
2024-03-27T00:00,6.5,5.0,60,94
2024-03-27T01:00,5.9,5.6,15,96
2024-03-27T02:00,4.9,5.6,297,100
2024-03-27T03:00,4.9,2.8,40,100
2024-03-27T04:00,4.7,2.5,90,100
2024-03-27T05:00,3.9,3.7,79,99
2024-03-27T06:00,3.2,7.1,240,100
2024-03-27T07:00,4.4,6.4,223,97
2024-03-27T08:00,6.4,8.7,253,88
2024-03-27T09:00,9.0,5.3,242,78
2024-03-27T10:00,11.2,4.5,151,67
2024-03-27T11:00,12.1,10.1,125,64
2024-03-27T12:00,13.4,10.0,116,63
2024-03-27T13:00,14.5,11.8,113,62
2024-03-27T14:00,14.6,14.3,115,59
2024-03-27T15:00,14.3,15.0,111,52
2024-03-27T16:00,13.6,19.7,121,51
2024-03-27T17:00,12.5,14.8,103,55
2024-03-27T18:00,8.3,18.0,196,84
2024-03-27T19:00,6.5,17.4,204,87
2024-03-27T20:00,7.6,9.2,211,87
2024-03-27T21:00,7.8,8.4,230,87
2024-03-27T22:00,7.3,7.5,163,86
2024-03-27T23:00,6.4,11.8,207,91
2024-03-28T00:00,6.6,4.7,270,89
2024-03-28T01:00,6.2,5.1,321,92
2024-03-28T02:00,5.3,4.2,340,95
2024-03-28T03:00,5.0,5.2,335,96
2024-03-28T04:00,4.8,6.9,309,96
2024-03-28T05:00,4.7,5.6,320,96
2024-03-28T06:00,5.4,6.6,319,95
2024-03-28T07:00,7.1,3.1,339,88
2024-03-28T08:00,9.0,13.3,327,55
2024-03-28T09:00,10.6,13.7,337,48
2024-03-28T10:00,10.7,12.3,339,46
2024-03-28T11:00,11.5,11.0,319,45
2024-03-28T12:00,12.5,6.9,317,45
2024-03-28T13:00,13.1,3.8,287,45
2024-03-28T14:00,14.2,5.4,323,43
2024-03-28T15:00,14.5,4.5,331,39
2024-03-28T16:00,14.7,4.3,48,37
2024-03-28T17:00,13.7,10.9,81,44
2024-03-28T18:00,10.3,13.8,99,67
2024-03-28T19:00,9.4,15.1,118,71
2024-03-28T20:00,8.2,11.7,124,74
2024-03-28T21:00,7.8,11.3,112,80
2024-03-28T22:00,8.5,2.9,83,74
2024-03-28T23:00,6.9,4.3,275,83
2024-03-29T00:00,6.8,9.5,233,86
2024-03-29T01:00,5.1,13.2,244,92
2024-03-29T02:00,5.6,9.9,237,88
2024-03-29T03:00,6.2,6.6,315,87
2024-03-29T04:00,6.3,11.2,315,89
2024-03-29T05:00,4.9,11.2,327,90
2024-03-29T06:00,4.8,8.7,355,90
2024-03-29T07:00,6.9,6.2,350,83
2024-03-29T08:00,8.8,2.8,320,76
2024-03-29T09:00,10.6,4.8,42,64
2024-03-29T10:00,11.8,10.2,51,56
2024-03-29T11:00,12.7,11.1,61,54
2024-03-29T12:00,13.3,11.0,71,49
2024-03-29T13:00,14.1,10.8,90,46
2024-03-29T14:00,14.6,10.7,102,45
2024-03-29T15:00,14.3,12.9,108,46
2024-03-29T16:00,13.9,16.9,110,49
2024-03-29T17:00,12.1,17.4,124,54
2024-03-29T18:00,10.3,11.2,174,67
2024-03-29T19:00,8.0,20.7,215,82
2024-03-29T20:00,6.7,18.3,212,90
2024-03-29T21:00,6.9,5.8,210,89
2024-03-29T22:00,7.3,0.8,333,89
2024-03-29T23:00,7.3,5.7,125,91
2024-03-30T00:00,6.2,3.4,212,97
2024-03-30T01:00,6.3,1.1,342,96
2024-03-30T02:00,4.9,4.9,36,99
2024-03-30T03:00,4.8,4.4,81,99
2024-03-30T04:00,5.0,2.5,262,99
2024-03-30T05:00,4.5,4.3,222,100
2024-03-30T06:00,4.4,6.3,211,100
2024-03-30T07:00,4.7,6.9,208,99
2024-03-30T08:00,7.0,6.1,225,90
2024-03-30T09:00,9.6,5.2,196,73
2024-03-30T10:00,11.1,6.3,149,66
2024-03-30T11:00,12.3,7.0,159,68
2024-03-30T12:00,13.4,7.2,174,65
2024-03-30T13:00,14.3,9.2,169,62
2024-03-30T14:00,14.9,10.5,142,58
2024-03-30T15:00,14.1,16.6,139,61
2024-03-30T16:00,13.5,11.9,119,57
2024-03-30T17:00,12.8,13.8,118,58
2024-03-30T18:00,10.0,12.4,197,79
2024-03-30T19:00,8.2,13.8,229,88
2024-03-30T20:00,7.4,10.6,215,89
2024-03-30T21:00,7.0,12.2,208,91
2024-03-30T22:00,7.0,9.1,198,90
2024-03-30T23:00,6.6,11.4,198,91
2024-03-31T00:00,6.0,10.2,203,94
2024-03-31T01:00,5.5,8.0,207,95
2024-03-31T02:00,5.2,9.3,216,95
2024-03-31T03:00,4.7,7.1,221,95
2024-03-31T04:00,4.3,3.4,212,96
2024-03-31T05:00,3.2,2.8,310,99
2024-03-31T06:00,2.6,4.4,325,99
2024-03-31T07:00,4.8,6.4,317,99
2024-03-31T08:00,7.3,1.3,304,85
2024-03-31T09:00,9.4,4.0,63,76
2024-03-31T10:00,10.9,6.9,84,71
2024-03-31T11:00,12.2,9.3,77,68
2024-03-31T12:00,13.0,9.5,65,64
2024-03-31T13:00,14.1,6.0,107,59
2024-03-31T14:00,14.0,7.7,139,59
2024-03-31T15:00,14.1,10.4,134,58
2024-03-31T16:00,12.6,13.6,112,59
2024-03-31T17:00,12.2,2.0,45,58
2024-03-31T18:00,10.0,5.8,248,75
2024-03-31T19:00,9.0,9.6,200,84
2024-03-31T20:00,8.3,7.1,225,86
2024-03-31T21:00,8.3,2.9,353,84
2024-03-31T22:00,8.0,1.5,346,87
2024-03-31T23:00,7.8,4.1,345,84
2024-04-01T00:00,7.3,7.2,342,88
2024-04-01T01:00,7.2,9.0,307,91
2024-04-01T02:00,6.6,3.4,288,92
2024-04-01T03:00,6.6,4.2,211,90
2024-04-01T04:00,6.6,4.4,215,91
2024-04-01T05:00,6.0,3.9,236,94
2024-04-01T06:00,5.7,3.3,229,96
2024-04-01T07:00,6.8,0.7,360,93
2024-04-01T08:00,8.7,7.9,317,77
2024-04-01T09:00,10.7,11.7,317,71
2024-04-01T10:00,12.1,13.8,317,63
2024-04-01T11:00,13.6,13.6,323,60
2024-04-01T12:00,15.0,12.5,327,57
2024-04-01T13:00,16.0,11.2,327,53
2024-04-01T14:00,16.1,7.9,321,52
2024-04-01T15:00,16.5,5.8,330,48
2024-04-01T16:00,16.2,9.2,21,45
2024-04-01T17:00,13.4,5.4,352,58
2024-04-01T18:00,8.8,29.6,214,85
2024-04-01T19:00,9.0,7.6,205,87
2024-04-01T20:00,8.3,4.3,175,87
2024-04-01T21:00,8.2,8.4,277,89
2024-04-01T22:00,7.6,7.0,305,94
2024-04-01T23:00,7.7,4.9,324,90
2024-04-02T00:00,7.6,5.1,309,89
2024-04-02T01:00,7.6,1.5,45,88
2024-04-02T02:00,7.5,7.4,76,88
2024-04-02T03:00,6.9,12.9,72,89
2024-04-02T04:00,6.3,15.4,74,89
2024-04-02T05:00,5.9,13.7,87,89
2024-04-02T06:00,5.3,13.4,110,90
2024-04-02T07:00,5.2,8.5,118,91
2024-04-02T08:00,4.1,12.0,319,89
2024-04-02T09:00,5.4,11.4,332,86
2024-04-02T10:00,7.0,11.8,340,78
2024-04-02T11:00,8.7,10.7,340,72
2024-04-02T12:00,10.6,12.6,355,69
2024-04-02T13:00,11.9,14.0,360,64
2024-04-02T14:00,13.0,9.4,356,64
2024-04-02T15:00,13.4,5.1,352,64
2024-04-02T16:00,13.3,1.8,323,62
2024-04-02T17:00,9.8,18.4,296,81
2024-04-02T18:00,8.6,4.1,165,86
2024-04-02T19:00,8.3,7.6,251,88
2024-04-02T20:00,7.5,8.1,193,91
2024-04-02T21:00,6.4,6.4,227,95
2024-04-02T22:00,4.6,8.5,234,97
2024-04-02T23:00,5.8,4.5,256,93
2024-04-03T00:00,4.8,4.4,325,97
2024-04-03T01:00,3.3,5.8,338,100
2024-04-03T02:00,2.9,6.2,339,100
2024-04-03T03:00,2.9,3.8,319,100
2024-04-03T04:00,2.8,5.5,281,100
2024-04-03T05:00,3.3,1.1,342,100
2024-04-03T06:00,3.6,4.2,20,99
2024-04-03T07:00,4.5,5.1,356,98
2024-04-03T08:00,5.9,5.9,346,96
2024-04-03T09:00,8.1,6.6,331,87
2024-04-03T10:00,10.2,5.7,325,80
2024-04-03T11:00,12.2,4.1,345,69
2024-04-03T12:00,13.2,4.9,343,62
2024-04-03T13:00,14.3,4.6,342,57
2024-04-03T14:00,15.2,6.3,31,53
2024-04-03T15:00,14.3,9.4,18,58
2024-04-03T16:00,13.2,18.4,118,64
2024-04-03T17:00,10.5,10.4,178,76
2024-04-03T18:00,9.0,20.2,199,85
2024-04-03T19:00,8.8,12.8,238,86
2024-04-03T20:00,8.0,12.0,219,88
2024-04-03T21:00,8.0,11.0,232,87
2024-04-03T22:00,7.3,13.9,245,86
2024-04-03T23:00,6.6,9.4,238,86
2024-04-04T00:00,6.0,8.0,333,91
2024-04-04T01:00,5.9,5.4,318,96
2024-04-04T02:00,5.3,11.2,268,94
2024-04-04T03:00,4.1,3.3,229,98
2024-04-04T04:00,4.1,3.9,248,98
2024-04-04T05:00,4.9,2.9,263,96
2024-04-04T06:00,3.4,6.7,234,97
2024-04-04T07:00,6.2,2.3,252,89
2024-04-04T08:00,7.9,4.0,350,85
2024-04-04T09:00,10.0,7.1,336,74
2024-04-04T10:00,11.4,6.9,317,68
2024-04-04T11:00,12.3,5.5,302,65
2024-04-04T12:00,13.6,3.9,326,61
2024-04-04T13:00,14.8,2.5,8,55
2024-04-04T14:00,15.3,4.7,32,51
2024-04-04T15:00,14.3,16.1,61,56
2024-04-04T16:00,13.8,12.4,60,59
2024-04-04T17:00,11.4,12.4,10,73
2024-04-04T18:00,10.9,5.8,300,77
2024-04-04T19:00,8.9,11.6,292,86
2024-04-04T20:00,8.9,12.2,227,88
2024-04-04T21:00,7.9,9.0,196,92
2024-04-04T22:00,6.9,8.1,193,95
2024-04-04T23:00,6.9,9.5,191,91
2024-04-05T00:00,6.7,10.0,206,90
2024-04-05T01:00,5.6,7.4,219,93
2024-04-05T02:00,5.2,5.9,284,94
2024-04-05T03:00,4.9,3.9,292,98
2024-04-05T04:00,4.9,4.9,216,97
2024-04-05T05:00,4.6,7.9,267,100
2024-04-05T06:00,4.5,5.3,208,100
2024-04-05T07:00,5.8,8.3,236,95
2024-04-05T08:00,7.8,4.0,243,91
2024-04-05T09:00,10.3,2.5,180,74
2024-04-05T10:00,12.0,4.4,125,65
2024-04-05T11:00,13.3,2.9,97,59
2024-04-05T12:00,14.3,4.0,90,55
2024-04-05T13:00,15.0,7.6,93,54
2024-04-05T14:00,15.5,12.2,92,53
2024-04-05T15:00,15.2,13.8,75,51
2024-04-05T16:00,14.6,15.7,81,50
2024-04-05T17:00,13.2,12.7,98,59
2024-04-05T18:00,11.1,11.7,124,74
2024-04-05T19:00,10.3,12.0,139,79
2024-04-05T20:00,9.0,9.2,149,83
2024-04-05T21:00,8.8,10.3,126,85
2024-04-05T22:00,8.2,8.4,133,87
2024-04-05T23:00,7.2,6.1,130,91
2024-04-06T00:00,7.4,10.0,120,89
2024-04-06T01:00,7.0,6.1,177,92
2024-04-06T02:00,6.2,7.2,117,95
2024-04-06T03:00,5.6,8.3,178,96
2024-04-06T04:00,5.1,6.3,239,99
2024-04-06T05:00,4.8,7.4,231,100
2024-04-06T06:00,4.3,5.0,249,100
2024-04-06T07:00,5.7,3.8,311,99
2024-04-06T08:00,9.4,8.4,245,80
2024-04-06T09:00,10.8,6.5,161,73
2024-04-06T10:00,12.4,5.0,90,63
2024-04-06T11:00,13.8,5.1,39,55
2024-04-06T12:00,14.6,5.2,74,51
2024-04-06T13:00,14.9,6.5,109,50
2024-04-06T14:00,15.5,7.4,113,48
2024-04-06T15:00,15.7,10.9,99,48
2024-04-06T16:00,14.7,13.6,101,52
2024-04-06T17:00,13.5,13.7,117,57
2024-04-06T18:00,10.6,12.4,116,71
2024-04-06T19:00,9.4,9.1,146,77
2024-04-06T20:00,8.6,9.8,174,80
2024-04-06T21:00,8.5,9.9,190,83
2024-04-06T22:00,7.2,7.3,189,90
2024-04-06T23:00,6.4,9.6,214,93
2024-04-07T00:00,5.6,7.0,235,94
2024-04-07T01:00,5.2,5.8,263,95
2024-04-07T02:00,4.8,4.5,256,97
2024-04-07T03:00,4.8,3.1,225,98
2024-04-07T04:00,4.7,4.6,315,99
2024-04-07T05:00,4.4,3.9,292,100
2024-04-07T06:00,4.6,5.7,305,100
2024-04-07T07:00,5.8,5.9,313,99
2024-04-07T08:00,8.4,4.5,299,91
2024-04-07T09:00,10.7,3.5,336,75
2024-04-07T10:00,12.2,5.5,11,66
2024-04-07T11:00,13.4,4.8,13,59
2024-04-07T12:00,14.1,1.6,27,54
2024-04-07T13:00,15.0,2.6,74,52
2024-04-07T14:00,15.0,3.6,90,51
2024-04-07T15:00,15.6,6.6,103,49
2024-04-07T16:00,15.0,8.2,113,50
2024-04-07T17:00,14.1,11.1,119,53
2024-04-07T18:00,11.4,11.2,111,69
2024-04-07T19:00,10.3,11.9,119,75
2024-04-07T20:00,9.2,11.4,114,76
2024-04-07T21:00,9.0,10.6,114,80
2024-04-07T22:00,8.7,9.2,159,86
2024-04-07T23:00,7.5,9.8,204,87
2024-04-08T00:00,6.6,11.0,238,90
2024-04-08T01:00,6.2,9.6,250,92
2024-04-08T02:00,5.5,8.4,263,95
2024-04-08T03:00,4.8,6.4,232,97
2024-04-08T04:00,3.8,7.9,267,100
2024-04-08T05:00,3.3,5.5,259,100
2024-04-08T06:00,3.1,2.9,300,99
2024-04-08T07:00,3.9,4.3,294,100
2024-04-08T08:00,6.4,4.3,270,91
2024-04-08T09:00,9.7,1.9,292,83
2024-04-08T10:00,11.9,3.3,77,69
2024-04-08T11:00,13.3,4.8,77,61
2024-04-08T12:00,14.3,4.0,85,56
2024-04-08T13:00,15.3,4.0,95,50
2024-04-08T14:00,15.7,5.3,118,48
2024-04-08T15:00,15.9,8.4,100,47
2024-04-08T16:00,15.3,13.0,114,48
2024-04-08T17:00,13.9,16.1,106,53
2024-04-08T18:00,10.6,15.5,216,77
2024-04-08T19:00,8.0,21.5,220,87
2024-04-08T20:00,7.7,13.9,233,88
2024-04-08T21:00,7.9,8.0,190,87
2024-04-08T22:00,7.6,5.9,259,91
2024-04-08T23:00,7.5,4.0,333,91
2024-04-09T00:00,7.0,5.9,349,94
2024-04-09T01:00,6.8,6.8,328,94
2024-04-09T02:00,6.5,5.5,349,95
2024-04-09T03:00,6.4,5.4,352,96
2024-04-09T04:00,5.8,6.3,336,98
2024-04-09T05:00,5.6,6.8,335,97
2024-04-09T06:00,5.2,5.6,333,97
2024-04-09T07:00,7.2,2.1,301,92
2024-04-09T08:00,7.5,5.6,333,90
2024-04-09T09:00,9.8,7.5,343,80
2024-04-09T10:00,11.8,5.9,346,69
2024-04-09T11:00,13.5,4.3,24,60
2024-04-09T12:00,14.4,4.1,45,57
2024-04-09T13:00,15.7,4.7,113,53
2024-04-09T14:00,15.5,14.2,97,57
2024-04-09T15:00,14.8,13.8,97,55
2024-04-09T16:00,13.4,14.9,70,62
2024-04-09T17:00,12.7,7.4,51,67
2024-04-09T18:00,11.5,3.3,229,80
2024-04-09T19:00,10.3,5.1,262,85
2024-04-09T20:00,9.4,7.6,295,83
2024-04-09T21:00,8.3,4.7,302,86
2024-04-09T22:00,7.5,6.1,332,89
2024-04-09T23:00,6.7,5.1,4,92
2024-04-10T00:00,5.9,7.3,110,97
2024-04-10T01:00,6.1,4.1,285,97
2024-04-10T02:00,6.4,2.5,262,96
2024-04-10T03:00,6.3,0.4,360,97
2024-04-10T04:00,4.4,5.4,356,100
2024-04-10T05:00,4.2,4.7,360,100
2024-04-10T06:00,3.8,4.5,331,99
2024-04-10T07:00,5.8,6.6,319,95
2024-04-10T08:00,6.4,7.2,323,99
2024-04-10T09:00,9.4,7.2,333,83
2024-04-10T10:00,11.7,7.9,336,71
2024-04-10T11:00,13.4,6.4,317,62
2024-04-10T12:00,14.6,6.0,335,56
2024-04-10T13:00,15.2,2.9,330,51
2024-04-10T14:00,15.4,0.4,90,48
2024-04-10T15:00,15.3,11.5,90,49
2024-04-10T16:00,11.9,6.6,41,72
2024-04-10T17:00,11.5,15.0,210,68
2024-04-10T18:00,9.2,10.7,213,81
2024-04-10T19:00,9.1,13.4,194,83
2024-04-10T20:00,9.1,7.7,259,78
2024-04-10T21:00,9.0,7.6,251,84
2024-04-10T22:00,8.6,10.6,294,83
2024-04-10T23:00,8.0,8.9,317,88
2024-04-11T00:00,7.5,14.5,314,85
2024-04-11T01:00,5.2,22.0,322,92
2024-04-11T02:00,5.2,17.3,315,92
2024-04-11T03:00,4.8,15.9,321,93
2024-04-11T04:00,4.3,13.0,332,96
2024-04-11T05:00,4.5,11.0,349,94
2024-04-11T06:00,4.5,9.4,353,92
2024-04-11T07:00,5.4,10.7,340,90
2024-04-11T08:00,5.7,14.2,351,86
2024-04-11T09:00,6.9,7.1,345,81
2024-04-11T10:00,8.5,2.1,239,75
2024-04-11T11:00,10.1,2.5,270,72
2024-04-11T12:00,11.4,6.6,292,66
2024-04-11T13:00,12.4,8.3,272,61
2024-04-11T14:00,13.1,7.6,265,59
2024-04-11T15:00,14.4,4.7,261,52
2024-04-11T16:00,14.4,6.2,263,52
2024-04-11T17:00,11.2,19.8,270,72
2024-04-11T18:00,8.6,19.5,272,85
2024-04-11T19:00,8.6,0.5,135,87
2024-04-11T20:00,9.1,7.9,254,84
2024-04-11T21:00,7.8,7.1,311,88
2024-04-11T22:00,7.9,4.4,351,87
2024-04-11T23:00,7.0,6.0,25,93
2024-04-12T00:00,6.4,6.9,9,97
2024-04-12T01:00,5.0,8.2,345,98
2024-04-12T02:00,4.8,8.1,339,95
2024-04-12T03:00,4.7,7.7,332,94
2024-04-12T04:00,4.1,8.5,332,96
2024-04-12T05:00,3.6,8.0,352,96
2024-04-12T06:00,4.1,6.9,354,96
2024-04-12T07:00,6.8,7.2,333,91
2024-04-12T08:00,6.8,6.6,311,94
2024-04-12T09:00,9.9,6.4,308,84
2024-04-12T10:00,12.7,7.6,315,64
2024-04-12T11:00,14.1,8.0,306,55
2024-04-12T12:00,15.3,9.4,293,54
2024-04-12T13:00,15.5,5.9,281,58
2024-04-12T14:00,15.7,5.0,249,56
2024-04-12T15:00,12.2,9.9,280,69
2024-04-12T16:00,10.6,16.8,208,74
2024-04-12T17:00,9.8,13.0,39,80
2024-04-12T18:00,9.9,10.9,6,81
2024-04-12T19:00,8.8,7.9,90,89
2024-04-12T20:00,8.5,9.5,349,90
2024-04-12T21:00,8.4,10.1,6,89
2024-04-12T22:00,8.1,9.2,349,88
2024-04-12T23:00,6.8,9.4,313,93
2024-04-13T00:00,6.1,9.4,317,96
2024-04-13T01:00,5.4,7.3,303,97
2024-04-13T02:00,4.9,7.8,304,97
2024-04-13T03:00,4.7,8.8,305,97
2024-04-13T04:00,4.0,8.4,313,99
2024-04-13T05:00,3.5,7.1,315,100
2024-04-13T06:00,3.2,7.6,335,98
2024-04-13T07:00,4.1,7.9,330,97
2024-04-13T08:00,6.2,6.4,322,94
2024-04-13T09:00,8.6,5.0,339,89
2024-04-13T10:00,11.6,5.7,342,71
2024-04-13T11:00,14.0,8.2,331,54
2024-04-13T12:00,15.5,9.2,315,44
2024-04-13T13:00,16.7,8.2,293,39
2024-04-13T14:00,16.6,11.9,275,38
2024-04-13T15:00,15.9,3.7,299,39
2024-04-13T16:00,16.1,5.0,330,37
2024-04-13T17:00,10.7,18.8,4,69
2024-04-13T18:00,9.6,8.3,355,74
2024-04-13T19:00,9.6,10.8,272,83
2024-04-13T20:00,9.3,9.4,302,81
2024-04-13T21:00,9.8,15.2,248,75
2024-04-13T22:00,9.2,14.8,227,71
2024-04-13T23:00,8.6,12.5,213,74
2024-04-14T00:00,7.2,12.7,205,78
2024-04-14T01:00,6.0,11.1,209,79
2024-04-14T02:00,5.1,6.2,234,84
2024-04-14T03:00,4.7,4.5,256,84
2024-04-14T04:00,3.4,4.1,285,92
2024-04-14T05:00,2.8,4.6,309,98
2024-04-14T06:00,2.7,5.8,300,100
2024-04-14T07:00,3.9,5.2,282,96
2024-04-14T08:00,6.1,4.8,283,88
2024-04-14T09:00,8.8,5.4,318,82
2024-04-14T10:00,11.3,7.3,327,72
2024-04-14T11:00,13.4,12.4,306,57
2024-04-14T12:00,14.6,11.3,279,51
2024-04-14T13:00,16.4,9.5,281,39
2024-04-14T14:00,17.5,12.8,280,29
2024-04-14T15:00,16.7,18.1,239,33
2024-04-14T16:00,16.1,12.2,223,39
2024-04-14T17:00,14.6,14.2,234,45
2024-04-14T18:00,11.7,17.9,232,53
2024-04-14T19:00,10.0,22.5,221,54
2024-04-14T20:00,9.2,20.9,228,53
2024-04-14T21:00,7.9,17.8,223,55
2024-04-14T22:00,7.2,17.1,228,56
2024-04-14T23:00,6.2,13.6,230,62
2024-04-15T00:00,4.9,9.4,230,72
2024-04-15T01:00,3.8,5.5,247,80
2024-04-15T02:00,3.3,5.6,255,82
2024-04-15T03:00,2.9,5.4,262,83
2024-04-15T04:00,2.4,6.2,280,85
2024-04-15T05:00,1.9,7.0,282,89
2024-04-15T06:00,0.9,5.6,285,98
2024-04-15T07:00,2.4,3.7,299,99
2024-04-15T08:00,4.0,6.4,313,96
2024-04-15T09:00,8.5,5.1,309,73
2024-04-15T10:00,11.2,5.5,328,53
2024-04-15T11:00,12.9,5.2,326,43
2024-04-15T12:00,13.9,7.1,336,45
2024-04-15T13:00,15.1,5.2,335,40
2024-04-15T14:00,16.4,5.8,270,29
2024-04-15T15:00,16.9,18.7,242,26
2024-04-15T16:00,16.1,24.3,235,27
2024-04-15T17:00,13.9,20.4,225,34
2024-04-15T18:00,10.3,19.7,220,43
2024-04-15T19:00,8.4,17.8,223,46
2024-04-15T20:00,7.3,16.5,224,48
2024-04-15T21:00,6.1,15.3,214,50
2024-04-15T22:00,4.7,15.3,204,51
2024-04-15T23:00,3.5,15.2,202,52
2024-04-16T00:00,2.4,13.2,209,56
2024-04-16T01:00,0.8,9.2,225,64
2024-04-16T02:00,-0.4,7.9,270,68
2024-04-16T03:00,-1.1,7.6,278,73
2024-04-16T04:00,-1.2,8.7,277,72
2024-04-16T05:00,-1.8,8.1,291,75
2024-04-16T06:00,-1.6,5.8,292,75
2024-04-16T07:00,1.6,4.0,280,73
2024-04-16T08:00,5.8,3.2,270,52
2024-04-16T09:00,8.6,3.4,288,44
2024-04-16T10:00,10.6,2.6,344,39
2024-04-16T11:00,12.1,1.5,346,36
2024-04-16T12:00,13.3,2.5,315,35
2024-04-16T13:00,14.2,2.6,304,31
2024-04-16T14:00,14.8,2.3,288,27
2024-04-16T15:00,15.1,3.0,256,25
2024-04-16T16:00,14.8,5.1,225,25
2024-04-16T17:00,14.2,0.5,45,25
2024-04-16T18:00,10.1,12.0,51,51
2024-04-16T19:00,8.3,14.6,52,60
2024-04-16T20:00,6.3,10.2,51,61
2024-04-16T21:00,5.1,8.9,21,66
2024-04-16T22:00,4.0,7.8,338,70
2024-04-16T23:00,2.8,7.2,267,76
2024-04-17T00:00,4.1,4.3,265,62
2024-04-17T01:00,3.5,5.8,270,64
2024-04-17T02:00,2.3,7.1,255,70
2024-04-17T03:00,3.8,3.9,326,52
2024-04-17T04:00,0.5,5.9,349,81
2024-04-17T05:00,-0.5,5.4,8,86
2024-04-17T06:00,-0.5,6.2,21,84
2024-04-17T07:00,3.3,6.1,357,73
2024-04-17T08:00,8.5,4.2,329,53
2024-04-17T09:00,10.8,4.7,328,44
2024-04-17T10:00,12.1,4.7,351,45
2024-04-17T11:00,13.4,4.0,355,43
2024-04-17T12:00,14.2,2.7,337,40
2024-04-17T13:00,15.1,1.1,162,35
2024-04-17T14:00,15.6,4.8,167,33
2024-04-17T15:00,15.8,6.8,148,32
2024-04-17T16:00,15.0,14.2,106,39
2024-04-17T17:00,12.5,18.0,78,49
2024-04-17T18:00,9.8,15.3,66,57
2024-04-17T19:00,8.9,13.4,59,63
2024-04-17T20:00,7.5,8.7,24,71
2024-04-17T21:00,7.6,10.0,296,72
2024-04-17T22:00,6.4,7.9,246,80
2024-04-17T23:00,5.7,5.9,259,81
2024-04-18T00:00,4.9,8.4,277,81
2024-04-18T01:00,4.0,6.6,261,84
2024-04-18T02:00,3.6,4.7,261,85
2024-04-18T03:00,4.9,2.2,360,72
2024-04-18T04:00,2.7,7.3,33,90
2024-04-18T05:00,2.2,6.6,29,92
2024-04-18T06:00,1.6,5.3,28,93
2024-04-18T07:00,4.1,4.0,10,82
2024-04-18T08:00,7.1,3.7,259,70
2024-04-18T09:00,10.1,3.1,234,51
2024-04-18T10:00,11.6,1.6,153,52
2024-04-18T11:00,13.0,3.6,90,50
2024-04-18T12:00,14.0,6.9,81,46
2024-04-18T13:00,14.8,10.9,81,40
2024-04-18T14:00,15.3,13.8,97,34
2024-04-18T15:00,15.2,16.3,118,36
2024-04-18T16:00,14.2,16.3,118,39
2024-04-18T17:00,12.4,12.9,113,52
2024-04-18T18:00,9.7,10.5,121,66
2024-04-18T19:00,8.9,11.2,111,70
2024-04-18T20:00,7.9,10.0,105,77
2024-04-18T21:00,6.6,7.0,69,83
2024-04-18T22:00,7.9,3.5,336,71
2024-04-18T23:00,5.1,9.6,236,85
2024-04-19T00:00,4.0,7.7,208,91
2024-04-19T01:00,3.6,5.7,252,90
2024-04-19T02:00,3.3,7.4,299,87
2024-04-19T03:00,3.1,7.7,323,89
2024-04-19T04:00,4.1,4.1,322,88
2024-04-19T05:00,3.7,3.6,323,91
2024-04-19T06:00,2.9,3.9,22,94
2024-04-19T07:00,4.3,3.6,45,93
2024-04-19T08:00,6.9,4.1,75,90
2024-04-19T09:00,9.8,1.6,63,73
2024-04-19T10:00,11.6,2.1,329,63
2024-04-19T11:00,12.8,3.8,17,55
2024-04-19T12:00,13.7,4.7,32,50
2024-04-19T13:00,14.4,7.1,49,47
2024-04-19T14:00,14.7,7.5,73,45
2024-04-19T15:00,15.1,10.0,77,41
2024-04-19T16:00,14.4,14.9,75,41
2024-04-19T17:00,12.5,14.8,72,57
2024-04-19T18:00,10.5,10.1,88,72
2024-04-19T19:00,9.3,9.4,122,78
2024-04-19T20:00,9.0,5.1,129,75
2024-04-19T21:00,9.3,3.9,124,71
2024-04-19T22:00,7.7,5.0,201,80
2024-04-19T23:00,6.1,8.5,234,86
2024-04-20T00:00,5.0,7.6,245,89
2024-04-20T01:00,4.6,7.2,270,88
2024-04-20T02:00,4.3,7.3,303,89
2024-04-20T03:00,3.8,6.4,333,93
2024-04-20T04:00,3.6,7.4,346,94
2024-04-20T05:00,3.6,7.6,355,93
2024-04-20T06:00,3.3,6.8,357,93
2024-04-20T07:00,5.8,5.1,356,87
2024-04-20T08:00,8.6,4.6,342,75
2024-04-20T09:00,10.9,6.5,326,66
2024-04-20T10:00,12.9,10.9,326,56
2024-04-20T11:00,14.3,11.8,340,48
2024-04-20T12:00,15.2,11.0,349,44
2024-04-20T13:00,15.5,12.3,5,43
2024-04-20T14:00,15.7,8.6,358,45
2024-04-20T15:00,15.9,6.2,36,44
2024-04-20T16:00,14.7,11.0,52,48
2024-04-20T17:00,13.6,9.4,97,55
2024-04-20T18:00,11.3,7.9,106,70
2024-04-20T19:00,10.2,10.4,88,72
2024-04-20T20:00,8.8,8.7,97,79
2024-04-20T21:00,9.8,2.1,149,72
2024-04-20T22:00,7.3,8.4,250,85
2024-04-20T23:00,6.8,9.7,202,86
2024-04-21T00:00,6.1,8.9,153,92
2024-04-21T01:00,5.3,6.1,230,96
2024-04-21T02:00,4.7,4.2,200,97
2024-04-21T03:00,5.3,2.8,230,96
2024-04-21T04:00,4.2,4.0,280,99
2024-04-21T05:00,3.5,5.9,308,100
2024-04-21T06:00,3.2,4.6,309,100
2024-04-21T07:00,4.6,3.6,323,99
2024-04-21T08:00,9.0,3.5,246,88
2024-04-21T09:00,11.3,4.2,239,70
2024-04-21T10:00,12.6,1.5,256,63
2024-04-21T11:00,13.6,1.9,22,56
2024-04-21T12:00,14.2,1.5,14,52
2024-04-21T13:00,15.0,1.9,202,48
2024-04-21T14:00,15.5,2.1,121,46
2024-04-21T15:00,15.5,3.7,101,44
2024-04-21T16:00,15.6,4.0,85,41
2024-04-21T17:00,14.5,6.6,112,48
2024-04-21T18:00,11.6,12.0,81,65
2024-04-21T19:00,10.3,12.3,85,68
2024-04-21T20:00,9.3,9.6,70,72
2024-04-21T21:00,10.2,3.1,159,65
2024-04-21T22:00,7.8,10.3,216,79
2024-04-21T23:00,6.7,9.8,216,83
2024-04-22T00:00,5.8,8.7,222,83
2024-04-22T01:00,5.1,7.9,223,85
2024-04-22T02:00,4.3,5.4,233,88
2024-04-22T03:00,3.9,6.0,237,90
2024-04-22T04:00,4.2,3.1,234,87
2024-04-22T05:00,2.9,2.2,279,95
2024-04-22T06:00,2.2,3.2,297,99
2024-04-22T07:00,3.7,6.6,311,97
2024-04-22T08:00,6.4,6.2,339,92
2024-04-22T09:00,10.1,5.4,323,74
2024-04-22T10:00,12.8,3.6,307,59
2024-04-22T11:00,14.0,1.9,68,52
2024-04-22T12:00,14.8,3.6,90,48
2024-04-22T13:00,15.7,5.1,86,44
2024-04-22T14:00,16.3,8.0,98,41
2024-04-22T15:00,16.4,10.8,94,38
2024-04-22T16:00,15.7,13.3,92,37
2024-04-22T17:00,14.0,12.6,88,49
2024-04-22T18:00,11.3,12.6,103,63
2024-04-22T19:00,10.1,11.0,109,69
2024-04-22T20:00,9.4,10.2,100,73
2024-04-22T21:00,8.7,6.3,66,75
2024-04-22T22:00,8.4,5.5,259,75
2024-04-22T23:00,6.6,10.7,250,80
2024-04-23T00:00,6.3,4.7,261,77
2024-04-23T01:00,5.6,8.0,275,80
2024-04-23T02:00,4.7,6.5,273,84
2024-04-23T03:00,4.1,6.6,257,85
2024-04-23T04:00,3.9,5.2,258,84
2024-04-23T05:00,4.7,2.2,279,76
2024-04-23T06:00,3.7,2.6,34,84
2024-04-23T07:00,4.6,2.6,34,86
2024-04-23T08:00,7.5,3.3,354,79
2024-04-23T09:00,10.7,3.4,302,68
2024-04-23T10:00,12.9,0.8,243,59
2024-04-23T11:00,14.3,9.2,116,54
2024-04-23T12:00,15.2,12.1,102,49
2024-04-23T13:00,15.8,12.9,108,48
2024-04-23T14:00,16.2,15.4,106,49
2024-04-23T15:00,15.8,16.3,104,44
2024-04-23T16:00,14.8,19.3,104,47
2024-04-23T17:00,13.4,14.8,116,55
2024-04-23T18:00,11.2,10.9,146,68
2024-04-23T19:00,9.9,8.9,130,75
2024-04-23T20:00,8.7,7.3,123,78
2024-04-23T21:00,10.4,3.3,96,64
2024-04-23T22:00,7.4,6.5,326,80
2024-04-23T23:00,6.2,6.6,292,86
2024-04-24T00:00,5.9,5.7,235,86
2024-04-24T01:00,6.1,4.3,228,83
2024-04-24T02:00,6.1,2.4,333,82
2024-04-24T03:00,5.2,2.9,353,88
2024-04-24T04:00,3.8,4.7,337,94
2024-04-24T05:00,2.7,5.8,360,98
2024-04-24T06:00,1.9,5.9,14,99
2024-04-24T07:00,4.9,5.4,20,91
2024-04-24T08:00,8.7,3.6,360,77
2024-04-24T09:00,11.2,3.3,13,64
2024-04-24T10:00,13.0,2.8,50,55
2024-04-24T11:00,14.4,5.4,82,46
2024-04-24T12:00,15.3,7.7,79,42
2024-04-24T13:00,16.0,7.4,104,38
2024-04-24T14:00,16.5,7.6,135,35
2024-04-24T15:00,16.9,10.4,110,32
2024-04-24T16:00,16.1,17.1,112,35
2024-04-24T17:00,13.7,16.8,105,44
2024-04-24T18:00,11.2,13.6,102,57
2024-04-24T19:00,10.0,12.4,112,65
2024-04-24T20:00,8.7,10.2,108,69
2024-04-24T21:00,8.3,5.6,130,70
2024-04-24T22:00,8.9,4.4,235,63
2024-04-24T23:00,5.8,9.0,272,76
2024-04-25T00:00,5.0,5.1,274,76
2024-04-25T01:00,6.5,2.5,315,63
2024-04-25T02:00,5.3,5.6,297,73
2024-04-25T03:00,3.7,7.2,267,83
2024-04-25T04:00,3.3,5.4,266,81
2024-04-25T05:00,4.3,1.1,342,70
2024-04-25T06:00,2.2,6.6,29,88
2024-04-25T07:00,4.9,6.9,28,79
2024-04-25T08:00,8.6,4.1,15,66
2024-04-25T09:00,11.3,3.3,347,58
2024-04-25T10:00,13.0,1.3,34,50
2024-04-25T11:00,14.7,6.5,71,43
2024-04-25T12:00,16.0,11.5,76,36
2024-04-25T13:00,16.6,14.8,87,33
2024-04-25T14:00,16.6,17.3,90,34
2024-04-25T15:00,16.4,15.2,86,34
2024-04-25T16:00,15.9,14.8,96,36
2024-04-25T17:00,14.0,14.3,100,46
2024-04-25T18:00,11.5,11.2,111,60
2024-04-25T19:00,10.3,11.3,117,68
2024-04-25T20:00,9.0,9.8,126,74
2024-04-25T21:00,7.8,7.9,133,81
2024-04-25T22:00,9.3,1.3,146,74
2024-04-25T23:00,6.8,5.4,262,84
2024-04-26T00:00,5.1,7.9,246,86
2024-04-26T01:00,4.1,5.9,227,87
2024-04-26T02:00,3.9,6.1,242,84
2024-04-26T03:00,4.6,4.7,266,77
2024-04-26T04:00,4.5,4.1,315,78
2024-04-26T05:00,3.0,5.2,348,90
2024-04-26T06:00,2.4,4.8,13,95
2024-04-26T07:00,4.9,3.9,22,90
2024-04-26T08:00,8.7,3.7,11,73
2024-04-26T09:00,11.4,3.3,6,60
2024-04-26T10:00,13.3,1.1,18,50
2024-04-26T11:00,14.6,1.1,72,42
2024-04-26T12:00,15.7,2.5,98,38
2024-04-26T13:00,16.7,6.5,90,32
2024-04-26T14:00,17.3,11.3,83,26
2024-04-26T15:00,17.2,15.5,78,26
2024-04-26T16:00,16.1,17.9,80,31
2024-04-26T17:00,14.2,13.7,93,41
2024-04-26T18:00,11.8,12.0,111,54
2024-04-26T19:00,10.5,11.0,113,63
2024-04-26T20:00,9.6,11.6,112,66
2024-04-26T21:00,8.1,8.5,102,76
2024-04-26T22:00,9.2,4.2,239,69
2024-04-26T23:00,5.6,8.6,255,81
2024-04-27T00:00,5.3,6.1,273,78
2024-04-27T01:00,4.3,7.3,261,81
2024-04-27T02:00,4.0,4.7,261,79
2024-04-27T03:00,2.7,5.1,315,87
2024-04-27T04:00,2.4,5.8,356,92
2024-04-27T05:00,3.6,3.3,13,87
2024-04-27T06:00,1.8,6.3,13,93
2024-04-27T07:00,4.9,5.2,12,82
2024-04-27T08:00,8.0,3.3,354,70
2024-04-27T09:00,11.1,4.5,331,57
2024-04-27T10:00,13.3,5.4,323,45
2024-04-27T11:00,14.9,4.5,331,36
2024-04-27T12:00,15.8,3.1,339,33
2024-04-27T13:00,16.3,1.9,22,31
2024-04-27T14:00,16.8,4.3,90,28
2024-04-27T15:00,17.3,9.3,103,22
2024-04-27T16:00,16.8,12.3,95,21
2024-04-27T17:00,14.8,14.0,91,32
2024-04-27T18:00,12.2,15.0,101,46
2024-04-27T19:00,10.9,13.0,104,54
2024-04-27T20:00,10.1,13.1,99,53
2024-04-27T21:00,9.1,11.8,78,65
2024-04-27T22:00,7.5,6.3,24,75
2024-04-27T23:00,6.2,8.8,305,79
2024-04-28T00:00,4.8,7.6,275,82
2024-04-28T01:00,4.4,7.1,255,77
2024-04-28T02:00,3.9,7.2,264,74
2024-04-28T03:00,3.9,5.9,313,72
2024-04-28T04:00,4.0,4.4,9,73
2024-04-28T05:00,2.4,5.2,348,82
2024-04-28T06:00,1.4,5.8,330,88
2024-04-28T07:00,4.5,3.9,338,81
2024-04-28T08:00,8.4,1.5,315,66
2024-04-28T09:00,11.3,2.9,353,54
2024-04-28T10:00,13.4,3.3,6,46
2024-04-28T11:00,14.8,2.2,9,37
2024-04-28T12:00,15.8,4.2,31,32
2024-04-28T13:00,16.7,4.9,17,28
2024-04-28T14:00,17.0,2.9,360,27
2024-04-28T15:00,17.0,2.9,263,26
2024-04-28T16:00,17.2,6.6,261,23
2024-04-28T17:00,16.3,4.7,180,26
2024-04-28T18:00,12.9,17.4,108,38
2024-04-28T19:00,12.0,14.2,83,41
2024-04-28T20:00,10.3,10.6,114,75
2024-04-28T21:00,8.7,6.4,218,85
2024-04-28T22:00,8.5,4.0,243,80
2024-04-28T23:00,7.5,14.0,206,80
2024-04-29T00:00,7.2,11.7,214,78
2024-04-29T01:00,6.0,8.2,232,71
2024-04-29T02:00,6.8,0.7,180,60
2024-04-29T03:00,6.8,1.8,270,60
2024-04-29T04:00,5.1,4.7,270,72
2024-04-29T05:00,3.9,4.8,312,83
2024-04-29T06:00,2.7,4.9,343,95
2024-04-29T07:00,5.3,1.8,360,90
2024-04-29T08:00,8.5,1.3,326,70
2024-04-29T09:00,11.2,5.1,4,58
2024-04-29T10:00,13.3,5.8,356,48
2024-04-29T11:00,14.6,5.1,352,42
2024-04-29T12:00,15.6,3.2,333,39
2024-04-29T13:00,16.6,3.1,324,38
2024-04-29T14:00,17.2,2.9,263,36
2024-04-29T15:00,16.7,6.5,56,37
2024-04-29T16:00,15.9,14.5,76,38
2024-04-29T17:00,13.7,6.2,126,43
2024-04-29T18:00,8.4,11.9,267,79
2024-04-29T19:00,9.2,9.0,293,77
2024-04-29T20:00,8.3,15.4,349,79
2024-04-29T21:00,8.1,7.0,258,82
2024-04-29T22:00,7.2,6.6,229,90
2024-04-29T23:00,6.9,2.2,261,94
2024-04-30T00:00,6.4,7.3,11,94
2024-04-30T01:00,5.5,7.8,13,97
2024-04-30T02:00,6.0,4.2,31,95
2024-04-30T03:00,5.2,9.1,7,96
2024-04-30T04:00,4.4,8.1,339,96
2024-04-30T05:00,3.9,8.0,333,96
2024-04-30T06:00,3.4,7.3,340,97
2024-04-30T07:00,5.5,3.5,336,92
2024-04-30T08:00,8.4,5.7,305,79
2024-04-30T09:00,10.7,5.6,320,69
2024-04-30T10:00,12.5,4.8,333,59
2024-04-30T11:00,13.8,2.9,7,52
2024-04-30T12:00,14.8,2.9,7,48
2024-04-30T13:00,15.5,4.4,351,44
2024-04-30T14:00,16.6,4.9,324,39
2024-04-30T15:00,16.5,7.7,323,39
2024-04-30T16:00,16.0,9.5,37,38
2024-04-30T17:00,13.0,19.5,87,60
2024-04-30T18:00,11.4,8.0,126,75
2024-04-30T19:00,7.7,23.8,215,75
2024-04-30T20:00,7.7,12.7,223,79
2024-04-30T21:00,7.7,9.9,237,82
2024-04-30T22:00,6.8,18.8,94,90
2024-04-30T23:00,6.5,8.2,119,93
2024-05-01T00:00,5.6,5.4,184,95
2024-05-01T01:00,5.0,4.7,274,97
2024-05-01T02:00,4.6,5.1,315,99
2024-05-01T03:00,4.3,3.9,338,100
2024-05-01T04:00,4.6,3.7,331,98
2024-05-01T05:00,4.4,3.4,288,100
2024-05-01T06:00,3.6,3.4,302,100
2024-05-01T07:00,5.4,4.2,301,99
2024-05-01T08:00,8.3,0.7,270,91
2024-05-01T09:00,11.1,4.2,340,71
2024-05-01T10:00,12.8,4.7,328,64
2024-05-01T11:00,13.7,4.3,312,59
2024-05-01T12:00,14.5,6.3,294,55
2024-05-01T13:00,15.5,8.0,297,49
2024-05-01T14:00,15.8,6.5,289,42
2024-05-01T15:00,16.0,5.9,281,38
2024-05-01T16:00,16.1,9.0,355,36
2024-05-01T17:00,14.3,6.5,19,43
2024-05-01T18:00,8.7,23.7,197,79
2024-05-01T19:00,8.0,10.1,186,82
2024-05-01T20:00,7.1,7.2,217,89
2024-05-01T21:00,6.1,5.9,191,93
2024-05-01T22:00,6.0,3.1,111,92
2024-05-01T23:00,4.8,6.4,63,97
2024-05-02T00:00,4.1,6.0,343,100
2024-05-02T01:00,3.5,3.3,319,100
2024-05-02T02:00,2.2,1.8,349,99
2024-05-02T03:00,2.0,3.5,336,98
2024-05-02T04:00,2.7,5.4,323,100
2024-05-02T05:00,2.9,6.1,320,99
2024-05-02T06:00,3.3,6.4,317,98
2024-05-02T07:00,3.7,6.4,322,98
2024-05-02T08:00,5.1,4.9,306,94
2024-05-02T09:00,8.0,4.0,280,85
2024-05-02T10:00,10.2,2.9,277,74
2024-05-02T11:00,12.3,4.1,285,62
2024-05-02T12:00,13.5,4.0,270,56
2024-05-02T13:00,14.6,5.6,243,54
2024-05-02T14:00,12.5,12.4,248,63
2024-05-02T15:00,13.6,3.8,73,57
2024-05-02T16:00,12.6,8.4,280,62
2024-05-02T17:00,12.3,6.7,196,63
2024-05-02T18:00,6.9,18.2,205,89
2024-05-02T19:00,7.4,11.4,215,88
2024-05-02T20:00,5.7,1.5,135,95
2024-05-02T21:00,6.1,2.1,59,96
2024-05-02T22:00,5.9,5.5,79,97
2024-05-02T23:00,6.2,8.7,315,97
2024-05-03T00:00,5.8,9.1,342,97
2024-05-03T01:00,4.8,11.8,333,96
2024-05-03T02:00,4.4,11.2,312,95
2024-05-03T03:00,3.7,5.6,333,99
2024-05-03T04:00,2.9,4.8,318,100
2024-05-03T05:00,2.6,4.1,315,100
2024-05-03T06:00,3.0,2.8,320,100
2024-05-03T07:00,4.2,4.9,306,98
2024-05-03T08:00,7.3,6.3,257,82
2024-05-03T09:00,9.3,5.0,249,75
2024-05-03T10:00,10.6,5.8,266,71
2024-05-03T11:00,11.6,6.5,264,63
2024-05-03T12:00,12.3,3.9,248,61
2024-05-03T13:00,12.6,3.1,315,59
2024-05-03T14:00,14.4,5.5,337,51
2024-05-03T15:00,9.0,18.8,355,79
2024-05-03T16:00,10.3,10.0,69,74
2024-05-03T17:00,9.2,17.7,20,78
2024-05-03T18:00,8.2,9.7,356,86
2024-05-03T19:00,8.2,10.0,330,86
2024-05-03T20:00,6.4,6.6,283,88
2024-05-03T21:00,5.7,7.9,313,89
2024-05-03T22:00,4.9,7.7,319,91
2024-05-03T23:00,3.9,6.6,315,94
2024-05-04T00:00,3.3,5.4,318,94
2024-05-04T01:00,2.4,6.4,313,95
2024-05-04T02:00,1.7,5.8,330,97
2024-05-04T03:00,2.1,4.0,5,100
2024-05-04T04:00,1.2,5.8,7,100
2024-05-04T05:00,1.6,9.0,360,100
2024-05-04T06:00,1.7,9.5,335,97
2024-05-04T07:00,1.9,9.0,323,96
2024-05-04T08:00,2.9,8.4,310,95
2024-05-04T09:00,5.9,6.0,303,86
2024-05-04T10:00,9.4,5.2,295,70
2024-05-04T11:00,11.8,5.7,305,55
2024-05-04T12:00,13.4,4.6,315,49
2024-05-04T13:00,14.5,3.7,331,46
2024-05-04T14:00,15.2,2.2,360,41
2024-05-04T15:00,15.5,2.9,60,38
2024-05-04T16:00,14.7,4.7,86,40
2024-05-04T17:00,11.4,3.5,66,58
2024-05-04T18:00,9.6,4.7,266,77
2024-05-04T19:00,8.6,6.0,343,81
2024-05-04T20:00,8.3,12.2,289,84
2024-05-04T21:00,6.7,10.5,286,85
2024-05-04T22:00,6.3,8.9,339,86
2024-05-04T23:00,6.0,6.8,302,89
2024-05-05T00:00,5.9,7.2,307,89
2024-05-05T01:00,4.9,6.3,301,90
2024-05-05T02:00,4.4,5.5,259,89
2024-05-05T03:00,5.4,3.6,264,81
2024-05-05T04:00,4.0,4.4,305,86
2024-05-05T05:00,2.6,6.6,331,94
2024-05-05T06:00,2.0,6.6,331,99
2024-05-05T07:00,4.8,4.2,329,96
2024-05-05T08:00,7.9,3.1,339,82
2024-05-05T09:00,10.5,3.8,343,69
2024-05-05T10:00,12.5,4.6,342,62
2024-05-05T11:00,14.1,6.1,315,56
2024-05-05T12:00,15.2,7.4,309,50
2024-05-05T13:00,16.6,7.7,298,42
2024-05-05T14:00,16.9,9.4,263,38
2024-05-05T15:00,16.7,9.8,234,37
2024-05-05T16:00,15.2,13.0,219,45
2024-05-05T17:00,13.8,8.7,66,55
2024-05-05T18:00,11.1,18.0,53,73
2024-05-05T19:00,10.2,11.2,15,79
2024-05-05T20:00,7.8,7.1,294,83
2024-05-05T21:00,7.3,9.4,230,87
2024-05-05T22:00,6.3,5.5,238,88
2024-05-05T23:00,6.2,9.3,208,87
2024-05-06T00:00,5.6,10.0,195,84
2024-05-06T01:00,4.8,9.5,217,77
2024-05-06T02:00,4.1,7.3,250,78
2024-05-06T03:00,3.2,7.2,288,87
2024-05-06T04:00,1.7,5.6,285,99
2024-05-06T05:00,0.8,3.3,311,99
2024-05-06T06:00,0.2,2.7,337,100
2024-05-06T07:00,1.2,3.8,343,98
2024-05-06T08:00,6.8,2.3,342,84
2024-05-06T09:00,10.0,2.8,320,69
2024-05-06T10:00,12.3,3.7,331,54
2024-05-06T11:00,13.7,2.4,333,47
2024-05-06T12:00,14.9,1.6,297,43
2024-05-06T13:00,15.7,2.5,278,41
2024-05-06T14:00,16.1,2.6,326,40
2024-05-06T15:00,16.5,2.0,315,39
2024-05-06T16:00,16.6,4.9,73,39
2024-05-06T17:00,11.8,12.6,243,66
2024-05-06T18:00,10.5,7.4,346,75
2024-05-06T19:00,9.5,11.0,212,80
2024-05-06T20:00,9.3,5.2,236,80
2024-05-06T21:00,7.8,6.4,254,85
2024-05-06T22:00,7.0,5.2,236,86
2024-05-06T23:00,6.9,11.3,211,80
2024-05-07T00:00,5.9,9.2,225,73
2024-05-07T01:00,5.2,9.2,225,74
2024-05-07T02:00,4.6,10.5,221,78
2024-05-07T03:00,4.0,10.9,214,80
2024-05-07T04:00,3.4,9.7,222,82
2024-05-07T05:00,2.7,5.4,228,87
2024-05-07T06:00,2.2,3.0,256,91
2024-05-07T07:00,3.2,3.2,297,88
2024-05-07T08:00,6.6,6.6,279,76
2024-05-07T09:00,9.8,4.7,293,65
2024-05-07T10:00,12.0,2.4,297,51
2024-05-07T11:00,13.5,2.3,252,44
2024-05-07T12:00,14.5,2.3,252,43
2024-05-07T13:00,15.4,3.8,253,42
2024-05-07T14:00,15.9,7.0,258,41
2024-05-07T15:00,16.1,8.4,260,41
2024-05-07T16:00,16.1,3.2,180,39
2024-05-07T17:00,14.0,7.3,101,58
2024-05-07T18:00,11.7,6.8,148,72
2024-05-07T19:00,9.8,5.9,313,81
2024-05-07T20:00,10.5,12.0,224,75
2024-05-07T21:00,8.2,21.8,231,52
2024-05-07T22:00,7.5,22.9,226,53
2024-05-07T23:00,7.0,18.8,227,57
2024-05-08T00:00,6.3,16.8,225,61
2024-05-08T01:00,5.3,13.0,219,65
2024-05-08T02:00,4.6,12.5,231,67
2024-05-08T03:00,3.6,9.5,241,71
2024-05-08T04:00,3.0,7.4,247,76
2024-05-08T05:00,2.7,5.4,250,81
2024-05-08T06:00,2.3,4.0,243,79
2024-05-08T07:00,4.0,3.2,243,74
2024-05-08T08:00,7.8,5.1,231,55
2024-05-08T09:00,10.0,3.3,257,44
2024-05-08T10:00,11.6,2.3,219,42
2024-05-08T11:00,13.0,6.1,135,44
2024-05-08T12:00,14.6,8.3,146,42
2024-05-08T13:00,15.9,10.5,142,39
2024-05-08T14:00,15.5,15.3,120,40
2024-05-08T15:00,14.9,17.7,107,35
2024-05-08T16:00,14.2,16.5,100,33
2024-05-08T17:00,13.0,12.6,77,42
2024-05-08T18:00,11.5,10.3,65,54
2024-05-08T19:00,9.7,6.8,25,69
2024-05-08T20:00,8.9,9.7,292,62
2024-05-08T21:00,8.5,8.7,275,63
2024-05-08T22:00,8.1,5.4,262,69
2024-05-08T23:00,8.2,3.4,252,55
2024-05-09T00:00,7.4,2.4,207,57
2024-05-09T01:00,6.7,2.5,270,60
2024-05-09T02:00,4.7,5.8,274,74
2024-05-09T03:00,4.1,6.3,301,77
2024-05-09T04:00,3.8,6.1,310,78
2024-05-09T05:00,4.2,4.7,328,75
2024-05-09T06:00,2.9,5.7,342,83
2024-05-09T07:00,5.1,3.3,347,79
2024-05-09T08:00,8.0,0.8,117,65
2024-05-09T09:00,10.8,1.5,14,48
2024-05-09T10:00,12.5,3.3,347,46
2024-05-09T11:00,13.8,2.9,360,43
2024-05-09T12:00,14.6,2.2,99,41
2024-05-09T13:00,15.4,4.8,103,37
2024-05-09T14:00,15.8,6.8,115,33
2024-05-09T15:00,15.8,5.9,133,30
2024-05-09T16:00,15.6,6.2,170,28
2024-05-09T17:00,14.1,6.6,112,42
2024-05-09T18:00,11.2,14.9,97,56
2024-05-09T19:00,10.1,14.4,90,65
2024-05-09T20:00,9.0,10.0,116,74
2024-05-09T21:00,7.9,9.1,214,79
2024-05-09T22:00,6.7,10.1,243,78
2024-05-09T23:00,5.9,6.1,225,81
2024-05-10T00:00,5.3,7.1,246,82
2024-05-10T01:00,4.3,7.1,240,85
2024-05-10T02:00,3.6,7.4,223,84
2024-05-10T03:00,2.9,6.5,236,85
2024-05-10T04:00,2.3,5.8,263,86
2024-05-10T05:00,1.9,5.2,295,88
2024-05-10T06:00,0.9,5.8,353,99
2024-05-10T07:00,2.0,5.1,8,98
2024-05-10T08:00,7.1,3.1,306,83
2024-05-10T09:00,10.3,4.6,309,68
2024-05-10T10:00,12.8,5.6,310,56
2024-05-10T11:00,14.2,3.6,307,50
2024-05-10T12:00,15.2,1.8,169,46
2024-05-10T13:00,16.1,6.5,124,41
2024-05-10T14:00,16.7,8.7,120,36
2024-05-10T15:00,17.1,7.3,123,33
2024-05-10T16:00,16.5,6.3,103,34
2024-05-10T17:00,14.9,10.0,77,43
2024-05-10T18:00,12.3,12.8,79,60
2024-05-10T19:00,11.0,11.2,86,67
2024-05-10T20:00,9.4,9.1,99,75
2024-05-10T21:00,10.1,2.2,99,71
2024-05-10T22:00,7.2,8.9,249,84
2024-05-10T23:00,6.0,9.4,238,83
2024-05-11T00:00,5.6,5.3,242,82
2024-05-11T01:00,5.0,8.8,282,82
2024-05-11T02:00,4.4,8.0,260,84
2024-05-11T03:00,3.8,8.9,238,81
2024-05-11T04:00,2.9,8.7,232,83
2024-05-11T05:00,1.8,6.2,249,87
2024-05-11T06:00,1.4,4.4,305,89
2024-05-11T07:00,3.3,2.9,330,89
2024-05-11T08:00,6.8,3.8,319,78
2024-05-11T09:00,10.5,4.7,293,58
2024-05-11T10:00,13.2,5.5,281,47
2024-05-11T11:00,14.7,4.7,261,40
2024-05-11T12:00,15.6,3.6,264,36
2024-05-11T13:00,16.5,4.2,301,33
2024-05-11T14:00,17.3,5.8,292,29
2024-05-11T15:00,17.8,6.9,276,26
2024-05-11T16:00,17.7,3.9,292,25
2024-05-11T17:00,15.8,6.3,59,41
2024-05-11T18:00,12.2,13.6,78,59
2024-05-11T19:00,10.5,12.5,51,65
2024-05-11T20:00,9.5,8.3,5,71
2024-05-11T21:00,8.4,8.5,234,77
2024-05-11T22:00,7.3,9.4,203,81
2024-05-11T23:00,6.6,8.8,235,83
2024-05-12T00:00,5.9,9.9,224,76
2024-05-12T01:00,5.1,10.7,213,71
2024-05-12T02:00,4.2,10.2,219,72
2024-05-12T03:00,3.2,7.8,257,78
2024-05-12T04:00,2.3,7.2,288,85
2024-05-12T05:00,2.3,5.4,278,86
2024-05-12T06:00,2.4,5.4,274,82
2024-05-12T07:00,4.6,4.0,297,77
2024-05-12T08:00,7.5,3.4,328,73
2024-05-12T09:00,11.0,3.7,299,52
2024-05-12T10:00,13.3,5.8,266,40
2024-05-12T11:00,15.0,5.8,263,35
2024-05-12T12:00,16.0,3.1,291,34
2024-05-12T13:00,16.9,3.7,281,30
2024-05-12T14:00,17.7,3.4,302,27
2024-05-12T15:00,18.1,2.9,60,23
2024-05-12T16:00,17.8,6.7,54,24
2024-05-12T17:00,15.6,14.6,70,38
2024-05-12T18:00,12.9,6.1,28,56
2024-05-12T19:00,12.8,2.5,82,49
2024-05-12T20:00,10.7,4.9,126,64
2024-05-12T21:00,9.4,8.6,272,65
2024-05-12T22:00,8.5,11.9,215,69
2024-05-12T23:00,7.6,10.3,216,66
2024-05-13T00:00,6.0,6.2,234,70
2024-05-13T01:00,6.4,4.2,239,62
2024-05-13T02:00,4.3,5.4,250,77
2024-05-13T03:00,3.1,6.3,246,83
2024-05-13T04:00,2.8,5.1,231,82
2024-05-13T05:00,3.5,4.4,279,75
2024-05-13T06:00,1.9,7.1,315,88
2024-05-13T07:00,4.9,5.6,320,85
2024-05-13T08:00,8.0,3.1,306,72
2024-05-13T09:00,11.6,4.8,297,54
2024-05-13T10:00,14.1,6.1,298,45
2024-05-13T11:00,15.3,4.3,275,43
2024-05-13T12:00,16.4,3.6,270,37
2024-05-13T13:00,17.4,2.1,301,33
2024-05-13T14:00,18.3,3.4,18,32
2024-05-13T15:00,18.0,11.9,55,31
2024-05-13T16:00,15.3,22.8,59,42
2024-05-13T17:00,14.2,10.4,56,46
2024-05-13T18:00,13.1,1.9,158,60
2024-05-13T19:00,11.7,3.1,159,71
2024-05-13T20:00,10.0,11.8,203,65
2024-05-13T21:00,8.8,8.1,225,70
2024-05-13T22:00,9.1,2.1,301,68
2024-05-13T23:00,8.4,1.1,198,73
2024-05-14T00:00,7.5,2.2,99,77
2024-05-14T01:00,5.5,5.6,15,91
2024-05-14T02:00,4.9,5.5,349,92
2024-05-14T03:00,4.4,5.4,340,94
2024-05-14T04:00,3.7,6.6,331,97
2024-05-14T05:00,3.9,8.1,291,98
2024-05-14T06:00,3.1,6.4,297,99
2024-05-14T07:00,5.5,3.4,328,93
2024-05-14T08:00,8.3,4.9,343,76
2024-05-14T09:00,11.0,7.6,352,60
2024-05-14T10:00,13.1,6.2,339,47
2024-05-14T11:00,14.4,4.5,299,40
2024-05-14T12:00,15.4,4.1,285,36
2024-05-14T13:00,16.7,8.1,257,32
2024-05-14T14:00,17.1,4.6,288,30
2024-05-14T15:00,17.5,3.4,18,29
2024-05-14T16:00,9.7,25.6,28,71
2024-05-14T17:00,9.2,14.8,273,72
2024-05-14T18:00,9.2,16.6,252,71
2024-05-14T19:00,9.3,18.1,249,67
2024-05-14T20:00,8.0,8.2,247,76
2024-05-14T21:00,8.2,4.4,325,76
2024-05-14T22:00,8.3,7.2,27,77
2024-05-14T23:00,8.2,9.8,36,79
2024-05-15T00:00,6.7,14.5,19,85
2024-05-15T01:00,6.3,7.0,21,87
2024-05-15T02:00,6.2,5.2,12,89
2024-05-15T03:00,5.9,3.6,6,94
2024-05-15T04:00,5.0,4.6,342,97
2024-05-15T05:00,4.9,2.9,360,97
2024-05-15T06:00,4.0,4.5,346,99
2024-05-15T07:00,6.2,6.0,343,90
2024-05-15T08:00,8.2,4.6,309,80
2024-05-15T09:00,9.0,5.9,308,70
2024-05-15T10:00,9.9,6.9,298,63
2024-05-15T11:00,11.6,8.4,295,55
2024-05-15T12:00,12.8,6.5,276,50
2024-05-15T13:00,14.0,3.5,246,44
2024-05-15T14:00,14.8,4.5,209,42
2024-05-15T15:00,14.8,5.6,220,40
2024-05-15T16:00,14.6,2.3,219,40
2024-05-15T17:00,12.6,8.7,52,51
2024-05-15T18:00,10.6,11.5,134,68
2024-05-15T19:00,9.2,9.0,90,79
2024-05-15T20:00,8.6,5.1,39,81
2024-05-15T21:00,7.7,1.9,22,91
2024-05-15T22:00,6.8,6.1,177,92
2024-05-15T23:00,6.0,10.1,184,96
2024-05-16T00:00,5.2,7.9,196,97
2024-05-16T01:00,5.0,8.9,212,86
2024-05-16T02:00,4.8,8.7,228,79
2024-05-16T03:00,3.5,7.4,219,86
2024-05-16T04:00,3.2,3.8,253,86
2024-05-16T05:00,2.9,4.2,290,88
2024-05-16T06:00,2.5,4.7,270,90
2024-05-16T07:00,4.2,4.4,279,86
2024-05-16T08:00,5.2,4.2,301,91
2024-05-16T09:00,8.1,5.2,326,77
2024-05-16T10:00,10.5,8.0,333,66
2024-05-16T11:00,12.1,7.4,317,59
2024-05-16T12:00,13.9,8.7,300,51
2024-05-16T13:00,14.1,10.5,297,48
2024-05-16T14:00,14.7,15.7,254,47
2024-05-16T15:00,12.5,13.3,251,54
2024-05-16T16:00,12.0,6.9,219,56
2024-05-16T17:00,8.4,4.6,129,75
2024-05-16T18:00,8.4,14.9,20,81
2024-05-16T19:00,7.9,17.3,4,83
2024-05-16T20:00,8.6,9.7,345,76
2024-05-16T21:00,7.5,10.0,334,83
2024-05-16T22:00,7.5,8.7,308,83
2024-05-16T23:00,6.7,10.5,274,86
2024-05-17T00:00,7.5,14.7,253,67
2024-05-17T01:00,7.5,13.4,243,60
2024-05-17T02:00,6.5,9.7,255,67
2024-05-17T03:00,5.5,6.7,286,78
2024-05-17T04:00,4.2,4.4,305,83
2024-05-17T05:00,3.8,4.5,299,86
2024-05-17T06:00,3.6,4.0,297,89
2024-05-17T07:00,5.2,2.0,315,86
2024-05-17T08:00,5.7,5.7,342,93
2024-05-17T09:00,8.4,8.0,342,78
2024-05-17T10:00,10.6,10.5,329,65
2024-05-17T11:00,12.4,10.4,314,56
2024-05-17T12:00,13.6,9.2,301,54
2024-05-17T13:00,14.5,9.9,280,52
2024-05-17T14:00,16.1,11.7,288,43
2024-05-17T15:00,13.1,14.2,336,51
2024-05-17T16:00,12.5,16.0,346,60
2024-05-17T17:00,8.2,19.5,205,87
2024-05-17T18:00,7.1,1.8,127,95
2024-05-17T19:00,6.8,7.9,177,97
2024-05-17T20:00,7.2,0.4,180,89
2024-05-17T21:00,6.7,2.5,278,91
2024-05-17T22:00,6.1,5.4,307,94
2024-05-17T23:00,5.8,3.8,287,96
2024-05-18T00:00,5.6,2.7,247,95
2024-05-18T01:00,5.4,0.5,45,96
2024-05-18T02:00,4.2,2.3,39,100
2024-05-18T03:00,3.3,4.0,360,100
2024-05-18T04:00,3.0,4.1,322,100
2024-05-18T05:00,2.8,4.3,270,100
2024-05-18T06:00,2.7,6.1,242,100
2024-05-18T07:00,2.7,7.6,245,99
2024-05-18T08:00,3.9,6.5,267,94
2024-05-18T09:00,6.5,4.7,293,89
2024-05-18T10:00,9.5,6.5,289,71
2024-05-18T11:00,11.5,7.9,267,58
2024-05-18T12:00,12.5,8.4,260,52
2024-05-18T13:00,13.2,7.0,258,46
2024-05-18T14:00,13.6,3.3,229,43
2024-05-18T15:00,14.8,2.5,315,37
2024-05-18T16:00,15.7,2.7,247,29
2024-05-18T17:00,13.3,8.2,209,50
2024-05-18T18:00,10.9,12.5,229,50
2024-05-18T19:00,9.4,20.1,223,39
2024-05-18T20:00,7.5,17.3,227,40
2024-05-18T21:00,6.2,14.8,214,46
2024-05-18T22:00,4.9,12.7,209,54
2024-05-18T23:00,3.6,11.0,221,60
2024-05-19T00:00,1.9,6.6,221,72
2024-05-19T01:00,3.0,0.7,90,57
2024-05-19T02:00,2.6,0.4,270,59
2024-05-19T03:00,1.8,4.0,270,66
2024-05-19T04:00,0.9,4.7,274,75
2024-05-19T05:00,0.5,4.3,275,77
2024-05-19T06:00,-0.8,5.2,258,81
2024-05-19T07:00,0.9,2.3,252,76
2024-05-19T08:00,5.4,1.3,326,64
2024-05-19T09:00,8.6,4.9,343,55
2024-05-19T10:00,10.9,7.8,347,50
2024-05-19T11:00,12.4,7.5,343,46
2024-05-19T12:00,13.5,5.8,330,43
2024-05-19T13:00,14.3,4.2,301,38
2024-05-19T14:00,14.8,5.2,258,36
2024-05-19T15:00,15.1,7.0,258,34
2024-05-19T16:00,15.0,3.7,281,33
2024-05-19T17:00,12.8,7.6,19,53
2024-05-19T18:00,9.9,12.8,32,65
2024-05-19T19:00,7.9,5.1,45,78
2024-05-19T20:00,7.9,4.1,232,68
2024-05-19T21:00,5.6,8.9,201,82
2024-05-19T22:00,4.3,6.9,231,87
2024-05-19T23:00,3.2,6.6,261,85
2024-05-20T00:00,2.6,7.9,240,76
2024-05-20T01:00,1.6,7.4,241,73
2024-05-20T02:00,0.4,5.5,247,76
2024-05-20T03:00,1.3,2.4,297,62
2024-05-20T04:00,0.7,3.3,347,74
2024-05-20T05:00,-0.8,5.0,330,89
2024-05-20T06:00,-2.1,5.2,335,99
2024-05-20T07:00,-0.9,2.9,360,99
2024-05-20T08:00,4.5,2.5,352,81
2024-05-20T09:00,8.1,3.7,299,64
2024-05-20T10:00,10.5,3.6,307,53
2024-05-20T11:00,12.2,4.1,322,47
2024-05-20T12:00,13.6,4.7,293,42
2024-05-20T13:00,14.5,6.1,267,37
2024-05-20T14:00,14.9,7.2,252,35
2024-05-20T15:00,15.1,4.2,239,32
2024-05-20T16:00,15.0,6.2,111,31
2024-05-20T17:00,12.7,11.3,63,48
2024-05-20T18:00,10.1,14.8,47,64
2024-05-20T19:00,8.0,6.8,58,77
2024-05-20T20:00,7.8,12.1,247,70
2024-05-20T21:00,6.3,10.4,226,77
2024-05-20T22:00,5.4,11.2,237,67
2024-05-20T23:00,4.6,11.8,220,55
2024-05-21T00:00,3.8,12.5,224,57
2024-05-21T01:00,2.6,10.8,249,63
2024-05-21T02:00,1.4,8.9,256,69
2024-05-21T03:00,0.6,7.9,267,71
2024-05-21T04:00,-0.2,6.5,289,75
2024-05-21T05:00,0.3,5.4,318,76
2024-05-21T06:00,-0.6,5.6,333,84
2024-05-21T07:00,1.2,3.6,307,83
2024-05-21T08:00,5.0,2.5,315,70
2024-05-21T09:00,8.3,3.1,339,57
2024-05-21T10:00,11.1,5.9,346,53
2024-05-21T11:00,13.3,8.1,347,43
2024-05-21T12:00,14.6,6.5,326,35
2024-05-21T13:00,15.4,5.4,274,29
2024-05-21T14:00,15.8,8.3,236,27
2024-05-21T15:00,15.5,10.2,222,28
2024-05-21T16:00,15.1,4.6,219,28
2024-05-21T17:00,12.8,5.2,25,51
2024-05-21T18:00,10.5,14.8,39,53
2024-05-21T19:00,9.6,4.5,29,54
2024-05-21T20:00,8.8,3.6,127,57
2024-05-21T21:00,5.7,8.1,193,79
2024-05-21T22:00,5.9,4.5,256,76
2024-05-21T23:00,4.4,9.5,241,80
2024-05-22T00:00,3.0,6.8,238,74
2024-05-22T01:00,2.3,5.8,248,70
2024-05-22T02:00,1.8,5.4,278,68
2024-05-22T03:00,0.8,5.9,308,76
2024-05-22T04:00,-0.1,5.6,310,84
2024-05-22T05:00,-0.3,3.9,304,85
2024-05-22T06:00,-1.2,5.5,328,90
2024-05-22T07:00,2.0,4.0,333,78
2024-05-22T08:00,5.6,2.3,288,67
2024-05-22T09:00,8.9,4.9,324,50
2024-05-22T10:00,11.7,6.9,317,40
2024-05-22T11:00,14.0,8.2,311,34
2024-05-22T12:00,15.8,9.5,295,25
2024-05-22T13:00,16.4,9.1,261,23
2024-05-22T14:00,16.7,5.9,259,23
2024-05-22T15:00,16.9,3.4,212,22
2024-05-22T16:00,16.7,7.6,172,23
2024-05-22T17:00,14.3,11.9,177,36
2024-05-22T18:00,11.4,9.5,209,44
2024-05-22T19:00,11.1,15.0,235,34
2024-05-22T20:00,8.5,17.5,238,29
2024-05-22T21:00,7.1,15.3,243,34
2024-05-22T22:00,6.2,14.6,250,37
2024-05-22T23:00,4.9,13.7,240,43
2024-05-23T00:00,3.6,13.3,232,48
2024-05-23T01:00,2.6,11.8,239,51
2024-05-23T02:00,1.0,7.6,267,64
2024-05-23T03:00,0.9,5.1,278,64
2024-05-23T04:00,1.4,4.0,275,62
2024-05-23T05:00,0.2,4.3,270,69
2024-05-23T06:00,-1.1,5.4,266,75
2024-05-23T07:00,1.2,5.4,270,69
2024-05-23T08:00,4.7,4.3,294,56
2024-05-23T09:00,8.1,3.3,319,41
2024-05-23T10:00,10.5,3.1,339,36
2024-05-23T11:00,12.3,3.6,315,32
2024-05-23T12:00,13.8,5.0,291,24
2024-05-23T13:00,14.6,6.2,306,24
2024-05-23T14:00,15.7,5.6,333,23
2024-05-23T15:00,16.8,8.0,280,18
2024-05-23T16:00,16.6,18.2,243,17
2024-05-23T17:00,14.4,18.4,228,17
2024-05-23T18:00,12.1,20.6,224,18
2024-05-23T19:00,10.3,20.4,224,20
2024-05-23T20:00,8.8,18.8,223,21
2024-05-23T21:00,7.1,16.1,219,25
2024-05-23T22:00,5.7,14.5,224,30
2024-05-23T23:00,4.6,15.1,218,33
2024-05-24T00:00,3.4,13.9,211,37
2024-05-24T01:00,1.9,11.0,212,45
2024-05-24T02:00,0.9,5.7,215,53
2024-05-24T03:00,-0.5,7.3,169,58
2024-05-24T04:00,0.4,4.0,207,45
2024-05-24T05:00,-1.0,5.8,274,59
2024-05-24T06:00,-1.9,6.9,276,70
2024-05-24T07:00,1.5,6.5,270,60
2024-05-24T08:00,4.4,3.6,233,54
2024-05-24T09:00,8.1,3.2,270,38
2024-05-24T10:00,11.1,5.1,352,28
2024-05-24T11:00,13.3,6.8,3,25
2024-05-24T12:00,15.0,7.4,346,23
2024-05-24T13:00,16.4,7.0,325,19
2024-05-24T14:00,17.2,7.4,317,16
2024-05-24T15:00,17.6,5.2,344,15
2024-05-24T16:00,17.6,6.5,93,16
2024-05-24T17:00,14.9,18.8,107,27
2024-05-24T18:00,11.8,14.8,76,39
2024-05-24T19:00,10.0,10.7,48,56
2024-05-24T20:00,10.1,1.6,297,51
2024-05-24T21:00,7.8,11.8,211,45
2024-05-24T22:00,7.2,15.5,216,29
2024-05-24T23:00,5.9,18.0,206,32
2024-05-25T00:00,4.8,16.6,219,34
2024-05-25T01:00,3.6,14.0,228,37
2024-05-25T02:00,2.7,12.0,229,41
2024-05-25T03:00,1.1,7.6,273,55
2024-05-25T04:00,0.1,6.8,328,71
2024-05-25T05:00,0.9,3.9,304,71
2024-05-25T06:00,-0.7,4.8,283,78
2024-05-25T07:00,1.0,4.3,318,72
2024-05-25T08:00,5.6,4.9,287,51
2024-05-25T09:00,9.2,5.7,288,35
2024-05-25T10:00,11.7,3.5,294,28
2024-05-25T11:00,13.4,4.7,266,24
2024-05-25T12:00,14.2,4.0,280,24
2024-05-25T13:00,15.4,4.5,346,23
2024-05-25T14:00,17.0,4.7,293,19
2024-05-25T15:00,17.9,19.1,229,15
2024-05-25T16:00,16.7,23.4,226,14
2024-05-25T17:00,15.4,16.9,218,15
2024-05-25T18:00,12.9,21.8,214,18
2024-05-25T19:00,11.2,22.7,213,20
2024-05-25T20:00,9.5,18.1,226,23
2024-05-25T21:00,8.2,17.1,226,26
2024-05-25T22:00,7.1,16.5,216,29
2024-05-25T23:00,5.9,15.2,216,32
2024-05-26T00:00,4.5,11.7,227,37
2024-05-26T01:00,3.0,9.4,238,45
2024-05-26T02:00,1.3,5.9,259,59
2024-05-26T03:00,0.7,5.5,281,62
2024-05-26T04:00,-0.5,6.2,280,71
2024-05-26T05:00,-1.2,6.9,279,74
2024-05-26T06:00,-1.9,6.4,286,77
2024-05-26T07:00,0.5,4.1,285,65
2024-05-26T08:00,4.8,4.3,270,52
2024-05-26T09:00,8.6,5.8,300,33
2024-05-26T10:00,11.1,8.9,320,29
2024-05-26T11:00,12.9,8.2,311,22
2024-05-26T12:00,14.2,8.5,282,17
2024-05-26T13:00,14.8,6.3,283,17
2024-05-26T14:00,15.8,3.6,354,16
2024-05-26T15:00,17.1,2.9,270,11
2024-05-26T16:00,17.2,21.0,235,8
2024-05-26T17:00,15.1,23.6,231,9
2024-05-26T18:00,13.5,23.2,224,9
2024-05-26T19:00,10.8,22.1,208,12
2024-05-26T20:00,8.7,16.5,203,14
2024-05-26T21:00,7.2,14.6,189,17
2024-05-26T22:00,5.8,13.4,200,19
2024-05-26T23:00,4.2,12.4,202,22
2024-05-27T00:00,2.4,10.1,215,29
2024-05-27T01:00,1.1,10.0,221,34
2024-05-27T02:00,-0.4,7.5,235,44
2024-05-27T03:00,0.4,4.7,279,38
2024-05-27T04:00,0.1,4.6,288,44
2024-05-27T05:00,-1.2,5.1,278,54
2024-05-27T06:00,-1.4,4.7,274,56
2024-05-27T07:00,-0.1,3.7,281,53
2024-05-27T08:00,3.5,3.7,259,43
2024-05-27T09:00,7.2,3.9,304,29
2024-05-27T10:00,9.9,7.2,323,26
2024-05-27T11:00,12.0,6.1,315,20
2024-05-27T12:00,13.5,4.6,288,15
2024-05-27T13:00,14.6,5.8,270,12
2024-05-27T14:00,15.1,4.5,284,12
2024-05-27T15:00,15.8,5.1,8,11
2024-05-27T16:00,16.3,6.9,354,10
2024-05-27T17:00,15.1,2.6,326,32
2024-05-27T18:00,12.0,12.0,136,25
2024-05-27T19:00,9.2,7.7,139,51
2024-05-27T20:00,7.6,9.5,205,52
2024-05-27T21:00,6.5,10.5,196,45
2024-05-27T22:00,5.9,11.8,200,34
2024-05-27T23:00,4.7,12.4,197,24
2024-05-28T00:00,2.4,10.5,207,29
2024-05-28T01:00,0.4,9.4,227,37
2024-05-28T02:00,-1.0,9.2,222,40
2024-05-28T03:00,-1.9,9.2,231,42
2024-05-28T04:00,-2.8,7.8,257,48
2024-05-28T05:00,-2.8,6.9,264,46
2024-05-28T06:00,-2.5,6.1,270,41
2024-05-28T07:00,-0.1,5.5,281,38
2024-05-28T08:00,3.7,4.2,290,40
2024-05-28T09:00,7.4,5.4,307,29
2024-05-28T10:00,10.4,6.1,315,20
2024-05-28T11:00,12.2,4.9,306,14
2024-05-28T12:00,13.5,4.3,265,10
2024-05-28T13:00,14.5,4.2,239,8
2024-05-28T14:00,15.2,3.8,221,7
2024-05-28T15:00,15.6,2.6,164,6
2024-05-28T16:00,15.2,9.0,92,8
2024-05-28T17:00,12.4,16.8,81,23
2024-05-28T18:00,9.8,15.7,81,34
2024-05-28T19:00,8.3,10.4,70,40
2024-05-28T20:00,8.1,1.9,202,35
2024-05-28T21:00,4.9,10.3,209,47
2024-05-28T22:00,2.9,6.1,220,56
2024-05-28T23:00,3.6,5.4,250,48
2024-05-29T00:00,2.2,6.8,245,53
2024-05-29T01:00,1.8,6.0,245,51
2024-05-29T02:00,1.5,5.2,286,49
2024-05-29T03:00,1.6,4.1,308,57
2024-05-29T04:00,0.6,4.1,308,66
2024-05-29T05:00,-0.4,4.4,305,70
2024-05-29T06:00,-1.8,4.4,279,73
2024-05-29T07:00,-0.3,3.0,284,61
2024-05-29T08:00,4.2,1.5,284,46
2024-05-29T09:00,7.9,1.8,307,31
2024-05-29T10:00,10.4,4.1,345,32
2024-05-29T11:00,12.2,4.3,5,27
2024-05-29T12:00,13.7,4.2,20,21
2024-05-29T13:00,14.7,3.1,36,17
2024-05-29T14:00,15.5,3.1,45,14
2024-05-29T15:00,15.8,4.9,73,13
2024-05-29T16:00,15.6,10.1,86,13
2024-05-29T17:00,13.3,17.7,95,19
2024-05-29T18:00,10.8,16.9,92,30
2024-05-29T19:00,9.8,16.2,90,40
2024-05-29T20:00,7.3,5.9,133,56
2024-05-29T21:00,7.0,5.4,200,53
2024-05-29T22:00,6.1,10.1,243,48
2024-05-29T23:00,4.5,7.7,281,54
2024-05-30T00:00,3.9,8.0,280,58
2024-05-30T01:00,3.5,9.8,264,57
2024-05-30T02:00,2.1,8.7,232,57
2024-05-30T03:00,0.7,7.1,225,60
2024-05-30T04:00,2.2,3.4,288,44
2024-05-30T05:00,0.3,5.8,330,62
2024-05-30T06:00,-0.3,6.1,320,73
2024-05-30T07:00,2.0,4.6,321,67
2024-05-30T08:00,5.5,3.1,306,56
2024-05-30T09:00,9.0,4.8,297,44
2024-05-30T10:00,11.6,5.6,320,33
2024-05-30T11:00,13.4,3.9,304,21
2024-05-30T12:00,14.5,3.3,264,16
2024-05-30T13:00,15.3,4.7,261,15
2024-05-30T14:00,15.9,6.6,261,14
2024-05-30T15:00,16.2,8.1,257,13
2024-05-30T16:00,16.2,8.3,252,13
2024-05-30T17:00,15.2,2.4,117,14
2024-05-30T18:00,11.5,15.3,75,37
2024-05-30T19:00,10.0,12.4,82,48
2024-05-30T20:00,8.2,5.6,105,58
2024-05-30T21:00,7.1,11.5,219,53
2024-05-30T22:00,5.3,7.4,223,58
2024-05-30T23:00,5.5,5.9,232,53
2024-05-31T00:00,3.7,7.2,233,60
2024-05-31T01:00,2.3,7.7,221,61
2024-05-31T02:00,1.5,5.9,223,59
2024-05-31T03:00,0.5,6.6,241,59
2024-05-31T04:00,0.5,5.9,281,54
2024-05-31T05:00,0.4,5.6,315,59
2024-05-31T06:00,1.1,4.6,309,63
2024-05-31T07:00,1.2,3.7,281,66
2024-05-31T08:00,4.7,2.2,279,57
2024-05-31T09:00,8.7,3.5,294,39
2024-05-31T10:00,11.5,6.1,315,28
2024-05-31T11:00,13.3,5.1,315,19
2024-05-31T12:00,14.5,4.7,293,16
2024-05-31T13:00,15.4,5.8,266,15
2024-05-31T14:00,15.7,7.1,246,14
2024-05-31T15:00,15.7,5.9,256,15
2024-05-31T16:00,15.5,4.4,305,15
2024-05-31T17:00,14.2,4.1,308,38
2024-05-31T18:00,11.7,9.8,82,31
2024-05-31T19:00,9.5,10.8,92,47
2024-05-31T20:00,9.1,2.4,153,43
2024-05-31T21:00,6.2,10.4,226,55
2024-05-31T22:00,4.8,7.7,208,61
2024-05-31T23:00,4.3,10.0,206,55
2024-06-01T00:00,3.6,11.8,207,40
2024-06-01T01:00,2.7,12.9,210,39
2024-06-01T02:00,1.2,11.6,216,45
2024-06-01T03:00,0.0,9.7,228,51
2024-06-01T04:00,-1.1,7.9,254,57
2024-06-01T05:00,-1.1,6.2,280,55
2024-06-01T06:00,-1.6,6.2,306,64
2024-06-01T07:00,0.4,4.4,305,64
2024-06-01T08:00,4.1,2.2,279,53
2024-06-01T09:00,7.9,2.8,310,34
2024-06-01T10:00,10.5,4.1,322,25
2024-06-01T11:00,12.2,3.8,311,19
2024-06-01T12:00,13.5,3.5,294,16
2024-06-01T13:00,14.4,3.2,270,14
2024-06-01T14:00,15.2,3.3,229,12
2024-06-01T15:00,15.6,2.8,220,11
2024-06-01T16:00,15.5,2.4,117,10
2024-06-01T17:00,13.4,11.0,79,20
2024-06-01T18:00,10.0,14.6,80,46
2024-06-01T19:00,8.3,9.4,67,54
2024-06-01T20:00,8.1,3.1,54,46
2024-06-01T21:00,7.5,1.1,270,47
2024-06-01T22:00,4.3,8.2,232,65
2024-06-01T23:00,3.8,5.8,248,62
2024-06-02T00:00,4.6,4.7,270,53
2024-06-02T01:00,2.1,7.4,284,68
2024-06-02T02:00,0.9,8.0,278,77
2024-06-02T03:00,0.5,6.1,270,73
2024-06-02T04:00,1.4,3.3,276,61
2024-06-02T05:00,0.3,1.9,338,66
2024-06-02T06:00,-1.2,3.8,17,78
2024-06-02T07:00,-1.2,3.7,29,83
2024-06-02T08:00,3.3,3.1,21,59
2024-06-02T09:00,7.6,3.4,342,39
2024-06-02T10:00,10.4,2.4,333,30
2024-06-02T11:00,12.3,1.3,236,22
2024-06-02T12:00,13.7,1.8,191,17
2024-06-02T13:00,14.8,1.8,169,15
2024-06-02T14:00,15.5,1.9,158,13
2024-06-02T15:00,15.8,3.9,112,12
2024-06-02T16:00,15.3,11.5,90,15
2024-06-02T17:00,12.5,17.9,81,31
2024-06-02T18:00,9.9,15.0,79,41
2024-06-02T19:00,8.3,10.8,64,44
2024-06-02T20:00,7.5,3.9,326,48
2024-06-02T21:00,5.2,6.3,257,63
2024-06-02T22:00,4.8,5.5,238,61
2024-06-02T23:00,6.7,3.1,249,47
2024-06-03T00:00,6.3,4.5,256,47
2024-06-03T01:00,3.9,5.8,270,57
2024-06-03T02:00,4.3,4.7,293,55
2024-06-03T03:00,4.0,4.3,318,61
2024-06-03T04:00,1.8,6.0,327,72
2024-06-03T05:00,0.6,6.4,322,76
2024-06-03T06:00,-0.4,5.7,325,79
2024-06-03T07:00,1.7,4.7,351,69
2024-06-03T08:00,5.7,3.7,349,44
2024-06-03T09:00,9.2,4.8,312,32
2024-06-03T10:00,11.4,4.6,309,30
2024-06-03T11:00,13.2,3.2,297,25
2024-06-03T12:00,14.5,1.5,76,20
2024-06-03T13:00,15.4,2.2,81,16
2024-06-03T14:00,15.7,0.7,360,15
2024-06-03T15:00,16.0,0.0,270,15
2024-06-03T16:00,16.5,9.9,147,15
2024-06-03T17:00,12.4,25.8,115,37
2024-06-03T18:00,10.2,18.0,93,62
2024-06-03T19:00,9.0,14.8,91,71
2024-06-03T20:00,7.4,4.7,148,79
2024-06-03T21:00,6.5,10.4,226,80
2024-06-03T22:00,5.0,9.3,234,86
2024-06-03T23:00,4.2,8.4,211,87
2024-06-04T00:00,3.5,8.7,218,87
2024-06-04T01:00,2.6,8.4,250,87
2024-06-04T02:00,1.9,7.2,264,89
2024-06-04T03:00,1.8,6.0,295,91
2024-06-04T04:00,2.0,4.8,312,92
2024-06-04T05:00,1.4,5.0,339,96
2024-06-04T06:00,0.8,4.8,347,100
2024-06-04T07:00,2.3,2.7,337,97
2024-06-04T08:00,5.9,3.6,323,68
2024-06-04T09:00,8.7,3.8,319,53
2024-06-04T10:00,10.5,2.5,315,48
2024-06-04T11:00,12.2,2.1,329,40
2024-06-04T12:00,13.8,0.8,333,32
2024-06-04T13:00,15.0,1.9,158,24
2024-06-04T14:00,15.8,3.6,135,18
2024-06-04T15:00,16.2,5.3,118,15
2024-06-04T16:00,15.7,8.9,104,19
2024-06-04T17:00,13.4,14.0,89,34
2024-06-04T18:00,10.2,13.8,83,42
2024-06-04T19:00,8.7,12.9,77,42
2024-06-04T20:00,8.2,0.4,270,38
2024-06-04T21:00,5.3,7.6,273,59
2024-06-04T22:00,5.0,4.6,309,55
2024-06-04T23:00,5.3,4.6,288,52
2024-06-05T00:00,3.5,7.4,293,66
2024-06-05T01:00,2.4,9.1,304,71
2024-06-05T02:00,1.6,7.8,292,73
2024-06-05T03:00,3.3,4.4,279,60
2024-06-05T04:00,3.2,3.4,288,57
2024-06-05T05:00,1.1,4.3,318,64
2024-06-05T06:00,-1.3,5.4,360,76
2024-06-05T07:00,0.3,3.6,360,68
2024-06-05T08:00,4.3,1.4,360,54
2024-06-05T09:00,8.0,1.5,284,38
2024-06-05T10:00,10.6,2.3,219,29
2024-06-05T11:00,12.4,4.0,170,25
2024-06-05T12:00,13.9,4.8,138,24
2024-06-05T13:00,15.0,5.5,113,23
2024-06-05T14:00,15.6,8.8,99,22
2024-06-05T15:00,15.6,11.5,104,20
2024-06-05T16:00,15.1,11.1,115,19
2024-06-05T17:00,13.4,11.2,132,25
2024-06-05T18:00,10.6,12.8,128,36
2024-06-05T19:00,9.1,12.4,126,50
2024-06-05T20:00,7.6,10.0,150,53
2024-06-05T21:00,5.9,6.5,183,69
2024-06-05T22:00,5.2,6.2,249,68
2024-06-05T23:00,3.8,6.8,267,70
2024-06-06T00:00,4.8,4.7,266,58
2024-06-06T01:00,5.3,4.3,265,52
2024-06-06T02:00,3.5,5.5,302,61
2024-06-06T03:00,2.5,6.1,310,67
2024-06-06T04:00,3.6,4.3,294,61
2024-06-06T05:00,2.5,3.1,324,64
2024-06-06T06:00,1.4,3.6,354,67
2024-06-06T07:00,1.2,4.6,18,71
2024-06-06T08:00,5.2,3.8,17,58
2024-06-06T09:00,8.7,2.6,326,42
2024-06-06T10:00,10.8,1.3,236,38
2024-06-06T11:00,12.3,2.3,162,37
2024-06-06T12:00,13.8,4.8,117,31
2024-06-06T13:00,15.3,8.6,105,20
2024-06-06T14:00,16.3,8.7,107,14
2024-06-06T15:00,16.6,10.4,104,13
2024-06-06T16:00,15.8,16.2,107,18
2024-06-06T17:00,13.3,17.4,117,27
2024-06-06T18:00,11.0,18.4,121,37
2024-06-06T19:00,9.7,14.7,118,47
2024-06-06T20:00,8.1,10.1,125,57
2024-06-06T21:00,6.7,5.4,180,66
2024-06-06T22:00,5.0,8.0,234,71
2024-06-06T23:00,3.7,8.4,220,69
2024-06-07T00:00,2.6,6.3,204,71
2024-06-07T01:00,2.5,5.4,228,66
2024-06-07T02:00,1.8,6.0,245,64
2024-06-07T03:00,2.1,5.0,270,57
2024-06-07T04:00,2.3,4.5,299,55
2024-06-07T05:00,1.1,4.2,340,63
2024-06-07T06:00,-1.0,4.7,360,78
2024-06-07T07:00,0.0,4.2,20,79
2024-06-07T08:00,4.5,1.6,243,60
2024-06-07T09:00,7.9,0.4,180,41
2024-06-07T10:00,9.9,0.8,153,35
2024-06-07T11:00,11.8,2.9,173,23
2024-06-07T12:00,13.9,5.4,160,17
2024-06-07T13:00,15.2,5.1,129,17
2024-06-07T14:00,15.9,4.0,90,15
2024-06-07T15:00,16.3,6.8,90,14
2024-06-07T16:00,15.8,13.0,95,15
2024-06-07T17:00,13.1,15.9,94,24
2024-06-07T18:00,10.5,17.7,96,41
2024-06-07T19:00,9.5,15.3,99,53
2024-06-07T20:00,9.0,3.0,256,53
2024-06-07T21:00,6.5,11.6,263,60
2024-06-07T22:00,4.8,5.6,243,68
2024-06-07T23:00,6.3,3.5,246,52
2024-06-08T00:00,3.9,5.4,274,64
2024-06-08T01:00,2.5,4.7,293,70
2024-06-08T02:00,2.0,3.7,331,73
2024-06-08T03:00,1.4,4.7,9,77
2024-06-08T04:00,0.0,5.8,22,82
2024-06-08T05:00,-1.0,6.0,25,81
2024-06-08T06:00,-1.3,5.4,8,73
2024-06-08T07:00,0.6,3.0,14,59
2024-06-08T08:00,3.9,2.7,67,55
2024-06-08T09:00,7.3,1.5,76,47
2024-06-08T10:00,9.7,2.3,198,39
2024-06-08T11:00,11.3,0.5,315,26
2024-06-08T12:00,12.5,1.6,27,18
2024-06-08T13:00,13.5,1.1,288,16
2024-06-08T14:00,14.4,3.8,221,16
2024-06-08T15:00,14.6,8.0,198,15
2024-06-08T16:00,14.2,7.9,180,16
2024-06-08T17:00,12.6,6.9,129,26
2024-06-08T18:00,10.2,12.0,97,31
2024-06-08T19:00,8.8,17.7,84,39
2024-06-08T20:00,6.0,7.1,75,59
2024-06-08T21:00,5.4,9.7,243,54
2024-06-08T22:00,4.8,13.1,233,40
2024-06-08T23:00,4.5,13.4,239,41
2024-06-09T00:00,2.4,10.7,237,53
2024-06-09T01:00,0.8,9.5,233,60
2024-06-09T02:00,-0.2,9.8,234,63
2024-06-09T03:00,-1.2,8.1,249,67
2024-06-09T04:00,-1.8,5.7,288,70
2024-06-09T05:00,-2.2,6.1,320,78
2024-06-09T06:00,-2.3,5.7,325,81
2024-06-09T07:00,-0.3,4.3,312,75
2024-06-09T08:00,3.4,3.0,284,59
2024-06-09T09:00,6.8,3.7,299,38
2024-06-09T10:00,9.3,3.6,315,29
2024-06-09T11:00,10.9,0.8,297,25
2024-06-09T12:00,12.1,1.3,124,22
2024-06-09T13:00,13.0,1.3,146,19
2024-06-09T14:00,13.8,3.6,186,18
2024-06-09T15:00,14.3,3.6,135,17
2024-06-09T16:00,14.4,6.7,106,16
2024-06-09T17:00,12.9,12.0,141,22
2024-06-09T18:00,10.4,14.6,110,30
2024-06-09T19:00,8.8,16.3,68,44
2024-06-09T20:00,6.4,7.1,75,59
2024-06-09T21:00,6.7,4.2,250,52
2024-06-09T22:00,3.9,7.2,270,68
2024-06-09T23:00,3.9,4.7,274,63
2024-06-10T00:00,2.5,8.0,278,68
2024-06-10T01:00,2.3,9.9,303,68
2024-06-10T02:00,1.1,7.5,305,77
2024-06-10T03:00,0.5,6.0,287,77
2024-06-10T04:00,0.3,4.7,274,67
2024-06-10T05:00,-1.3,3.3,347,73
2024-06-10T06:00,-3.2,4.3,336,87
2024-06-10T07:00,-1.0,2.9,330,76
2024-06-10T08:00,3.9,1.3,304,54
2024-06-10T09:00,7.4,3.1,249,36
2024-06-10T10:00,9.8,2.5,270,29
2024-06-10T11:00,11.5,2.1,301,24
2024-06-10T12:00,12.7,1.3,326,21
2024-06-10T13:00,13.7,1.8,360,17
2024-06-10T14:00,14.3,3.3,6,14
2024-06-10T15:00,14.6,3.1,36,13
2024-06-10T16:00,14.2,5.5,79,14
2024-06-10T17:00,12.3,13.0,90,27
2024-06-10T18:00,9.5,14.8,91,44
2024-06-10T19:00,8.2,11.9,87,44
2024-06-10T20:00,6.3,5.2,78,63
2024-06-10T21:00,6.7,3.7,209,51
2024-06-10T22:00,4.3,8.7,246,65
2024-06-10T23:00,3.6,8.9,256,67
2024-06-11T00:00,3.3,6.5,236,66
2024-06-11T01:00,2.2,8.0,234,65
2024-06-11T02:00,1.4,8.4,239,63
2024-06-11T03:00,0.7,5.9,227,64
2024-06-11T04:00,0.1,5.0,249,64
2024-06-11T05:00,-0.4,5.6,297,65
2024-06-11T06:00,-0.1,4.9,306,71
2024-06-11T07:00,1.2,3.7,281,69
2024-06-11T08:00,4.8,2.5,225,51
2024-06-11T09:00,8.2,2.8,220,34
2024-06-11T10:00,10.6,3.1,201,35
2024-06-11T11:00,12.1,1.8,90,36
2024-06-11T12:00,13.2,3.9,34,32
2024-06-11T13:00,14.1,3.7,29,26
2024-06-11T14:00,14.7,2.8,40,23
2024-06-11T15:00,14.9,4.9,73,23
2024-06-11T16:00,14.5,9.4,92,25
2024-06-11T17:00,12.7,13.0,96,30
2024-06-11T18:00,10.3,14.1,96,45
2024-06-11T19:00,9.4,13.8,97,50
2024-06-11T20:00,7.5,7.2,108,61
2024-06-11T21:00,8.1,3.0,166,52
2024-06-11T22:00,5.4,6.2,280,69
2024-06-11T23:00,4.6,8.8,282,73
2024-06-12T00:00,3.5,7.2,267,80
2024-06-12T01:00,2.9,6.6,257,79
2024-06-12T02:00,2.3,6.6,257,77
2024-06-12T03:00,2.0,5.8,263,73
2024-06-12T04:00,1.4,4.6,288,73
2024-06-12T05:00,0.5,3.8,311,79
2024-06-12T06:00,0.5,5.2,335,82
2024-06-12T07:00,2.7,4.1,345,71
2024-06-12T08:00,6.0,3.2,297,56
2024-06-12T09:00,9.3,4.9,287,41
2024-06-12T10:00,11.6,4.6,288,34
2024-06-12T11:00,13.2,3.1,306,29
2024-06-12T12:00,14.5,1.4,270,25
2024-06-12T13:00,15.5,2.9,210,23
2024-06-12T14:00,16.1,3.1,216,21
2024-06-12T15:00,16.5,1.8,191,20
2024-06-12T16:00,16.3,5.2,106,21
2024-06-12T17:00,13.3,17.8,76,37
2024-06-12T18:00,10.5,14.2,81,51
2024-06-12T19:00,9.7,9.7,92,56
2024-06-12T20:00,7.8,6.1,180,65
2024-06-12T21:00,6.8,8.7,232,64
2024-06-12T22:00,7.0,3.4,288,58
2024-06-12T23:00,6.4,4.5,331,62
2024-06-13T00:00,4.8,6.1,310,73
2024-06-13T01:00,3.3,8.0,297,82
2024-06-13T02:00,2.1,6.8,288,86
2024-06-13T03:00,1.3,7.9,240,79
2024-06-13T04:00,0.4,5.9,256,72
2024-06-13T05:00,-0.2,6.4,286,73
2024-06-13T06:00,-0.8,5.9,281,77
2024-06-13T07:00,1.1,4.2,290,69
2024-06-13T08:00,5.3,2.4,297,57
2024-06-13T09:00,9.1,2.9,300,40
2024-06-13T10:00,11.7,3.3,276,32
2024-06-13T11:00,13.8,9.4,252,27
2024-06-13T12:00,15.5,10.9,243,21
2024-06-13T13:00,16.8,12.8,238,18
2024-06-13T14:00,17.6,13.0,226,17
2024-06-13T15:00,17.4,7.4,194,16
2024-06-13T16:00,16.3,6.7,126,18
2024-06-13T17:00,13.7,10.2,113,30
2024-06-13T18:00,11.2,8.2,131,47
2024-06-13T19:00,10.0,10.5,176,52
2024-06-13T20:00,9.2,21.2,212,29
2024-06-13T21:00,7.9,19.3,209,32
2024-06-13T22:00,7.2,18.4,206,34
2024-06-13T23:00,6.4,18.7,205,37
2024-06-14T00:00,5.5,16.7,205,42
2024-06-14T01:00,4.4,13.7,210,47
2024-06-14T02:00,3.1,10.5,218,55
2024-06-14T03:00,1.8,8.2,255,64
2024-06-14T04:00,0.7,7.2,270,71
2024-06-14T05:00,-0.1,7.2,273,74
2024-06-14T06:00,-0.7,8.0,278,77
2024-06-14T07:00,1.5,6.7,286,68
2024-06-14T08:00,4.4,5.7,288,56
2024-06-14T09:00,7.5,4.9,306,44
2024-06-14T10:00,10.0,5.4,318,35
2024-06-14T11:00,11.7,5.5,293,28
2024-06-14T12:00,13.0,4.2,290,27
2024-06-14T13:00,14.5,4.0,297,24
2024-06-14T14:00,15.9,3.3,264,19
2024-06-14T15:00,17.1,6.9,208,15
2024-06-14T16:00,15.5,14.6,128,21
2024-06-14T17:00,11.8,22.1,84,35
2024-06-14T18:00,10.6,10.2,100,42
2024-06-14T19:00,9.1,11.4,162,50
2024-06-14T20:00,7.4,9.4,184,51
2024-06-14T21:00,6.4,9.3,216,57
2024-06-14T22:00,6.3,14.3,225,39
2024-06-14T23:00,5.2,14.3,225,35
2024-06-15T00:00,3.7,12.5,221,41
2024-06-15T01:00,2.3,11.2,213,46
2024-06-15T02:00,1.1,9.4,220,52
2024-06-15T03:00,0.2,9.6,257,55
2024-06-15T04:00,-1.0,8.6,292,66
2024-06-15T05:00,-0.4,4.6,315,69
2024-06-15T06:00,-1.3,5.2,286,75
2024-06-15T07:00,0.4,6.3,294,68
2024-06-15T08:00,4.3,4.8,283,53
2024-06-15T09:00,8.0,5.4,278,33
2024-06-15T10:00,10.5,6.6,279,27
2024-06-15T11:00,12.4,3.2,270,21
2024-06-15T12:00,13.7,1.0,45,19
2024-06-15T13:00,14.8,2.8,40,18
2024-06-15T14:00,15.5,3.6,53,19
2024-06-15T15:00,15.8,5.4,82,19
2024-06-15T16:00,15.2,6.3,103,21
2024-06-15T17:00,13.3,12.6,70,27
2024-06-15T18:00,10.3,16.3,62,42
2024-06-15T19:00,9.8,12.1,67,51
2024-06-15T20:00,8.2,3.7,119,65
2024-06-15T21:00,7.3,10.0,232,62
2024-06-15T22:00,5.7,6.4,218,68
2024-06-15T23:00,5.2,8.1,238,65
2024-06-16T00:00,4.7,10.4,224,60
2024-06-16T01:00,4.0,12.2,208,51
2024-06-16T02:00,2.4,9.9,213,55
2024-06-16T03:00,1.4,8.4,211,60
2024-06-16T04:00,1.8,2.2,189,56
2024-06-16T05:00,1.7,3.3,6,56
2024-06-16T06:00,0.3,5.4,312,68
2024-06-16T07:00,1.9,6.0,287,69
2024-06-16T08:00,4.8,1.0,315,55
2024-06-16T09:00,8.0,2.5,8,41
2024-06-16T10:00,10.4,4.3,5,37
2024-06-16T11:00,12.1,3.7,331,35
2024-06-16T12:00,13.5,2.9,263,34
2024-06-16T13:00,14.7,3.0,194,32
2024-06-16T14:00,15.6,4.5,209,30
2024-06-16T15:00,15.9,3.3,229,28
2024-06-16T16:00,15.8,4.9,107,26
2024-06-16T17:00,13.6,14.5,67,38
2024-06-16T18:00,12.1,11.1,61,46
2024-06-16T19:00,10.5,7.9,120,57
2024-06-16T20:00,8.9,4.5,166,70
2024-06-16T21:00,7.8,12.3,230,61
2024-06-16T22:00,7.2,8.7,228,55
2024-06-16T23:00,6.8,11.0,218,47
2024-06-17T00:00,5.6,12.5,213,42
2024-06-17T01:00,4.2,11.8,220,47
2024-06-17T02:00,3.0,10.0,229,52
2024-06-17T03:00,1.8,7.8,257,61
2024-06-17T04:00,1.0,7.2,276,67
2024-06-17T05:00,0.3,6.5,304,76
2024-06-17T06:00,0.3,5.7,325,83
2024-06-17T07:00,1.9,4.1,315,79
2024-06-17T08:00,5.3,2.3,288,66
2024-06-17T09:00,8.5,5.0,291,55
2024-06-17T10:00,10.7,4.9,287,48
2024-06-17T11:00,12.5,3.3,257,41
2024-06-17T12:00,13.9,5.2,254,32
2024-06-17T13:00,14.8,9.1,263,26
2024-06-17T14:00,15.3,3.1,225,26
2024-06-17T15:00,15.9,8.6,123,24
2024-06-17T16:00,16.0,9.3,103,22
2024-06-17T17:00,16.2,14.6,237,21
2024-06-17T18:00,14.0,30.3,212,22
2024-06-17T19:00,11.6,19.9,200,27
2024-06-17T20:00,9.7,18.9,222,31
2024-06-17T21:00,8.6,16.7,205,34
2024-06-17T22:00,7.4,14.4,202,38
2024-06-17T23:00,6.3,12.8,218,41
2024-06-18T00:00,5.3,11.0,229,45
2024-06-18T01:00,4.2,8.3,236,51
2024-06-18T02:00,2.9,8.5,242,55
2024-06-18T03:00,1.7,6.7,254,63
2024-06-18T04:00,0.8,5.5,247,68
2024-06-18T05:00,0.4,5.1,266,69
2024-06-18T06:00,-0.7,5.8,274,74
2024-06-18T07:00,1.1,4.5,284,67
2024-06-18T08:00,4.5,2.3,321,58
2024-06-18T09:00,7.6,1.3,304,42
2024-06-18T10:00,9.9,2.5,90,33
2024-06-18T11:00,11.5,2.8,50,31
2024-06-18T12:00,12.9,4.1,315,29
2024-06-18T13:00,14.2,9.6,283,25
2024-06-18T14:00,15.4,14.1,266,20
2024-06-18T15:00,16.0,11.5,266,17
2024-06-18T16:00,16.0,9.7,228,18
2024-06-18T17:00,15.1,9.4,187,19
2024-06-18T18:00,12.2,9.2,101,27
2024-06-18T19:00,10.8,12.3,232,38
2024-06-18T20:00,9.3,27.7,235,27
2024-06-18T21:00,7.3,25.0,220,34
2024-06-18T22:00,6.5,21.4,209,37
2024-06-18T23:00,5.6,17.6,208,40
2024-06-19T00:00,4.8,14.8,209,43
2024-06-19T01:00,4.3,13.3,213,45
2024-06-19T02:00,3.5,12.3,220,48
2024-06-19T03:00,2.4,10.7,225,51
2024-06-19T04:00,1.4,7.6,239,57
2024-06-19T05:00,0.3,6.1,267,66
2024-06-19T06:00,-0.5,6.6,248,68
2024-06-19T07:00,1.0,4.1,255,60
2024-06-19T08:00,4.2,4.8,257,46
2024-06-19T09:00,7.1,4.2,301,36
2024-06-19T10:00,9.0,3.9,338,34
2024-06-19T11:00,10.9,6.6,331,35
2024-06-19T12:00,12.6,8.2,299,31
2024-06-19T13:00,13.4,9.5,281,30
2024-06-19T14:00,13.5,10.5,264,30
2024-06-19T15:00,13.0,9.1,277,33
2024-06-19T16:00,11.8,11.6,248,36
2024-06-19T17:00,10.3,15.0,235,44
2024-06-19T18:00,8.3,8.0,234,55
2024-06-19T19:00,6.8,10.5,248,66
2024-06-19T20:00,6.6,12.4,234,53
2024-06-19T21:00,6.6,6.6,241,49
2024-06-19T22:00,6.7,6.4,243,47
2024-06-19T23:00,6.3,6.6,248,49
2024-06-20T00:00,5.0,7.7,259,55
2024-06-20T01:00,5.5,5.2,245,53
2024-06-20T02:00,5.4,6.5,214,53
2024-06-20T03:00,5.0,8.7,240,54
2024-06-20T04:00,3.9,9.7,248,59
2024-06-20T05:00,4.1,8.9,243,61
2024-06-20T06:00,3.8,4.3,270,65
2024-06-20T07:00,4.2,3.8,343,62
2024-06-20T08:00,5.0,5.0,180,63
2024-06-20T09:00,6.9,7.7,118,59
2024-06-20T10:00,8.2,5.9,79,55
2024-06-20T11:00,8.5,5.2,65,55
2024-06-20T12:00,8.9,4.2,70,54
2024-06-20T13:00,9.9,5.0,69,49
2024-06-20T14:00,10.7,1.5,135,44
2024-06-20T15:00,10.8,13.8,227,43
2024-06-20T16:00,9.8,22.7,226,48
2024-06-20T17:00,9.3,17.9,220,48
2024-06-20T18:00,8.3,14.8,209,54
2024-06-20T19:00,7.6,17.1,224,59
2024-06-20T20:00,6.6,16.6,236,61
2024-06-20T21:00,6.2,15.5,239,63
2024-06-20T22:00,5.9,16.4,237,63
2024-06-20T23:00,5.8,14.9,233,61
2024-06-21T00:00,5.5,10.5,232,62
2024-06-21T01:00,5.1,8.0,234,64
2024-06-21T02:00,4.8,5.4,250,67
2024-06-21T03:00,4.6,5.2,258,70
2024-06-21T04:00,4.5,5.4,266,73
2024-06-21T05:00,4.5,6.0,245,71
2024-06-21T06:00,4.5,4.1,255,70
2024-06-21T07:00,4.7,3.7,241,70
2024-06-21T08:00,5.6,7.1,240,63
2024-06-21T09:00,7.1,9.5,241,53
2024-06-21T10:00,8.6,10.3,234,47
2024-06-21T11:00,10.1,9.2,239,43
2024-06-21T12:00,11.3,10.0,240,41
2024-06-21T13:00,11.7,10.5,239,39
2024-06-21T14:00,12.8,11.6,254,34
2024-06-21T15:00,13.6,15.5,265,31
2024-06-21T16:00,13.5,17.6,255,30
2024-06-21T17:00,12.3,23.2,222,33
2024-06-21T18:00,10.7,16.3,202,38
2024-06-21T19:00,10.2,10.3,192,40
2024-06-21T20:00,8.7,12.2,256,51
2024-06-21T21:00,6.8,17.8,225,39
2024-06-21T22:00,5.6,12.5,226,44
2024-06-21T23:00,4.5,9.4,220,49
2024-06-22T00:00,3.1,6.4,218,61
2024-06-22T01:00,4.3,2.9,240,46
2024-06-22T02:00,1.6,5.1,315,65
2024-06-22T03:00,0.2,6.4,313,74
2024-06-22T04:00,-0.5,5.9,313,78
2024-06-22T05:00,-1.0,5.7,305,80
2024-06-22T06:00,-1.9,5.7,305,85
2024-06-22T07:00,0.3,5.7,325,79
2024-06-22T08:00,3.8,5.4,318,69
2024-06-22T09:00,7.1,10.2,318,58
2024-06-22T10:00,9.9,10.8,323,37
2024-06-22T11:00,11.4,9.5,307,30
2024-06-22T12:00,12.5,9.7,312,29
2024-06-22T13:00,13.2,10.4,326,30
2024-06-22T14:00,13.8,10.6,332,30
2024-06-22T15:00,14.3,4.0,10,27
2024-06-22T16:00,15.1,2.7,247,21
2024-06-22T17:00,14.7,14.5,240,21
2024-06-22T18:00,12.4,6.5,236,34
2024-06-22T19:00,11.2,11.8,220,27
2024-06-22T20:00,10.3,18.7,220,32
2024-06-22T21:00,8.7,13.8,200,42
2024-06-22T22:00,7.0,11.9,215,44
2024-06-22T23:00,6.4,13.8,219,38
2024-06-23T00:00,5.4,13.3,221,38
2024-06-23T01:00,3.8,10.7,225,46
2024-06-23T02:00,1.9,6.6,248,62
2024-06-23T03:00,0.9,6.2,280,71
2024-06-23T04:00,0.1,5.6,285,76
2024-06-23T05:00,0.2,4.8,318,74
2024-06-23T06:00,-0.2,5.2,326,76
2024-06-23T07:00,1.1,4.6,315,72
2024-06-23T08:00,4.3,3.7,259,59
2024-06-23T09:00,7.8,3.2,270,38
2024-06-23T10:00,10.5,4.9,324,30
2024-06-23T11:00,12.5,4.8,312,24
2024-06-23T12:00,13.6,5.8,292,23
2024-06-23T13:00,14.5,7.6,278,22
2024-06-23T14:00,15.0,6.4,286,21
2024-06-23T15:00,15.0,8.4,310,22
2024-06-23T16:00,14.9,10.9,314,23
2024-06-23T17:00,14.6,7.3,290,23
2024-06-23T18:00,13.4,4.1,38,29
2024-06-23T19:00,11.6,10.6,28,39
2024-06-23T20:00,10.1,17.4,243,31
2024-06-23T21:00,9.0,20.9,222,26
2024-06-23T22:00,7.7,14.5,222,30
2024-06-23T23:00,6.9,14.7,211,32
2024-06-24T00:00,5.6,12.2,194,38
2024-06-24T01:00,4.0,8.3,178,47
2024-06-24T02:00,5.1,2.0,225,42
2024-06-24T03:00,2.5,5.2,304,57
2024-06-24T04:00,0.6,6.5,304,72
2024-06-24T05:00,-0.1,7.6,301,76
2024-06-24T06:00,-0.8,7.6,295,80
2024-06-24T07:00,1.0,5.3,298,71
2024-06-24T08:00,4.6,3.1,291,57
2024-06-24T09:00,8.1,3.3,283,38
2024-06-24T10:00,10.9,5.6,320,28
2024-06-24T11:00,12.6,5.3,332,24
2024-06-24T12:00,13.7,3.9,326,22
2024-06-24T13:00,14.6,4.8,297,21
2024-06-24T14:00,15.1,5.0,300,20
2024-06-24T15:00,15.0,5.1,4,20
2024-06-24T16:00,14.9,4.8,27,20
2024-06-24T17:00,14.6,3.2,90,21
2024-06-24T18:00,11.9,17.1,62,38
2024-06-24T19:00,10.4,16.6,42,47
2024-06-24T20:00,9.0,10.8,53,54
2024-06-24T21:00,7.5,4.5,241,67
2024-06-24T22:00,6.5,8.0,188,66
2024-06-24T23:00,5.7,8.1,167,69
2024-06-25T00:00,4.4,6.0,205,71
2024-06-25T01:00,3.2,6.6,229,67
2024-06-25T02:00,2.3,8.4,239,62
2024-06-25T03:00,1.4,8.6,237,60
2024-06-25T04:00,0.3,5.1,231,67
2024-06-25T05:00,1.5,3.6,323,58
2024-06-25T06:00,-0.7,5.8,338,81
2024-06-25T07:00,0.9,4.6,342,80
2024-06-25T08:00,4.4,2.9,330,57
2024-06-25T09:00,7.8,4.9,343,43
2024-06-25T10:00,10.4,6.3,329,32
2024-06-25T11:00,12.1,5.7,305,25
2024-06-25T12:00,13.4,6.3,294,24
2024-06-25T13:00,14.4,7.2,276,22
2024-06-25T14:00,14.9,7.7,259,23
2024-06-25T15:00,15.2,5.8,240,23
2024-06-25T16:00,15.0,4.5,241,23
2024-06-25T17:00,14.4,4.9,36,24
2024-06-25T18:00,11.9,15.1,50,37
2024-06-25T19:00,10.4,11.5,70,49
2024-06-25T20:00,8.9,8.9,133,57
2024-06-25T21:00,7.8,13.0,186,56
2024-06-25T22:00,7.3,11.7,189,46
2024-06-25T23:00,5.5,9.2,201,47
2024-06-26T00:00,3.9,7.4,203,51
2024-06-26T01:00,2.9,8.2,203,48
2024-06-26T02:00,1.9,8.2,203,49
2024-06-26T03:00,0.8,8.1,193,54
2024-06-26T04:00,-0.1,8.4,200,59
2024-06-26T05:00,-0.6,9.4,238,62
2024-06-26T06:00,-1.1,9.4,266,65
2024-06-26T07:00,0.7,5.4,290,65
2024-06-26T08:00,3.8,4.3,270,50
2024-06-26T09:00,7.4,5.2,254,38
2024-06-26T10:00,10.0,4.7,212,32
2024-06-26T11:00,11.5,3.9,158,33
2024-06-26T12:00,12.8,3.8,131,30
2024-06-26T13:00,13.8,5.6,105,26
2024-06-26T14:00,14.4,9.1,99,25
2024-06-26T15:00,14.4,13.0,88,23
2024-06-26T16:00,13.5,15.7,81,23
2024-06-26T17:00,12.0,16.2,77,23
2024-06-26T18:00,10.2,11.7,72,31
2024-06-26T19:00,8.7,9.7,59,40
2024-06-26T20:00,8.5,2.7,337,38
2024-06-26T21:00,6.0,6.4,254,51
2024-06-26T22:00,4.9,7.2,243,50
2024-06-26T23:00,4.5,6.2,249,49
2024-06-27T00:00,4.3,6.3,283,48
2024-06-27T01:00,2.7,7.9,294,59
2024-06-27T02:00,2.3,6.8,295,63
2024-06-27T03:00,2.3,4.5,299,64
2024-06-27T04:00,2.0,3.6,323,65
2024-06-27T05:00,0.6,2.3,309,72
2024-06-27T06:00,0.2,1.9,292,72
2024-06-27T07:00,0.5,3.0,346,70
2024-06-27T08:00,4.2,2.4,333,53
2024-06-27T09:00,8.0,3.3,283,36
2024-06-27T10:00,10.2,3.2,270,30
2024-06-27T11:00,11.7,2.3,288,28
2024-06-27T12:00,13.0,2.2,279,24
2024-06-27T13:00,14.2,2.9,263,18
2024-06-27T14:00,15.0,4.4,261,15
2024-06-27T15:00,15.4,4.7,270,12
2024-06-27T16:00,15.4,2.1,329,10
2024-06-27T17:00,14.2,6.8,72,14
2024-06-27T18:00,10.4,14.5,71,44
2024-06-27T19:00,8.7,10.5,68,50
2024-06-27T20:00,8.1,2.3,72,44
2024-06-27T21:00,6.3,11.3,233,52
2024-06-27T22:00,6.3,3.8,221,51
2024-06-27T23:00,4.5,7.3,237,57
2024-06-28T00:00,4.3,11.2,230,43
2024-06-28T01:00,2.9,10.4,236,49
2024-06-28T02:00,1.2,7.9,240,61
2024-06-28T03:00,0.3,7.3,261,66
2024-06-28T04:00,-0.5,7.0,282,74
2024-06-28T05:00,-1.0,6.4,308,82
2024-06-28T06:00,-1.5,8.7,318,87
2024-06-28T07:00,0.3,6.9,313,79
2024-06-28T08:00,3.8,2.6,286,63
2024-06-28T09:00,7.4,4.0,270,44
2024-06-28T10:00,10.4,5.1,278,31
2024-06-28T11:00,12.6,3.4,288,24
2024-06-28T12:00,14.1,2.1,329,19
2024-06-28T13:00,15.2,2.8,320,17
2024-06-28T14:00,16.1,3.8,319,15
2024-06-28T15:00,16.7,4.8,333,14
2024-06-28T16:00,16.5,7.7,37,15
2024-06-28T17:00,13.9,15.7,70,27
2024-06-28T18:00,10.8,14.5,67,38
2024-06-28T19:00,10.0,12.1,67,44
2024-06-28T20:00,8.3,7.8,146,52
2024-06-28T21:00,7.0,8.6,195,54
2024-06-28T22:00,5.9,9.0,217,55
2024-06-28T23:00,5.6,11.2,201,52
2024-06-29T00:00,4.7,13.0,214,44
2024-06-29T01:00,3.6,11.2,222,49
2024-06-29T02:00,2.4,10.0,206,57
2024-06-29T03:00,0.9,6.8,198,67
2024-06-29T04:00,0.7,5.2,236,68
2024-06-29T05:00,-0.2,8.3,272,73
2024-06-29T06:00,-0.8,7.4,284,78
2024-06-29T07:00,1.5,4.9,306,69
2024-06-29T08:00,4.7,4.1,285,53
2024-06-29T09:00,8.2,5.1,274,39
2024-06-29T10:00,10.6,3.9,292,36
2024-06-29T11:00,12.5,5.4,352,33
2024-06-29T12:00,14.3,7.5,343,26
2024-06-29T13:00,15.9,9.3,324,22
2024-06-29T14:00,17.0,13.5,318,18
2024-06-29T15:00,17.5,18.7,326,16
2024-06-29T16:00,17.4,21.1,343,17
2024-06-29T17:00,16.3,11.0,11,20
2024-06-29T18:00,11.7,16.6,68,53
2024-06-29T19:00,10.2,12.0,74,70
2024-06-29T20:00,9.3,7.7,208,72
2024-06-29T21:00,8.8,19.5,214,50
2024-06-29T22:00,7.9,15.8,221,52
2024-06-29T23:00,6.9,16.7,217,36
2024-06-30T00:00,6.0,13.7,210,38
2024-06-30T01:00,5.6,13.1,217,40
2024-06-30T02:00,5.3,13.8,219,42
2024-06-30T03:00,5.1,9.9,226,44
2024-06-30T04:00,4.9,6.4,243,48
2024-06-30T05:00,2.4,4.0,265,67
2024-06-30T06:00,1.1,6.0,303,75
2024-06-30T07:00,2.2,4.6,309,71
2024-06-30T08:00,4.8,3.9,292,56
2024-06-30T09:00,7.9,5.6,310,40
2024-06-30T10:00,10.3,7.2,323,32
2024-06-30T11:00,11.7,6.4,317,28
2024-06-30T12:00,12.8,7.9,309,27
2024-06-30T13:00,13.5,3.4,328,25
2024-06-30T14:00,14.0,5.8,112,23
2024-06-30T15:00,14.4,7.1,120,22
2024-06-30T16:00,14.7,3.3,103,20
2024-06-30T17:00,14.9,3.0,14,18
2024-06-30T18:00,12.0,8.5,78,30
2024-06-30T19:00,10.0,12.8,100,54
2024-06-30T20:00,8.3,6.9,99,63
2024-06-30T21:00,7.3,8.7,197,62
2024-06-30T22:00,6.1,11.4,204,56
2024-06-30T23:00,5.5,10.2,203,53
2024-07-01T00:00,3.9,8.5,208,51
2024-07-01T01:00,2.5,7.1,225,56
2024-07-01T02:00,1.8,8.2,232,57
2024-07-01T03:00,0.9,7.8,236,62
2024-07-01T04:00,0.1,7.5,235,66
2024-07-01T05:00,-0.6,5.5,238,69
2024-07-01T06:00,0.2,4.1,255,64
2024-07-01T07:00,0.9,4.0,275,61
2024-07-01T08:00,4.2,3.3,283,53
2024-07-01T09:00,7.7,3.7,259,38
2024-07-01T10:00,10.1,2.3,231,35
2024-07-01T11:00,11.5,0.5,225,31
2024-07-01T12:00,12.9,2.2,171,26
2024-07-01T13:00,14.0,3.6,143,23
2024-07-01T14:00,14.8,6.8,108,21
2024-07-01T15:00,14.9,10.6,108,19
2024-07-01T16:00,14.5,13.6,112,15
2024-07-01T17:00,13.2,14.3,115,13
2024-07-01T18:00,10.9,14.5,113,20
2024-07-01T19:00,9.0,13.6,102,31
2024-07-01T20:00,7.6,10.0,111,42
2024-07-01T21:00,7.5,2.9,120,51
2024-07-01T22:00,4.7,8.4,245,59
2024-07-01T23:00,3.4,7.4,241,49
2024-07-02T00:00,5.1,3.4,252,37
2024-07-02T01:00,3.2,5.8,274,47
2024-07-02T02:00,1.4,8.3,275,57
2024-07-02T03:00,0.6,7.4,284,60
2024-07-02T04:00,1.1,5.8,300,56
2024-07-02T05:00,1.5,4.6,321,55
2024-07-02T06:00,1.0,4.7,356,58
2024-07-02T07:00,1.3,4.3,5,57
2024-07-02T08:00,4.4,3.1,339,44
2024-07-02T09:00,7.9,4.1,322,32
2024-07-02T10:00,10.1,2.8,320,35
2024-07-02T11:00,11.6,2.2,360,31
2024-07-02T12:00,13.0,2.2,81,27
2024-07-02T13:00,14.3,4.8,103,24
2024-07-02T14:00,15.1,7.5,107,20
2024-07-02T15:00,15.3,10.2,108,17
2024-07-02T16:00,14.8,12.0,111,14
2024-07-02T17:00,13.5,11.9,115,12
2024-07-02T18:00,10.7,11.2,105,23
2024-07-02T19:00,8.5,11.2,92,39
2024-07-02T20:00,6.3,6.0,115,59
2024-07-02T21:00,7.0,3.1,216,52
2024-07-02T22:00,4.0,6.9,242,61
2024-07-02T23:00,4.1,5.2,254,54
2024-07-03T00:00,3.6,5.8,263,51
2024-07-03T01:00,3.4,5.4,274,48
2024-07-03T02:00,3.2,5.2,282,51
2024-07-03T03:00,2.9,4.7,279,55
2024-07-03T04:00,2.1,4.3,318,63
2024-07-03T05:00,0.6,4.8,347,70
2024-07-03T06:00,-0.9,5.4,360,75
2024-07-03T07:00,0.6,5.1,4,64
2024-07-03T08:00,4.1,1.1,342,39
2024-07-03T09:00,7.5,3.9,304,29
2024-07-03T10:00,10.4,5.8,300,23
2024-07-03T11:00,12.3,3.6,276,19
2024-07-03T12:00,13.8,3.4,212,17
2024-07-03T13:00,15.1,5.4,172,14
2024-07-03T14:00,15.8,7.3,147,13
2024-07-03T15:00,16.1,9.0,143,12
2024-07-03T16:00,15.9,11.5,136,12
2024-07-03T17:00,14.4,15.1,118,15
2024-07-03T18:00,11.5,16.0,99,26
2024-07-03T19:00,9.9,16.6,90,39
2024-07-03T20:00,8.5,10.9,96,50
2024-07-03T21:00,8.4,2.6,196,54
2024-07-03T22:00,5.9,10.6,242,56
2024-07-03T23:00,4.4,7.1,246,60
2024-07-04T00:00,6.4,4.5,299,48
2024-07-04T01:00,3.9,6.6,257,61
2024-07-04T02:00,1.7,9.0,241,63
2024-07-04T03:00,0.9,5.8,263,58
2024-07-04T04:00,0.7,5.7,305,61
2024-07-04T05:00,-0.5,5.5,302,71
2024-07-04T06:00,-1.8,5.2,304,78
2024-07-04T07:00,-0.4,4.2,301,68
2024-07-04T08:00,3.7,2.1,301,57
2024-07-04T09:00,7.3,3.5,294,42
2024-07-04T10:00,10.6,6.1,315,30
2024-07-04T11:00,12.8,5.0,300,19
2024-07-04T12:00,14.3,2.7,293,13
2024-07-04T13:00,15.5,2.1,329,10
2024-07-04T14:00,16.2,2.4,333,9
2024-07-04T15:00,16.4,2.4,297,8
2024-07-04T16:00,16.3,2.2,261,7
2024-07-04T17:00,15.7,3.2,90,8
2024-07-04T18:00,12.0,16.1,70,25
2024-07-04T19:00,9.8,13.4,70,39
2024-07-04T20:00,7.7,4.8,193,55
2024-07-04T21:00,6.4,7.9,183,49
2024-07-04T22:00,5.8,9.0,178,53
2024-07-04T23:00,5.0,5.8,210,56
2024-07-05T00:00,5.8,3.4,212,46
2024-07-05T01:00,5.1,3.6,270,45
2024-07-05T02:00,1.6,7.3,290,64
2024-07-05T03:00,1.0,6.6,283,64
2024-07-05T04:00,-0.4,9.1,304,66
2024-07-05T05:00,-1.4,6.9,298,70
2024-07-05T06:00,-1.2,5.4,278,62
2024-07-05T07:00,-0.4,4.4,305,54
2024-07-05T08:00,3.9,1.3,214,45
2024-07-05T09:00,8.1,1.8,233,26
2024-07-05T10:00,11.0,1.6,63,21
2024-07-05T11:00,13.0,3.1,54,19
2024-07-05T12:00,14.7,2.5,45,14
2024-07-05T13:00,15.8,1.0,315,11
2024-07-05T14:00,16.6,2.2,270,9
2024-07-05T15:00,17.1,3.1,249,9
2024-07-05T16:00,16.9,2.1,149,8
2024-07-05T17:00,14.4,17.7,85,21
2024-07-05T18:00,11.1,19.1,78,46
2024-07-05T19:00,10.3,10.1,73,57
2024-07-05T20:00,8.8,9.1,198,68
2024-07-05T21:00,7.5,11.3,207,74
2024-07-05T22:00,6.8,14.9,165,91
2024-07-05T23:00,5.8,12.7,145,97
2024-07-06T00:00,4.6,8.1,135,100
2024-07-06T01:00,4.7,8.6,178,100
2024-07-06T02:00,4.3,7.9,196,100
2024-07-06T03:00,4.2,8.3,270,100
2024-07-06T04:00,3.7,7.9,294,100
2024-07-06T05:00,3.3,6.4,317,100
2024-07-06T06:00,3.2,4.9,343,99
2024-07-06T07:00,3.6,4.0,333,98
2024-07-06T08:00,3.7,4.3,355,86
2024-07-06T09:00,6.9,2.6,344,69
2024-07-06T10:00,9.5,4.4,325,52
2024-07-06T11:00,12.2,7.0,339,39
2024-07-06T12:00,14.4,6.6,331,30
2024-07-06T13:00,16.1,7.1,294,26
2024-07-06T14:00,17.3,9.2,259,23
2024-07-06T15:00,17.3,6.5,273,21
2024-07-06T16:00,17.2,4.7,356,17
2024-07-06T17:00,16.4,6.3,121,18
2024-07-06T18:00,13.0,2.2,90,51
2024-07-06T19:00,12.2,17.1,221,15
2024-07-06T20:00,10.5,21.3,206,16
2024-07-06T21:00,9.0,14.1,199,19
2024-07-06T22:00,7.8,11.3,197,23
2024-07-06T23:00,6.8,12.1,197,26
2024-07-07T00:00,5.3,11.2,213,31
2024-07-07T01:00,4.0,9.7,228,36
2024-07-07T02:00,2.8,7.6,245,44
2024-07-07T03:00,2.1,5.8,270,49
2024-07-07T04:00,2.0,4.9,306,51
2024-07-07T05:00,1.0,5.6,315,60
2024-07-07T06:00,-0.1,6.2,291,66
2024-07-07T07:00,1.4,5.2,282,57
2024-07-07T08:00,4.9,2.5,270,49
2024-07-07T09:00,8.4,3.3,283,32
2024-07-07T10:00,11.0,2.8,320,27
2024-07-07T11:00,12.9,2.9,300,22
2024-07-07T12:00,14.3,4.9,287,19
2024-07-07T13:00,15.3,6.0,287,16
2024-07-07T14:00,15.7,5.1,278,15
2024-07-07T15:00,15.9,0.4,90,16
2024-07-07T16:00,16.0,3.3,49,16
2024-07-07T17:00,15.8,9.9,46,16
2024-07-07T18:00,13.4,8.7,48,31
2024-07-07T19:00,11.9,14.3,214,29
2024-07-07T20:00,9.7,12.1,207,46
2024-07-07T21:00,8.2,11.7,198,65
2024-07-07T22:00,7.2,9.0,196,62
2024-07-07T23:00,6.9,13.0,199,32
2024-07-08T00:00,6.0,14.0,203,31
2024-07-08T01:00,4.2,9.3,216,38
2024-07-08T02:00,3.0,4.7,270,49
2024-07-08T03:00,3.2,3.6,264,47
2024-07-08T04:00,2.0,4.6,231,54
2024-07-08T05:00,1.7,4.0,260,55
2024-07-08T06:00,1.3,4.2,301,58
2024-07-08T07:00,1.7,4.8,333,66
2024-07-08T08:00,3.2,6.5,357,83
2024-07-08T09:00,7.0,8.0,333,62
2024-07-08T10:00,10.0,7.4,321,44
2024-07-08T11:00,12.2,7.5,305,32
2024-07-08T12:00,13.6,11.1,295,26
2024-07-08T13:00,14.2,7.9,321,26
2024-07-08T14:00,15.6,4.0,10,20
2024-07-08T15:00,18.0,21.9,245,10
2024-07-08T16:00,16.6,35.5,235,8
2024-07-08T17:00,14.8,31.6,229,8
2024-07-08T18:00,12.4,25.5,220,9
2024-07-08T19:00,10.6,21.3,233,11
2024-07-08T20:00,8.7,19.9,228,12
2024-07-08T21:00,7.2,20.9,226,16
2024-07-08T22:00,6.1,21.4,225,18
2024-07-08T23:00,5.1,21.4,228,22
2024-07-09T00:00,4.1,21.3,231,27
2024-07-09T01:00,3.0,20.1,237,31
2024-07-09T02:00,1.8,15.6,247,36
2024-07-09T03:00,0.2,10.8,272,42
2024-07-09T04:00,-1.5,8.9,297,55
2024-07-09T05:00,-2.7,7.6,315,68
2024-07-09T06:00,-3.5,6.9,317,75
2024-07-09T07:00,-1.5,6.1,310,69
2024-07-09T08:00,2.8,4.5,299,46
2024-07-09T09:00,6.5,5.2,295,26
2024-07-09T10:00,9.4,6.2,339,17
2024-07-09T11:00,11.4,8.3,326,12
2024-07-09T12:00,13.5,8.3,304,11
2024-07-09T13:00,15.8,17.4,257,5
2024-07-09T14:00,15.8,31.9,240,5
2024-07-09T15:00,15.8,27.4,247,4
2024-07-09T16:00,15.0,29.2,241,4
2024-07-09T17:00,12.9,26.6,234,5
2024-07-09T18:00,10.6,20.0,231,7
2024-07-09T19:00,8.8,18.1,223,9
2024-07-09T20:00,6.2,10.2,219,15
2024-07-09T21:00,4.3,8.7,218,21
2024-07-09T22:00,3.7,12.2,214,17
2024-07-09T23:00,3.1,14.1,220,17
2024-07-10T00:00,1.9,13.2,235,20
2024-07-10T01:00,0.0,11.0,251,26
2024-07-10T02:00,-1.7,9.4,270,34
2024-07-10T03:00,-3.0,7.1,311,46
2024-07-10T04:00,-3.0,5.9,317,49
2024-07-10T05:00,-3.5,6.0,303,49
2024-07-10T06:00,-3.9,6.0,303,48
2024-07-10T07:00,-1.8,6.7,324,41
2024-07-10T08:00,1.6,5.9,322,29
2024-07-10T09:00,5.2,7.7,307,19
2024-07-10T10:00,9.1,9.2,309,13
2024-07-10T11:00,11.6,10.3,306,9
2024-07-10T12:00,13.1,10.2,337,8
2024-07-10T13:00,16.4,22.7,250,4
2024-07-10T14:00,15.8,32.5,249,5
2024-07-10T15:00,15.8,37.2,243,5
2024-07-10T16:00,14.3,39.0,238,5
2024-07-10T17:00,11.9,32.6,232,7
2024-07-10T18:00,9.6,30.0,235,9
2024-07-10T19:00,7.8,24.3,235,12
2024-07-10T20:00,5.8,20.2,230,12
2024-07-10T21:00,4.3,18.1,223,15
2024-07-10T22:00,3.0,17.7,218,18
2024-07-10T23:00,2.0,16.5,216,20
2024-07-11T00:00,1.0,14.3,214,22
2024-07-11T01:00,-0.7,10.5,218,27
2024-07-11T02:00,-2.3,5.9,227,37
2024-07-11T03:00,-1.3,3.3,264,27
2024-07-11T04:00,-3.4,4.3,336,41
2024-07-11T05:00,-4.5,7.8,347,57
2024-07-11T06:00,-4.7,7.0,339,62
2024-07-11T07:00,-2.0,5.8,338,55
2024-07-11T08:00,1.8,5.2,326,34
2024-07-11T09:00,6.0,11.0,337,18
2024-07-11T10:00,9.2,18.3,328,10
2024-07-11T11:00,12.5,15.8,311,7
2024-07-11T12:00,13.9,29.7,264,5
2024-07-11T13:00,14.4,29.2,267,6
2024-07-11T14:00,15.1,29.6,260,5
2024-07-11T15:00,15.0,29.9,260,5
2024-07-11T16:00,14.6,28.4,246,4
2024-07-11T17:00,12.0,23.8,235,6
2024-07-11T18:00,8.9,17.7,213,9
2024-07-11T19:00,7.0,19.4,222,10
2024-07-11T20:00,5.7,17.3,227,12
2024-07-11T21:00,3.9,11.9,215,17
2024-07-11T22:00,2.3,11.4,208,22
2024-07-11T23:00,0.3,6.4,227,35
2024-07-12T00:00,1.5,4.3,312,25
2024-07-12T01:00,0.1,4.6,315,32
2024-07-12T02:00,-1.5,4.8,312,41
2024-07-12T03:00,-1.9,4.8,312,44
2024-07-12T04:00,-2.7,5.0,300,51
2024-07-12T05:00,-3.4,5.3,298,57
2024-07-12T06:00,-3.7,5.4,312,59
2024-07-12T07:00,-1.4,6.6,319,48
2024-07-12T08:00,2.1,5.2,304,31
2024-07-12T09:00,6.1,12.0,319,20
2024-07-12T10:00,9.5,23.4,329,19
2024-07-12T11:00,10.6,24.3,336,20
2024-07-12T12:00,13.8,37.9,316,11
2024-07-12T13:00,14.6,31.9,312,9
2024-07-12T14:00,14.7,35.3,306,11
2024-07-12T15:00,14.9,35.4,314,13
2024-07-12T16:00,13.7,30.3,318,12
2024-07-12T17:00,12.9,27.4,330,14
2024-07-12T18:00,10.9,26.8,329,17
2024-07-12T19:00,9.5,20.7,277,22
2024-07-12T20:00,7.3,20.1,227,12
2024-07-12T21:00,5.9,18.4,215,14
2024-07-12T22:00,4.5,16.0,224,16
2024-07-12T23:00,3.2,13.4,234,19
2024-07-13T00:00,1.5,10.4,250,26
2024-07-13T01:00,-0.5,6.6,279,41
2024-07-13T02:00,-0.5,4.3,318,45
2024-07-13T03:00,-2.0,5.6,333,59
2024-07-13T04:00,-2.9,7.8,326,63
2024-07-13T05:00,-3.5,6.3,301,65
2024-07-13T06:00,-3.6,5.0,291,66
2024-07-13T07:00,-2.3,3.4,288,57
2024-07-13T08:00,1.9,2.5,262,43
2024-07-13T09:00,5.6,4.4,279,26
2024-07-13T10:00,8.6,6.9,313,29
2024-07-13T11:00,11.3,14.1,302,23
2024-07-13T12:00,13.1,9.2,296,20
2024-07-13T13:00,15.4,5.4,266,12
2024-07-13T14:00,16.6,10.9,261,9
2024-07-13T15:00,16.6,9.4,252,10
2024-07-13T16:00,16.6,3.5,246,10
2024-07-13T17:00,15.6,5.0,339,12
2024-07-13T18:00,11.8,8.0,5,24
2024-07-13T19:00,10.2,9.8,234,25
2024-07-13T20:00,9.3,23.2,226,16
2024-07-13T21:00,8.2,20.9,229,12
2024-07-13T22:00,6.8,15.3,219,15
2024-07-13T23:00,5.3,14.3,214,18
2024-07-14T00:00,3.8,13.3,221,20
2024-07-14T01:00,2.5,11.1,234,23
2024-07-14T02:00,0.9,8.9,249,29
2024-07-14T03:00,-0.5,6.6,257,39
2024-07-14T04:00,0.2,4.4,279,34
2024-07-14T05:00,0.2,3.8,311,39
2024-07-14T06:00,-0.5,4.1,308,50
2024-07-14T07:00,-0.3,4.7,302,58
2024-07-14T08:00,3.1,2.6,304,48
2024-07-14T09:00,6.8,2.8,310,30
2024-07-14T10:00,9.4,1.8,360,24
2024-07-14T11:00,11.2,0.4,360,16
2024-07-14T12:00,12.6,2.0,315,14
2024-07-14T13:00,13.7,6.1,270,12
2024-07-14T14:00,14.6,7.1,255,11
2024-07-14T15:00,15.3,7.4,247,10
2024-07-14T16:00,15.7,4.8,257,9
2024-07-14T17:00,15.0,2.9,90,10
2024-07-14T18:00,11.6,9.1,72,21
2024-07-14T19:00,9.2,8.0,144,33
2024-07-14T20:00,7.7,10.1,207,25
2024-07-14T21:00,6.6,10.8,201,19
2024-07-14T22:00,5.4,10.0,210,20
2024-07-14T23:00,5.0,12.6,207,15
2024-07-15T00:00,3.9,12.3,195,17
2024-07-15T01:00,1.7,7.6,188,31
2024-07-15T02:00,2.4,4.8,207,27
2024-07-15T03:00,-0.1,6.3,246,39
2024-07-15T04:00,-0.5,6.2,280,41
2024-07-15T05:00,-1.0,6.5,289,46
2024-07-15T06:00,-1.1,5.8,300,50
2024-07-15T07:00,0.4,4.8,297,47
2024-07-15T08:00,3.6,2.1,301,42
2024-07-15T09:00,7.7,3.8,311,27
2024-07-15T10:00,10.7,6.2,324,19
2024-07-15T11:00,12.8,7.1,336,18
2024-07-15T12:00,14.3,5.4,312,15
2024-07-15T13:00,15.5,9.4,263,12
2024-07-15T14:00,15.8,17.6,259,13
2024-07-15T15:00,16.2,15.3,246,11
2024-07-15T16:00,16.5,8.7,218,8
2024-07-15T17:00,15.5,12.7,133,8
2024-07-15T18:00,11.6,14.1,128,27
2024-07-15T19:00,9.7,11.5,134,30
2024-07-15T20:00,8.2,10.7,123,44
2024-07-15T21:00,6.7,9.0,175,61
2024-07-15T22:00,5.4,7.3,189,65
2024-07-15T23:00,4.3,8.3,182,66
2024-07-16T00:00,3.3,5.8,202,63
2024-07-16T01:00,1.9,7.7,221,55
2024-07-16T02:00,0.8,8.2,229,41
2024-07-16T03:00,1.7,3.3,257,27
2024-07-16T04:00,0.6,5.7,342,44
2024-07-16T05:00,0.6,5.8,7,63
2024-07-16T06:00,1.8,3.0,346,63
2024-07-16T07:00,0.9,2.2,270,69
2024-07-16T08:00,3.3,1.8,191,58
2024-07-16T09:00,7.7,2.2,189,29
2024-07-16T10:00,10.2,1.1,180,29
2024-07-16T11:00,12.0,0.8,153,27
2024-07-16T12:00,13.6,1.5,135,21
2024-07-16T13:00,15.0,1.0,135,17
2024-07-16T14:00,15.8,0.5,135,15
2024-07-16T15:00,15.8,1.5,225,14
2024-07-16T16:00,15.5,3.9,158,15
2024-07-16T17:00,13.9,15.5,94,23
2024-07-16T18:00,10.8,18.2,81,39
2024-07-16T19:00,10.1,15.8,78,42
2024-07-16T20:00,8.7,6.6,77,50
2024-07-16T21:00,7.8,11.1,257,47
2024-07-16T22:00,6.5,7.9,219,47
2024-07-16T23:00,5.7,8.6,195,57
2024-07-17T00:00,4.5,8.7,187,76
2024-07-17T01:00,3.3,6.4,207,86
2024-07-17T02:00,2.9,7.4,231,77
2024-07-17T03:00,2.6,6.9,223,69
2024-07-17T04:00,2.8,6.4,254,64
2024-07-17T05:00,1.8,7.6,273,67
2024-07-17T06:00,1.2,7.7,281,71
2024-07-17T07:00,3.2,5.1,315,64
2024-07-17T08:00,6.3,3.6,307,54
2024-07-17T09:00,8.7,5.2,282,52
2024-07-17T10:00,10.9,6.6,283,44
2024-07-17T11:00,12.8,6.7,324,30
2024-07-17T12:00,14.3,6.8,357,19
2024-07-17T13:00,15.0,5.5,11,17
2024-07-17T14:00,15.4,5.4,8,16
2024-07-17T15:00,15.9,5.4,37,15
2024-07-17T16:00,15.3,15.7,101,17
2024-07-17T17:00,11.8,31.8,100,30
2024-07-17T18:00,10.9,22.7,87,42
2024-07-17T19:00,9.5,19.0,80,51
2024-07-17T20:00,8.4,6.5,84,61
2024-07-17T21:00,7.4,10.0,221,66
2024-07-17T22:00,6.1,10.2,170,76
2024-07-17T23:00,5.3,10.0,131,79
2024-07-18T00:00,4.5,4.1,142,83
2024-07-18T01:00,2.9,6.8,273,90
2024-07-18T02:00,2.4,7.7,281,89
2024-07-18T03:00,2.6,4.8,318,86
2024-07-18T04:00,1.5,6.2,339,92
2024-07-18T05:00,1.1,6.2,350,93
2024-07-18T06:00,0.6,6.5,354,93
2024-07-18T07:00,2.7,6.6,9,84
2024-07-18T08:00,4.7,4.2,340,52
2024-07-18T09:00,8.3,4.8,312,33
2024-07-18T10:00,10.7,5.4,307,30
2024-07-18T11:00,12.5,4.1,308,25
2024-07-18T12:00,13.8,2.8,320,19
2024-07-18T13:00,14.8,3.3,319,16
2024-07-18T14:00,15.7,4.0,360,12
2024-07-18T15:00,16.3,7.3,20,8
2024-07-18T16:00,16.3,5.9,43,8
2024-07-18T17:00,14.5,14.6,99,13
2024-07-18T18:00,10.7,18.4,96,32
2024-07-18T19:00,9.7,18.9,82,52
2024-07-18T20:00,8.3,12.6,87,61
2024-07-18T21:00,6.7,4.7,293,74
2024-07-18T22:00,5.2,7.9,231,75
2024-07-18T23:00,3.7,7.4,203,80
2024-07-19T00:00,4.1,4.3,185,74
2024-07-19T01:00,3.0,1.6,153,80
2024-07-19T02:00,1.5,2.5,270,88
2024-07-19T03:00,1.0,2.5,278,90
2024-07-19T04:00,1.2,2.1,301,87
2024-07-19T05:00,0.4,4.1,15,91
2024-07-19T06:00,-1.8,6.6,22,95
2024-07-19T07:00,-0.4,6.0,25,91
2024-07-19T08:00,2.4,1.8,37,74
2024-07-19T09:00,5.7,1.5,194,60
2024-07-19T10:00,8.3,0.8,243,37
2024-07-19T11:00,10.6,2.6,286,22
2024-07-19T12:00,12.2,3.1,225,18
2024-07-19T13:00,13.6,6.8,198,16
2024-07-19T14:00,14.7,5.1,231,10
2024-07-19T15:00,15.4,2.2,279,6
2024-07-19T16:00,15.6,11.6,64,6
2024-07-19T17:00,13.5,17.0,94,12
2024-07-19T18:00,10.2,16.6,90,38
2024-07-19T19:00,8.7,13.9,73,53
2024-07-19T20:00,7.7,14.0,29,21
2024-07-19T21:00,6.6,15.5,1,23
2024-07-19T22:00,5.5,15.6,7,30
2024-07-19T23:00,4.1,15.5,359,31
2024-07-20T00:00,2.9,14.4,357,32
2024-07-20T01:00,1.4,13.1,352,35
2024-07-20T02:00,0.4,13.3,2,38
2024-07-20T03:00,-0.7,11.9,358,39
2024-07-20T04:00,-1.8,10.9,354,43
2024-07-20T05:00,-2.7,9.8,352,46
2024-07-20T06:00,-3.3,9.6,347,48
2024-07-20T07:00,-1.5,8.7,343,43
2024-07-20T08:00,2.4,8.0,342,27
2024-07-20T09:00,5.8,11.3,333,20
2024-07-20T10:00,9.0,16.1,331,14
2024-07-20T11:00,11.7,22.6,331,13
2024-07-20T12:00,13.0,27.1,337,12
2024-07-20T13:00,13.7,21.5,329,13
2024-07-20T14:00,15.8,19.2,330,11
2024-07-20T15:00,16.5,29.8,340,10
2024-07-20T16:00,15.6,19.2,6,12
2024-07-20T17:00,12.0,17.4,66,27
2024-07-20T18:00,9.0,19.0,80,46
2024-07-20T19:00,8.1,13.0,84,64
2024-07-20T20:00,8.3,12.8,344,30
2024-07-20T21:00,6.6,11.1,331,37
2024-07-20T22:00,5.4,11.3,338,41
2024-07-20T23:00,5.1,14.4,347,41
2024-07-21T00:00,4.4,15.6,345,46
2024-07-21T01:00,3.3,14.8,346,52
2024-07-21T02:00,2.2,13.4,346,57
2024-07-21T03:00,1.0,11.6,344,63
2024-07-21T04:00,-0.2,9.4,342,70
2024-07-21T05:00,-1.3,7.8,338,77
2024-07-21T06:00,-2.0,7.1,330,81
2024-07-21T07:00,0.4,6.1,320,71
2024-07-21T08:00,3.7,6.4,317,58
2024-07-21T09:00,7.0,11.8,322,43
2024-07-21T10:00,9.6,12.4,330,34
2024-07-21T11:00,11.8,14.6,322,28
2024-07-21T12:00,13.0,13.0,316,26
2024-07-21T13:00,14.7,6.6,351,21
2024-07-21T14:00,16.9,19.1,340,14
2024-07-21T15:00,16.3,29.7,324,16
2024-07-21T16:00,16.5,16.8,301,12
2024-07-21T17:00,14.7,22.7,285,17
2024-07-21T18:00,13.0,21.8,286,21
2024-07-21T19:00,10.3,5.6,315,40
2024-07-21T20:00,8.7,6.5,289,37
2024-07-21T21:00,7.3,6.4,286,40
2024-07-21T22:00,6.0,6.2,291,43
2024-07-21T23:00,4.4,6.8,288,49
2024-07-22T00:00,3.5,5.8,263,51
2024-07-22T01:00,4.3,3.2,297,43
2024-07-22T02:00,3.6,2.6,344,48
2024-07-22T03:00,2.6,4.1,345,57
2024-07-22T04:00,0.3,5.7,342,73
2024-07-22T05:00,-1.1,6.8,342,82
2024-07-22T06:00,-1.5,8.3,342,85
2024-07-22T07:00,0.7,7.5,343,78
2024-07-22T08:00,4.5,8.4,335,59
2024-07-22T09:00,7.7,16.3,338,44
2024-07-22T10:00,10.0,18.2,342,35
2024-07-22T11:00,11.9,20.0,337,28
2024-07-22T12:00,13.4,19.8,341,24
2024-07-22T13:00,14.8,27.1,337,21
2024-07-22T14:00,17.2,28.3,316,14
2024-07-22T15:00,17.1,26.5,314,16
2024-07-22T16:00,16.7,20.9,3,15
2024-07-22T17:00,14.5,11.5,340,18
2024-07-22T18:00,12.2,1.8,259,29
2024-07-22T19:00,10.3,8.6,268,30
2024-07-22T20:00,9.6,19.9,312,27
2024-07-22T21:00,8.1,15.8,315,33
2024-07-22T22:00,6.3,12.4,343,39
2024-07-22T23:00,5.4,13.8,353,46
2024-07-23T00:00,4.8,14.6,350,53
2024-07-23T01:00,4.0,13.7,346,57
2024-07-23T02:00,2.9,12.9,342,62
2024-07-23T03:00,1.7,11.6,338,68
2024-07-23T04:00,0.4,8.9,333,76
2024-07-23T05:00,-0.8,6.6,338,82
2024-07-23T06:00,-1.3,6.3,336,82
2024-07-23T07:00,0.6,8.1,347,75
2024-07-23T08:00,4.3,8.2,331,61
2024-07-23T09:00,7.1,11.8,322,46
2024-07-23T10:00,9.5,11.1,324,36
2024-07-23T11:00,11.7,8.7,330,29
2024-07-23T12:00,13.5,8.2,319,25
2024-07-23T13:00,14.7,7.4,313,22
2024-07-23T14:00,15.6,4.5,14,19
2024-07-23T15:00,16.8,9.5,37,14
2024-07-23T16:00,17.4,16.4,345,11
2024-07-23T17:00,16.0,22.2,340,14
2024-07-23T18:00,13.5,11.7,351,18
2024-07-23T19:00,11.2,9.2,339,22
2024-07-23T20:00,11.9,3.8,229,17
2024-07-23T21:00,10.2,0.4,360,21
2024-07-23T22:00,7.5,14.7,234,27
2024-07-23T23:00,6.5,17.9,220,34
2024-07-24T00:00,5.2,13.8,227,31
2024-07-24T01:00,3.5,10.3,234,38
2024-07-24T02:00,1.3,7.2,270,52
2024-07-24T03:00,1.2,4.0,280,56
2024-07-24T04:00,0.2,3.8,229,60
2024-07-24T05:00,-0.2,2.6,254,59
2024-07-24T06:00,-0.8,4.0,265,60
2024-07-24T07:00,-0.1,4.3,312,60
2024-07-24T08:00,3.3,1.1,288,46
2024-07-24T09:00,7.2,1.8,270,31
2024-07-24T10:00,9.8,0.7,360,27
2024-07-24T11:00,11.6,1.5,76,23
2024-07-24T12:00,13.0,1.1,108,20
2024-07-24T13:00,14.4,4.0,360,17
2024-07-24T14:00,15.7,7.7,11,14
2024-07-24T15:00,15.8,9.7,59,15
2024-07-24T16:00,15.0,12.7,97,19
2024-07-24T17:00,13.3,22.6,107,25
2024-07-24T18:00,10.9,25.4,72,41
2024-07-24T19:00,9.9,18.9,77,47
2024-07-24T20:00,8.3,5.1,94,64
2024-07-24T21:00,7.7,11.1,234,57
2024-07-24T22:00,6.2,6.7,196,62
2024-07-24T23:00,5.2,7.5,163,69
2024-07-25T00:00,5.0,4.3,175,78
2024-07-25T01:00,5.4,1.3,56,78
2024-07-25T02:00,5.1,3.2,360,80
2024-07-25T03:00,4.3,3.7,299,83
2024-07-25T04:00,2.6,4.2,290,89
2024-07-25T05:00,1.4,4.7,302,90
2024-07-25T06:00,0.1,5.6,310,91
2024-07-25T07:00,1.5,4.7,337,86
2024-07-25T08:00,5.4,2.4,333,62
2024-07-25T09:00,8.8,5.7,325,45
2024-07-25T10:00,11.3,9.7,318,31
2024-07-25T11:00,13.2,11.2,320,24
2024-07-25T12:00,15.0,13.9,335,19
2024-07-25T13:00,16.8,19.4,345,11
2024-07-25T14:00,16.8,25.2,343,15
2024-07-25T15:00,17.2,21.0,321,13
2024-07-25T16:00,16.8,18.3,315,14
2024-07-25T17:00,16.6,9.8,6,11
2024-07-25T18:00,10.2,29.1,81,50
2024-07-25T19:00,10.0,20.3,78,59
2024-07-25T20:00,9.4,9.2,11,46
2024-07-25T21:00,7.9,9.4,274,57
2024-07-25T22:00,6.5,7.6,225,81
2024-07-25T23:00,6.2,9.8,186,82
2024-07-26T00:00,4.7,7.0,192,77
2024-07-26T01:00,3.5,6.9,219,59
2024-07-26T02:00,3.0,9.7,228,43
2024-07-26T03:00,1.8,8.5,242,49
2024-07-26T04:00,0.9,8.0,262,54
2024-07-26T05:00,-0.2,6.6,279,63
2024-07-26T06:00,0.3,4.5,299,66
2024-07-26T07:00,1.4,4.0,333,69
2024-07-26T08:00,4.9,2.6,326,58
2024-07-26T09:00,8.0,2.4,333,45
2024-07-26T10:00,10.5,2.6,16,35
2024-07-26T11:00,12.1,0.8,63,28
2024-07-26T12:00,13.3,1.0,225,25
2024-07-26T13:00,14.3,5.9,256,21
2024-07-26T14:00,15.1,5.7,252,19
2024-07-26T15:00,15.6,1.1,180,18
2024-07-26T16:00,15.2,11.5,94,19
2024-07-26T17:00,13.3,21.5,76,26
2024-07-26T18:00,12.2,15.0,69,30
2024-07-26T19:00,10.6,12.9,67,37
2024-07-26T20:00,8.9,10.4,182,49
2024-07-26T21:00,7.4,4.0,207,52
2024-07-26T22:00,6.9,4.7,171,51
2024-07-26T23:00,5.5,7.3,160,60
2024-07-27T00:00,4.8,7.6,188,64
2024-07-27T01:00,4.1,10.2,212,60
2024-07-27T02:00,2.8,9.5,209,58
2024-07-27T03:00,1.8,4.8,222,64
2024-07-27T04:00,3.0,2.4,243,52
2024-07-27T05:00,2.6,4.0,275,54
2024-07-27T06:00,1.1,5.8,277,64
2024-07-27T07:00,2.8,6.1,270,56
2024-07-27T08:00,6.1,1.8,281,45
2024-07-27T09:00,8.9,2.3,198,36
2024-07-27T10:00,10.9,3.3,139,41
2024-07-27T11:00,12.8,5.0,90,34
2024-07-27T12:00,14.1,4.6,45,29
2024-07-27T13:00,15.2,3.7,11,24
2024-07-27T14:00,15.9,2.2,360,21
2024-07-27T15:00,16.2,2.5,90,20
2024-07-27T16:00,16.3,9.8,82,21
2024-07-27T17:00,14.3,20.7,83,30
2024-07-27T18:00,11.4,18.4,87,38
2024-07-27T19:00,10.5,19.5,74,60
2024-07-27T20:00,9.4,9.1,83,74
2024-07-27T21:00,8.2,5.0,210,82
2024-07-27T22:00,7.4,10.2,203,85
2024-07-27T23:00,6.5,10.0,165,94
2024-07-28T00:00,5.6,8.9,153,98
2024-07-28T01:00,4.5,6.4,142,100
2024-07-28T02:00,4.4,7.3,123,100
2024-07-28T03:00,4.2,3.9,146,100
2024-07-28T04:00,4.3,5.4,278,99
2024-07-28T05:00,4.2,4.1,285,96
2024-07-28T06:00,3.9,3.4,328,99
2024-07-28T07:00,3.9,3.1,339,99
2024-07-28T08:00,4.0,2.4,27,96
2024-07-28T09:00,6.9,3.2,63,76
2024-07-28T10:00,10.0,1.3,34,56
2024-07-28T11:00,12.8,2.5,352,39
2024-07-28T12:00,14.8,3.4,328,28
2024-07-28T13:00,16.4,4.6,321,20
2024-07-28T14:00,17.2,3.9,304,17
2024-07-28T15:00,17.4,1.5,194,17
2024-07-28T16:00,17.0,6.3,121,18
2024-07-28T17:00,15.2,15.6,75,28
2024-07-28T18:00,12.4,16.3,59,36
2024-07-28T19:00,11.1,14.4,68,62
2024-07-28T20:00,9.8,7.1,131,69
2024-07-28T21:00,8.8,10.2,190,76
2024-07-28T22:00,7.7,8.7,150,86
2024-07-28T23:00,6.5,8.3,182,96
2024-07-29T00:00,5.4,7.3,171,100
2024-07-29T01:00,4.6,6.6,131,100
2024-07-29T02:00,4.9,7.6,85,100
2024-07-29T03:00,5.2,5.2,102,100
2024-07-29T04:00,5.1,1.0,135,99
2024-07-29T05:00,4.9,2.3,231,98
2024-07-29T06:00,4.8,4.3,265,99
2024-07-29T07:00,4.7,6.1,267,98
2024-07-29T08:00,3.9,3.9,236,93
2024-07-29T09:00,5.8,1.8,259,78
2024-07-29T10:00,8.8,2.2,360,60
2024-07-29T11:00,11.4,4.7,23,48
2024-07-29T12:00,13.8,6.3,24,36
2024-07-29T13:00,15.4,3.1,21,28
2024-07-29T14:00,16.5,1.8,169,23
2024-07-29T15:00,16.9,4.0,117,21
2024-07-29T16:00,15.5,12.7,98,29
2024-07-29T17:00,13.1,23.0,89,40
2024-07-29T18:00,11.4,24.1,76,59
2024-07-29T19:00,10.3,22.4,66,71
2024-07-29T20:00,9.6,12.4,82,69
2024-07-29T21:00,8.5,7.1,139,76
2024-07-29T22:00,7.9,1.6,117,79
2024-07-29T23:00,6.8,2.2,261,86
2024-07-30T00:00,4.9,4.7,266,98
2024-07-30T01:00,4.2,5.4,290,100
2024-07-30T02:00,3.5,5.4,307,100
2024-07-30T03:00,3.2,5.1,321,100
2024-07-30T04:00,3.2,6.1,320,99
2024-07-30T05:00,2.8,5.2,326,99
2024-07-30T06:00,2.7,4.6,309,99
2024-07-30T07:00,3.0,5.0,300,99
2024-07-30T08:00,6.0,4.0,265,85
2024-07-30T09:00,8.6,8.4,301,65
2024-07-30T10:00,10.4,9.4,310,50
2024-07-30T11:00,12.2,9.5,307,39
2024-07-30T12:00,14.0,8.4,295,32
2024-07-30T13:00,15.2,6.8,270,27
2024-07-30T14:00,15.8,5.4,274,25
2024-07-30T15:00,16.0,4.0,270,23
2024-07-30T16:00,16.1,3.1,234,21
2024-07-30T17:00,15.7,4.8,63,22
2024-07-30T18:00,12.7,18.7,89,47
2024-07-30T19:00,10.8,19.2,107,55
2024-07-30T20:00,9.9,14.1,184,60
2024-07-30T21:00,9.2,9.4,178,62
2024-07-30T22:00,7.7,8.0,207,73
2024-07-30T23:00,6.4,5.3,118,81
2024-07-31T00:00,5.5,10.0,103,98
2024-07-31T01:00,4.5,7.6,98,98
2024-07-31T02:00,3.8,2.6,146,99
2024-07-31T03:00,2.4,3.8,229,100
2024-07-31T04:00,1.2,1.3,236,100
2024-07-31T05:00,0.1,3.2,333,100
2024-07-31T06:00,0.6,7.4,337,100
2024-07-31T07:00,1.5,7.2,323,99
2024-07-31T08:00,3.8,4.8,318,94
2024-07-31T09:00,7.8,3.6,323,69
2024-07-31T10:00,10.9,3.1,306,42
2024-07-31T11:00,12.8,3.3,257,28
2024-07-31T12:00,14.3,3.1,249,23
2024-07-31T13:00,15.6,4.6,288,19
2024-07-31T14:00,16.1,6.5,304,18
2024-07-31T15:00,16.5,4.1,285,16
2024-07-31T16:00,16.3,3.2,297,15
2024-07-31T17:00,14.2,16.5,54,24
2024-07-31T18:00,11.5,20.0,76,36
2024-07-31T19:00,11.3,18.3,58,48
2024-07-31T20:00,10.1,9.3,118,53
2024-07-31T21:00,9.2,12.5,192,61
2024-07-31T22:00,8.7,11.6,196,59
2024-07-31T23:00,7.9,12.3,195,52
2024-08-01T00:00,6.8,11.1,216,37
2024-08-01T01:00,5.6,11.2,228,36
2024-08-01T02:00,4.5,11.0,229,41
2024-08-01T03:00,3.0,7.2,243,48
2024-08-01T04:00,2.9,4.0,270,50
2024-08-01T05:00,1.9,4.3,228,56
2024-08-01T06:00,0.5,5.3,242,61
2024-08-01T07:00,2.4,5.1,274,51
2024-08-01T08:00,5.9,4.8,297,40
2024-08-01T09:00,9.3,5.9,313,36
2024-08-01T10:00,11.7,7.4,313,31
2024-08-01T11:00,13.5,7.1,311,29
2024-08-01T12:00,15.1,6.5,289,24
2024-08-01T13:00,15.8,7.6,270,20
2024-08-01T14:00,16.2,9.0,254,17
2024-08-01T15:00,16.5,2.5,225,14
2024-08-01T16:00,17.2,6.9,81,10
2024-08-01T17:00,15.3,13.4,70,23
2024-08-01T18:00,12.4,14.9,110,42
2024-08-01T19:00,11.5,6.4,153,37
2024-08-01T20:00,10.5,13.8,213,29
2024-08-01T21:00,9.2,17.6,239,16
2024-08-01T22:00,7.6,18.4,239,21
2024-08-01T23:00,6.3,16.8,227,28
2024-08-02T00:00,5.1,16.0,211,32
2024-08-02T01:00,4.1,14.9,212,35
2024-08-02T02:00,2.9,12.6,217,39
2024-08-02T03:00,1.8,11.2,220,42
2024-08-02T04:00,0.9,10.7,220,45
2024-08-02T05:00,0.0,8.9,230,47
2024-08-02T06:00,-1.0,7.3,261,51
2024-08-02T07:00,1.3,6.0,303,46
2024-08-02T08:00,4.3,4.4,305,33
2024-08-02T09:00,7.7,3.8,311,23
2024-08-02T10:00,10.5,4.7,328,19
2024-08-02T11:00,12.6,5.0,300,14
2024-08-02T12:00,14.1,6.6,279,10
2024-08-02T13:00,15.1,6.8,273,8
2024-08-02T14:00,15.6,2.6,326,7
2024-08-02T15:00,16.5,3.4,32,5
2024-08-02T16:00,17.5,8.4,245,3
2024-08-02T17:00,16.3,27.5,227,4
2024-08-02T18:00,12.8,24.4,196,9
2024-08-02T19:00,11.2,18.3,212,11
2024-08-02T20:00,9.3,15.6,214,12
2024-08-02T21:00,7.5,17.8,216,17
2024-08-02T22:00,6.2,18.8,206,21
2024-08-02T23:00,5.1,18.1,201,24
2024-08-03T00:00,4.2,17.5,199,26
2024-08-03T01:00,3.0,13.5,209,29
2024-08-03T02:00,1.8,10.4,214,33
2024-08-03T03:00,0.6,8.8,215,37
2024-08-03T04:00,-0.6,8.2,229,42
2024-08-03T05:00,-1.4,8.4,239,44
2024-08-03T06:00,-2.1,7.3,261,49
2024-08-03T07:00,0.4,5.4,290,43
2024-08-03T08:00,3.6,4.0,280,36
2024-08-03T09:00,7.0,5.2,326,26
2024-08-03T10:00,9.7,5.7,325,20
2024-08-03T11:00,11.9,4.6,315,16
2024-08-03T12:00,13.7,4.9,324,13
2024-08-03T13:00,14.9,4.3,312,11
2024-08-03T14:00,15.9,5.2,254,10
2024-08-03T15:00,16.4,4.7,212,9
2024-08-03T16:00,16.2,12.1,102,11
2024-08-03T17:00,13.4,22.0,89,19
2024-08-03T18:00,11.0,16.1,66,30
2024-08-03T19:00,9.9,13.4,59,46
2024-08-03T20:00,8.8,10.4,200,56
2024-08-03T21:00,8.2,14.4,212,52
2024-08-03T22:00,7.5,15.0,215,47
2024-08-03T23:00,6.2,13.8,213,32
2024-08-04T00:00,4.9,10.4,226,23
2024-08-04T01:00,4.0,10.4,214,26
2024-08-04T02:00,3.1,12.2,208,30
2024-08-04T03:00,1.0,7.8,236,40
2024-08-04T04:00,0.2,4.9,253,45
2024-08-04T05:00,-0.9,5.5,259,50
2024-08-04T06:00,-1.7,6.3,257,51
2024-08-04T07:00,0.7,4.5,284,40
2024-08-04T08:00,4.2,3.4,302,32
2024-08-04T09:00,7.9,4.1,308,27
2024-08-04T10:00,10.2,6.1,320,34
2024-08-04T11:00,12.4,7.2,307,25
2024-08-04T12:00,14.2,8.8,289,16
2024-08-04T13:00,15.4,11.4,281,12
2024-08-04T14:00,15.9,14.8,269,12
2024-08-04T15:00,16.5,11.1,234,11
2024-08-04T16:00,17.1,3.3,139,7
2024-08-04T17:00,14.2,18.1,84,22
2024-08-04T18:00,11.3,17.6,75,31
2024-08-04T19:00,10.2,6.9,118,53
2024-08-04T20:00,9.6,22.0,220,19
2024-08-04T21:00,8.1,26.7,224,24
2024-08-04T22:00,6.7,22.3,218,34
2024-08-04T23:00,6.3,19.4,220,24
2024-08-05T00:00,5.2,15.4,217,29
2024-08-05T01:00,4.3,14.5,207,33
2024-08-05T02:00,3.1,12.1,203,36
2024-08-05T03:00,1.9,10.0,206,40
2024-08-05T04:00,0.8,8.2,218,45
2024-08-05T05:00,-0.2,6.6,241,52
2024-08-05T06:00,-0.9,6.0,245,56
2024-08-05T07:00,1.4,3.6,270,43
2024-08-05T08:00,4.6,3.4,252,33
2024-08-05T09:00,7.7,4.2,250,25
2024-08-05T10:00,9.7,0.4,270,27
2024-08-05T11:00,11.4,4.2,340,27
2024-08-05T12:00,13.4,7.1,311,24
2024-08-05T13:00,15.1,15.0,287,22
2024-08-05T14:00,15.5,18.1,305,22
2024-08-05T15:00,14.5,20.6,275,23
2024-08-05T16:00,14.0,20.0,244,25
2024-08-05T17:00,13.7,20.4,256,26
2024-08-05T18:00,12.5,24.3,262,29
2024-08-05T19:00,11.4,31.6,233,20
2024-08-05T20:00,9.2,23.6,236,22
2024-08-05T21:00,7.9,20.2,239,28
2024-08-05T22:00,6.9,17.1,231,32
2024-08-05T23:00,6.4,9.2,211,33
2024-08-06T00:00,5.2,9.4,182,37
2024-08-06T01:00,4.1,9.2,201,41
2024-08-06T02:00,3.2,8.7,218,46
2024-08-06T03:00,1.9,7.0,215,54
2024-08-06T04:00,1.0,5.4,228,60
2024-08-06T05:00,0.7,4.3,246,58
2024-08-06T06:00,0.7,3.8,287,56
2024-08-06T07:00,1.6,2.8,310,57
2024-08-06T08:00,4.8,3.3,264,38
2024-08-06T09:00,7.9,6.6,331,41
2024-08-06T10:00,10.6,12.6,329,32
2024-08-06T11:00,12.6,17.1,314,25
2024-08-06T12:00,15.7,31.3,308,14
2024-08-06T13:00,16.5,32.4,302,11
2024-08-06T14:00,15.9,34.5,296,13
2024-08-06T15:00,16.8,41.7,304,12
2024-08-06T16:00,16.0,35.5,303,10
2024-08-06T17:00,14.1,32.0,309,11
2024-08-06T18:00,12.9,22.8,308,13
2024-08-06T19:00,9.7,25.9,235,24
2024-08-06T20:00,7.8,34.0,230,28
2024-08-06T21:00,6.2,27.5,236,32
2024-08-06T22:00,5.3,22.0,232,35
2024-08-06T23:00,4.4,17.5,233,38
2024-08-07T00:00,3.4,12.5,229,41
2024-08-07T01:00,2.1,10.7,228,46
2024-08-07T02:00,0.7,8.8,235,52
2024-08-07T03:00,-0.7,7.3,250,58
2024-08-07T04:00,-1.7,7.2,264,62
2024-08-07T05:00,-2.6,7.3,261,66
2024-08-07T06:00,-3.4,6.6,283,72
2024-08-07T07:00,-2.1,5.2,304,74
2024-08-07T08:00,1.7,4.8,297,53
2024-08-07T09:00,5.9,4.8,297,33
2024-08-07T10:00,8.8,7.7,307,18
2024-08-07T11:00,10.4,11.5,284,12
2024-08-07T12:00,12.0,2.9,270,8
2024-08-07T13:00,15.0,11.4,288,4
2024-08-07T14:00,15.3,26.1,298,4
2024-08-07T15:00,15.7,22.7,299,4
2024-08-07T16:00,15.2,22.5,302,5
2024-08-07T17:00,13.9,16.3,311,7
2024-08-07T18:00,11.9,3.6,53,12
2024-08-07T19:00,9.5,22.9,210,9
2024-08-07T20:00,7.6,22.2,220,10
2024-08-07T21:00,6.2,20.1,209,12
2024-08-07T22:00,5.0,14.7,205,13
2024-08-07T23:00,3.8,13.5,205,14
2024-08-08T00:00,2.1,9.8,197,16
2024-08-08T01:00,0.6,8.7,204,18
2024-08-08T02:00,-0.7,6.5,214,22
2024-08-08T03:00,-0.2,4.8,228,20
2024-08-08T04:00,-2.2,6.3,246,27
2024-08-08T05:00,-3.2,7.7,281,31
2024-08-08T06:00,-3.5,8.2,308,47
2024-08-08T07:00,-1.0,6.4,317,48
2024-08-08T08:00,2.6,4.3,294,28
2024-08-08T09:00,6.4,6.5,270,14
2024-08-08T10:00,9.1,8.0,324,16
2024-08-08T11:00,11.5,11.9,331,18
2024-08-08T12:00,13.2,16.6,312,14
2024-08-08T13:00,15.4,14.2,336,10
2024-08-08T14:00,17.2,35.1,308,8
2024-08-08T15:00,16.7,27.8,304,8
2024-08-08T16:00,15.9,32.3,292,8
2024-08-08T17:00,14.0,29.6,318,14
2024-08-08T18:00,12.2,26.6,332,17
2024-08-08T19:00,11.0,21.9,245,16
2024-08-08T20:00,8.4,20.4,225,10
2024-08-08T21:00,7.4,19.7,211,12
2024-08-08T22:00,6.2,19.1,212,13
2024-08-08T23:00,5.2,14.0,203,16
2024-08-09T00:00,4.0,11.4,204,20
2024-08-09T01:00,3.0,11.7,223,23
2024-08-09T02:00,2.1,12.2,223,25
2024-08-09T03:00,1.1,10.8,217,28
2024-08-09T04:00,-0.2,8.7,218,33
2024-08-09T05:00,-1.1,5.0,249,40
2024-08-09T06:00,-1.4,4.6,315,44
2024-08-09T07:00,0.2,3.8,311,46
2024-08-09T08:00,4.0,3.2,297,33
2024-08-09T09:00,7.7,4.6,315,21
2024-08-09T10:00,10.2,5.6,315,14
2024-08-09T11:00,11.5,4.3,312,15
2024-08-09T12:00,12.7,4.8,333,16
2024-08-09T13:00,13.5,1.6,63,15
2024-08-09T14:00,14.9,7.2,117,14
2024-08-09T15:00,16.0,2.2,81,13
2024-08-09T16:00,17.3,10.6,252,13
2024-08-09T17:00,15.9,15.1,198,10
2024-08-09T18:00,13.2,13.8,171,13
2024-08-09T19:00,11.5,14.6,190,20
2024-08-09T20:00,10.1,16.8,215,15
2024-08-09T21:00,8.7,15.1,220,10
2024-08-09T22:00,7.3,16.5,212,11
2024-08-09T23:00,6.3,15.8,210,13
2024-08-10T00:00,5.2,13.7,207,16
2024-08-10T01:00,3.9,11.0,203,19
2024-08-10T02:00,3.6,7.9,227,23
2024-08-10T03:00,4.3,6.5,251,23
2024-08-10T04:00,2.8,5.8,270,35
2024-08-10T05:00,1.9,5.1,262,38
2024-08-10T06:00,1.2,4.9,253,40
2024-08-10T07:00,2.6,3.4,302,36
2024-08-10T08:00,5.2,4.3,312,30
2024-08-10T09:00,8.7,4.1,315,19
2024-08-10T10:00,11.0,4.9,306,14
2024-08-10T11:00,12.6,6.5,276,13
2024-08-10T12:00,13.7,5.1,278,14
2024-08-10T13:00,15.0,1.9,338,12
2024-08-10T14:00,16.5,2.9,7,11
2024-08-10T15:00,17.3,22.0,232,9
2024-08-10T16:00,16.4,28.7,235,9
2024-08-10T17:00,14.4,30.3,217,9
2024-08-10T18:00,12.4,24.8,204,10
2024-08-10T19:00,10.7,25.5,216,12
2024-08-10T20:00,9.3,22.9,217,14
2024-08-10T21:00,7.9,21.7,223,16
2024-08-10T22:00,6.8,17.3,222,19
2024-08-10T23:00,5.9,14.8,221,22
2024-08-11T00:00,5.2,14.7,216,23
2024-08-11T01:00,4.3,13.4,204,26
2024-08-11T02:00,3.2,12.6,204,29
2024-08-11T03:00,2.1,10.5,211,33
2024-08-11T04:00,0.8,7.9,219,39
2024-08-11T05:00,0.4,6.0,253,42
2024-08-11T06:00,-0.8,7.3,281,47
2024-08-11T07:00,1.5,5.6,297,43
2024-08-11T08:00,4.4,5.6,297,31
2024-08-11T09:00,7.5,6.2,324,24
2024-08-11T10:00,9.9,6.8,328,19
2024-08-11T11:00,11.9,6.1,332,17
2024-08-11T12:00,13.8,6.8,342,14
2024-08-11T13:00,15.2,4.2,340,13
2024-08-11T14:00,16.1,1.5,284,12
2024-08-11T15:00,16.9,8.3,85,11
2024-08-11T16:00,15.2,31.0,88,17
2024-08-11T17:00,12.6,26.2,98,17
2024-08-11T18:00,10.9,22.7,80,31
2024-08-11T19:00,10.4,24.2,79,53
2024-08-11T20:00,9.3,14.0,108,57
2024-08-11T21:00,7.6,16.2,180,69
2024-08-11T22:00,6.9,15.1,162,80
2024-08-11T23:00,5.9,12.4,172,90
2024-08-12T00:00,5.2,14.3,198,95
2024-08-12T01:00,4.4,14.2,187,96
2024-08-12T02:00,4.0,13.3,193,96
2024-08-12T03:00,3.5,12.3,212,95
2024-08-12T04:00,3.0,11.0,229,95
2024-08-12T05:00,2.6,9.6,257,94
2024-08-12T06:00,2.4,11.0,289,93
2024-08-12T07:00,3.9,11.6,306,84
2024-08-12T08:00,6.4,14.3,288,71
2024-08-12T09:00,8.2,11.0,311,54
2024-08-12T10:00,10.1,10.0,330,43
2024-08-12T11:00,12.4,11.7,315,34
2024-08-12T12:00,14.3,16.7,323,25
2024-08-12T13:00,15.8,20.1,333,19
2024-08-12T14:00,16.8,21.7,328,16
2024-08-12T15:00,17.8,17.4,322,13
2024-08-12T16:00,17.9,22.2,295,12
2024-08-12T17:00,15.2,33.0,281,18
2024-08-12T18:00,13.7,20.9,294,20
2024-08-12T19:00,13.0,23.1,293,21
2024-08-12T20:00,11.7,22.4,296,25
2024-08-12T21:00,10.2,12.2,272,29
2024-08-12T22:00,7.3,6.6,209,55
2024-08-12T23:00,6.1,10.7,192,87
2024-08-13T00:00,5.3,14.3,152,90
2024-08-13T01:00,4.5,12.2,146,93
2024-08-13T02:00,3.7,7.4,151,93
2024-08-13T03:00,4.2,2.2,180,91
2024-08-13T04:00,3.6,3.3,264,93
2024-08-13T05:00,2.2,4.1,285,100
2024-08-13T06:00,2.1,3.9,326,100
2024-08-13T07:00,3.4,3.4,328,98
2024-08-13T08:00,5.3,4.8,333,89
2024-08-13T09:00,8.9,8.4,350,59
2024-08-13T10:00,11.0,5.8,356,41
2024-08-13T11:00,12.8,5.2,326,31
2024-08-13T12:00,14.3,8.9,284,27
2024-08-13T13:00,16.0,16.2,274,22
2024-08-13T14:00,16.9,14.3,245,18
2024-08-13T15:00,17.5,6.5,183,15
2024-08-13T16:00,16.4,7.7,229,15
2024-08-13T17:00,16.1,12.1,300,16
2024-08-13T18:00,13.8,5.0,30,24
2024-08-13T19:00,13.2,20.4,229,21
2024-08-13T20:00,11.8,16.1,207,25
2024-08-13T21:00,10.1,15.6,209,25
2024-08-13T22:00,9.1,18.1,201,27
2024-08-13T23:00,8.1,16.3,202,31
2024-08-14T00:00,7.2,17.3,197,36
2024-08-14T01:00,6.2,14.2,207,42
2024-08-14T02:00,5.2,11.6,206,46
2024-08-14T03:00,4.0,9.5,205,52
2024-08-14T04:00,2.7,7.6,211,60
2024-08-14T05:00,1.8,5.5,238,66
2024-08-14T06:00,1.1,5.4,266,70
2024-08-14T07:00,3.3,4.3,270,61
2024-08-14T08:00,6.5,5.1,262,46
2024-08-14T09:00,9.8,6.3,294,34
2024-08-14T10:00,11.9,5.9,317,28
2024-08-14T11:00,13.6,6.3,336,24
2024-08-14T12:00,15.2,6.9,332,21
2024-08-14T13:00,16.6,7.7,323,18
2024-08-14T14:00,17.4,6.3,329,16
2024-08-14T15:00,17.9,0.0,270,15
2024-08-14T16:00,17.9,7.9,156,12
2024-08-14T17:00,15.2,17.0,73,28
2024-08-14T18:00,12.5,19.8,80,42
2024-08-14T19:00,11.5,19.6,97,53
2024-08-14T20:00,10.6,7.1,131,60
2024-08-14T21:00,9.3,9.8,186,65
2024-08-14T22:00,8.8,17.2,151,65
2024-08-14T23:00,7.7,15.3,161,86
2024-08-15T00:00,6.6,12.3,185,94
2024-08-15T01:00,5.6,10.1,197,85
2024-08-15T02:00,4.6,9.2,219,60
2024-08-15T03:00,3.5,6.7,234,44
2024-08-15T04:00,2.9,3.9,214,45
2024-08-15T05:00,2.3,4.6,231,48
2024-08-15T06:00,1.5,5.9,256,54
2024-08-15T07:00,3.9,4.0,265,47
2024-08-15T08:00,6.7,2.9,300,40
2024-08-15T09:00,9.5,3.6,307,42
2024-08-15T10:00,11.4,2.3,18,47
2024-08-15T11:00,12.9,1.8,349,40
2024-08-15T12:00,14.1,1.6,297,34
2024-08-15T13:00,15.0,0.5,45,29
2024-08-15T14:00,15.8,5.1,98,26
2024-08-15T15:00,16.6,9.7,105,24
2024-08-15T16:00,16.4,15.4,101,24
2024-08-15T17:00,14.1,24.2,86,36
2024-08-15T18:00,12.2,22.7,86,46
2024-08-15T19:00,11.0,21.1,82,59
2024-08-15T20:00,9.6,15.5,77,71
2024-08-15T21:00,8.6,4.3,90,72
2024-08-15T22:00,7.6,10.7,213,78
2024-08-15T23:00,6.5,12.8,196,90
2024-08-16T00:00,5.9,10.2,198,93
2024-08-16T01:00,5.0,6.9,189,94
2024-08-16T02:00,5.6,1.8,180,90
2024-08-16T03:00,4.9,2.8,310,95
2024-08-16T04:00,2.7,5.8,292,100
2024-08-16T05:00,3.0,4.6,288,100
2024-08-16T06:00,2.8,4.1,322,100
2024-08-16T07:00,3.3,4.3,360,99
2024-08-16T08:00,7.0,5.8,4,70
2024-08-16T09:00,9.8,7.3,349,45
2024-08-16T10:00,12.2,7.9,344,32
2024-08-16T11:00,14.1,6.9,332,25
2024-08-16T12:00,15.5,6.4,317,20
2024-08-16T13:00,16.5,5.5,349,18
2024-08-16T14:00,17.3,7.6,25,15
2024-08-16T15:00,17.8,10.0,38,12
2024-08-16T16:00,17.5,11.5,41,11
2024-08-16T17:00,16.5,15.8,45,11
2024-08-16T18:00,12.2,24.1,88,38
2024-08-16T19:00,10.9,19.1,87,46
2024-08-16T20:00,10.1,13.3,71,54
2024-08-16T21:00,9.5,1.1,90,56
2024-08-16T22:00,7.8,10.8,184,69
2024-08-16T23:00,6.4,12.6,178,88
2024-08-17T00:00,5.4,7.9,183,95
2024-08-17T01:00,5.0,3.3,139,96
2024-08-17T02:00,4.4,3.6,135,99
2024-08-17T03:00,4.5,2.5,262,100
2024-08-17T04:00,2.9,8.1,302,100
2024-08-17T05:00,2.4,6.1,320,99
2024-08-17T06:00,1.6,6.2,350,99
2024-08-17T07:00,1.8,6.5,357,98
2024-08-17T08:00,6.4,2.4,333,74
2024-08-17T09:00,8.8,3.4,328,62
2024-08-17T10:00,10.9,5.6,320,48
2024-08-17T11:00,13.0,6.4,322,32
2024-08-17T12:00,14.6,5.5,328,22
2024-08-17T13:00,15.6,4.3,355,19
2024-08-17T14:00,16.7,6.3,31,16
2024-08-17T15:00,17.0,11.8,40,15
2024-08-17T16:00,16.4,10.7,48,14
2024-08-17T17:00,14.3,19.9,107,24
2024-08-17T18:00,11.1,27.7,91,49
2024-08-17T19:00,10.4,24.6,84,55
2024-08-17T20:00,9.7,12.1,80,55
2024-08-17T21:00,8.3,2.9,120,70
2024-08-17T22:00,7.3,11.7,189,72
2024-08-17T23:00,6.3,15.2,187,86
2024-08-18T00:00,5.5,9.2,159,94
2024-08-18T01:00,4.8,10.2,170,97
2024-08-18T02:00,4.5,10.8,176,97
2024-08-18T03:00,3.7,8.8,199,99
2024-08-18T04:00,2.5,6.6,209,93
2024-08-18T05:00,1.6,4.9,216,84
2024-08-18T06:00,0.8,2.6,304,79
2024-08-18T07:00,2.1,4.6,342,75
2024-08-18T08:00,4.3,5.9,317,82
2024-08-18T09:00,7.7,4.3,336,67
2024-08-18T10:00,10.7,4.7,351,51
2024-08-18T11:00,12.9,4.0,5,36
2024-08-18T12:00,14.7,2.9,360,24
2024-08-18T13:00,15.8,4.0,333,18
2024-08-18T14:00,16.0,3.8,311,16
2024-08-18T15:00,16.5,4.8,318,15
2024-08-18T16:00,16.9,5.1,8,14
2024-08-18T17:00,15.2,19.9,58,20
2024-08-18T18:00,12.0,22.4,71,37
2024-08-18T19:00,11.2,26.1,67,56
2024-08-18T20:00,10.0,16.9,61,55
2024-08-18T21:00,8.9,4.4,145,63
2024-08-18T22:00,8.0,11.3,149,71
2024-08-18T23:00,6.7,10.7,138,86
2024-08-19T00:00,5.8,8.4,137,95
2024-08-19T01:00,4.8,5.5,148,100
2024-08-19T02:00,4.2,3.3,193,100
2024-08-19T03:00,4.6,2.6,196,100
2024-08-19T04:00,4.1,1.4,270,100
2024-08-19T05:00,3.9,1.6,333,99
2024-08-19T06:00,4.2,3.0,14,100
2024-08-19T07:00,4.4,1.1,288,99
2024-08-19T08:00,4.7,6.5,199,95
2024-08-19T09:00,6.7,3.7,209,82
2024-08-19T10:00,10.0,3.2,297,59
2024-08-19T11:00,12.4,3.9,304,42
2024-08-19T12:00,14.8,6.3,336,30
2024-08-19T13:00,16.2,8.0,350,24
2024-08-19T14:00,17.1,9.3,332,20
2024-08-19T15:00,18.1,10.9,333,18
2024-08-19T16:00,15.2,23.3,81,32
2024-08-19T17:00,12.9,27.4,88,44
2024-08-19T18:00,11.8,26.8,78,47
2024-08-19T19:00,12.4,19.2,60,50
2024-08-19T20:00,11.2,15.6,61,51
2024-08-19T21:00,9.7,8.8,81,57
2024-08-19T22:00,8.0,6.8,162,69
2024-08-19T23:00,7.1,8.6,178,82
2024-08-20T00:00,6.5,10.4,182,93
2024-08-20T01:00,5.9,11.6,164,98
2024-08-20T02:00,5.4,9.5,143,97
2024-08-20T03:00,5.1,1.5,76,99
2024-08-20T04:00,4.6,10.8,307,99
2024-08-20T05:00,4.1,6.1,267,100
2024-08-20T06:00,3.3,5.1,356,100
2024-08-20T07:00,3.4,5.2,12,97
2024-08-20T08:00,7.6,10.2,337,54
2024-08-20T09:00,10.5,12.1,330,43
2024-08-20T10:00,13.1,16.5,328,32
2024-08-20T11:00,15.2,17.6,337,24
2024-08-20T12:00,16.8,20.1,339,17
2024-08-20T13:00,18.1,22.4,336,12
2024-08-20T14:00,18.6,23.9,339,14
2024-08-20T15:00,18.9,25.8,335,13
2024-08-20T16:00,18.3,22.1,344,12
2024-08-20T17:00,18.9,22.7,312,11
2024-08-20T18:00,15.2,13.7,273,16
2024-08-20T19:00,12.7,10.5,38,27
2024-08-20T20:00,12.0,2.2,90,30
2024-08-20T21:00,9.6,14.0,206,32
2024-08-20T22:00,8.3,15.2,211,38
2024-08-20T23:00,7.5,14.9,212,48
2024-08-21T00:00,6.7,12.9,210,40
2024-08-21T01:00,5.8,14.0,206,41
2024-08-21T02:00,4.7,11.6,210,45
2024-08-21T03:00,3.2,8.7,218,53
2024-08-21T04:00,2.0,6.4,227,63
2024-08-21T05:00,1.3,6.4,243,66
2024-08-21T06:00,0.7,5.4,262,69
2024-08-21T07:00,3.2,3.0,284,58
2024-08-21T08:00,7.0,4.6,252,42
2024-08-21T09:00,10.0,6.2,263,34
2024-08-21T10:00,11.8,4.5,299,30
2024-08-21T11:00,13.4,8.2,345,27
2024-08-21T12:00,15.0,11.2,315,25
2024-08-21T13:00,16.5,14.0,293,21
2024-08-21T14:00,19.5,10.9,304,12
2024-08-21T15:00,21.4,16.4,303,9
2024-08-21T16:00,20.6,23.3,261,11
2024-08-21T17:00,18.9,18.0,241,14
2024-08-21T18:00,16.6,3.9,338,25
2024-08-21T19:00,14.3,18.3,212,21
2024-08-21T20:00,12.6,23.7,229,25
2024-08-21T21:00,10.2,15.0,191,29
2024-08-21T22:00,8.9,17.6,180,33
2024-08-21T23:00,8.0,18.3,196,37
2024-08-22T00:00,6.8,14.0,215,40
2024-08-22T01:00,5.5,14.2,210,43
2024-08-22T02:00,4.5,13.4,216,46
2024-08-22T03:00,3.6,11.7,223,49
2024-08-22T04:00,2.5,9.2,228,55
2024-08-22T05:00,1.1,5.5,259,65
2024-08-22T06:00,0.5,5.3,298,71
2024-08-22T07:00,2.7,3.3,283,66
2024-08-22T08:00,6.1,3.0,256,47
2024-08-22T09:00,9.8,3.5,294,35
2024-08-22T10:00,12.4,5.0,339,28
2024-08-22T11:00,14.8,5.6,320,17
2024-08-22T12:00,16.5,6.4,317,15
2024-08-22T13:00,18.2,4.1,308,12
2024-08-22T14:00,20.6,9.1,252,5
2024-08-22T15:00,21.2,27.0,233,4
2024-08-22T16:00,20.6,30.9,222,3
2024-08-22T17:00,18.1,25.5,209,4
2024-08-22T18:00,15.3,27.8,217,7
2024-08-22T19:00,13.2,21.1,213,11
2024-08-22T20:00,11.3,19.3,204,10
2024-08-22T21:00,9.5,19.5,192,11
2024-08-22T22:00,7.9,19.1,184,12
2024-08-22T23:00,6.4,17.3,180,15
2024-08-23T00:00,5.0,13.0,182,18
2024-08-23T01:00,3.2,10.8,195,24
2024-08-23T02:00,0.8,7.4,219,35
2024-08-23T03:00,-0.2,6.1,267,34
2024-08-23T04:00,-1.4,7.2,276,35
2024-08-23T05:00,-2.1,8.8,282,35
2024-08-23T06:00,-2.8,9.7,301,43
2024-08-23T07:00,0.5,6.4,308,39
2024-08-23T08:00,4.9,4.2,301,27
2024-08-23T09:00,9.1,7.1,319,14
2024-08-23T10:00,12.5,10.5,333,7
2024-08-23T11:00,15.0,8.9,333,5
2024-08-23T12:00,16.7,6.4,317,4
2024-08-23T13:00,18.1,5.2,286,4
2024-08-23T14:00,19.1,5.4,266,3
2024-08-23T15:00,19.5,4.0,275,3
2024-08-23T16:00,19.4,1.8,53,3
2024-08-23T17:00,18.1,12.2,71,6
2024-08-23T18:00,13.3,15.4,101,17
2024-08-23T19:00,11.8,12.1,150,24
2024-08-23T20:00,9.7,13.2,169,33
2024-08-23T21:00,8.0,9.2,169,40
2024-08-23T22:00,6.9,10.0,167,39
2024-08-23T23:00,5.6,8.6,178,37
2024-08-24T00:00,4.1,7.8,193,24
2024-08-24T01:00,2.6,5.8,210,24
2024-08-24T02:00,3.0,3.7,259,19
2024-08-24T03:00,0.4,4.6,315,36
2024-08-24T04:00,-2.2,7.8,326,80
2024-08-24T05:00,-2.6,8.1,339,99
2024-08-24T06:00,-2.3,7.3,327,99
2024-08-24T07:00,1.2,6.9,321,95
2024-08-24T08:00,1.2,5.6,310,92
2024-08-24T09:00,6.2,5.0,291,58
2024-08-24T10:00,10.4,4.6,309,29
2024-08-24T11:00,13.0,4.7,302,16
2024-08-24T12:00,14.8,3.1,306,12
2024-08-24T13:00,16.1,1.3,146,11
2024-08-24T14:00,17.0,5.2,155,8
2024-08-24T15:00,17.5,7.7,139,5
2024-08-24T16:00,17.4,10.8,105,6
2024-08-24T17:00,15.4,17.0,85,12
2024-08-24T18:00,11.6,20.0,83,46
2024-08-24T19:00,10.6,16.7,83,59
2024-08-24T20:00,9.6,8.7,120,75
2024-08-24T21:00,8.4,7.6,161,85
2024-08-24T22:00,7.4,7.5,197,91
2024-08-24T23:00,6.7,9.8,188,96
2024-08-25T00:00,6.3,9.4,176,100
2024-08-25T01:00,5.9,5.2,196,100
2024-08-25T02:00,5.7,4.5,241,99
2024-08-25T03:00,5.4,4.8,312,98
2024-08-25T04:00,5.1,9.7,333,97
2024-08-25T05:00,4.9,8.4,340,96
2024-08-25T06:00,4.5,8.0,333,98
2024-08-25T07:00,4.7,7.1,336,95
2024-08-25T08:00,4.6,1.6,297,85
2024-08-25T09:00,7.8,1.5,284,66
2024-08-25T10:00,11.3,4.4,325,46
2024-08-25T11:00,14.0,6.6,319,34
2024-08-25T12:00,15.9,5.1,315,26
2024-08-25T13:00,17.4,1.1,342,21
2024-08-25T14:00,18.3,6.3,114,18
2024-08-25T15:00,18.6,11.2,111,17
2024-08-25T16:00,17.8,16.7,97,19
2024-08-25T17:00,14.4,27.4,88,35
2024-08-25T18:00,12.2,24.5,90,50
2024-08-25T19:00,10.5,17.7,94,61
2024-08-25T20:00,9.6,7.6,109,72
2024-08-25T21:00,8.7,10.3,209,77
2024-08-25T22:00,7.8,14.0,198,82
2024-08-25T23:00,7.1,12.8,169,86
2024-08-26T00:00,6.2,12.5,139,91
2024-08-26T01:00,5.6,1.5,76,95
2024-08-26T02:00,4.4,4.0,27,99
2024-08-26T03:00,4.4,8.5,332,97
2024-08-26T04:00,3.4,5.4,356,98
2024-08-26T05:00,2.8,5.7,18,95
2024-08-26T06:00,2.2,6.9,6,91
2024-08-26T07:00,4.6,4.2,340,74
2024-08-26T08:00,7.5,5.1,321,60
2024-08-26T09:00,10.0,5.1,315,49
2024-08-26T10:00,12.4,2.9,300,33
2024-08-26T11:00,14.5,3.3,264,24
2024-08-26T12:00,16.3,4.0,243,20
2024-08-26T13:00,17.8,6.4,243,14
2024-08-26T14:00,18.6,7.2,267,11
2024-08-26T15:00,19.0,6.5,289,11
2024-08-26T16:00,18.4,6.5,56,11
2024-08-26T17:00,16.0,22.4,85,16
2024-08-26T18:00,13.7,19.9,86,23
2024-08-26T19:00,12.8,17.6,55,37
2024-08-26T20:00,11.6,12.0,229,41
2024-08-26T21:00,12.3,15.8,215,16
2024-08-26T22:00,10.3,13.5,205,21
2024-08-26T23:00,9.0,15.9,205,22
2024-08-27T00:00,8.2,19.5,210,24
2024-08-27T01:00,7.4,16.3,215,29
2024-08-27T02:00,6.0,11.7,227,36
2024-08-27T03:00,4.7,9.9,224,43
2024-08-27T04:00,3.8,8.5,216,49
2024-08-27T05:00,4.1,4.0,270,49
2024-08-27T06:00,2.5,5.4,312,60
2024-08-27T07:00,4.9,4.3,312,53
2024-08-27T08:00,8.5,5.4,323,37
2024-08-27T09:00,11.4,7.0,325,31
2024-08-27T10:00,13.5,5.1,278,25
2024-08-27T11:00,15.3,6.3,239,21
2024-08-27T12:00,16.8,7.0,249,17
2024-08-27T13:00,18.0,8.1,291,13
2024-08-27T14:00,18.8,8.8,351,12
2024-08-27T15:00,19.3,13.9,31,11
2024-08-27T16:00,18.7,18.1,41,12
2024-08-27T17:00,17.6,15.5,46,13
2024-08-27T18:00,15.5,17.6,64,24
2024-08-27T19:00,12.4,11.4,162,48
2024-08-27T20:00,12.4,20.6,184,49
2024-08-27T21:00,10.3,13.2,158,43
2024-08-27T22:00,9.3,7.8,193,46
2024-08-27T23:00,9.0,12.2,204,39
2024-08-28T00:00,8.1,10.9,186,33
2024-08-28T01:00,6.4,9.0,164,49
2024-08-28T02:00,5.0,7.8,158,84
2024-08-28T03:00,3.7,5.5,203,97
2024-08-28T04:00,3.1,4.5,256,90
2024-08-28T05:00,2.4,4.4,279,80
2024-08-28T06:00,2.0,3.6,276,73
2024-08-28T07:00,4.4,3.1,291,58
2024-08-28T08:00,7.9,1.8,259,50
2024-08-28T09:00,10.5,1.9,248,39
2024-08-28T10:00,12.5,0.8,297,33
2024-08-28T11:00,14.4,3.5,336,26
2024-08-28T12:00,16.2,7.8,338,19
2024-08-28T13:00,17.7,8.7,336,16
2024-08-28T14:00,19.0,8.7,353,12
2024-08-28T15:00,19.2,15.8,27,8
2024-08-28T16:00,17.3,21.7,69,19
2024-08-28T17:00,13.7,34.2,90,33
2024-08-28T18:00,12.8,27.0,92,46
2024-08-28T19:00,12.6,18.9,77,38
2024-08-28T20:00,11.1,9.2,116,55
2024-08-28T21:00,9.6,13.7,178,68
2024-08-28T22:00,8.3,15.4,169,86
2024-08-28T23:00,7.2,11.8,157,89
2024-08-29T00:00,6.4,12.4,144,94
2024-08-29T01:00,5.8,11.4,152,96
2024-08-29T02:00,5.2,10.8,150,97
2024-08-29T03:00,4.2,7.6,172,98
2024-08-29T04:00,3.0,4.6,219,100
2024-08-29T05:00,2.8,5.8,277,100
2024-08-29T06:00,2.0,4.8,283,99
2024-08-29T07:00,3.0,5.2,295,96
2024-08-29T08:00,5.1,5.9,308,57
2024-08-29T09:00,9.4,4.2,301,37
2024-08-29T10:00,12.0,5.1,352,34
2024-08-29T11:00,14.1,6.8,342,26
2024-08-29T12:00,15.9,7.7,332,21
2024-08-29T13:00,17.9,8.5,332,15
2024-08-29T14:00,19.6,13.8,353,7
2024-08-29T15:00,19.0,18.8,12,8
2024-08-29T16:00,15.8,28.5,74,27
2024-08-29T17:00,13.1,36.5,85,42
2024-08-29T18:00,12.7,24.7,82,44
2024-08-29T19:00,12.1,13.4,98,48
2024-08-29T20:00,10.4,23.1,203,61
2024-08-29T21:00,8.9,21.3,169,65
2024-08-29T22:00,7.9,14.1,161,77
2024-08-29T23:00,6.9,11.6,154,85
2024-08-30T00:00,6.2,8.7,150,91
2024-08-30T01:00,5.1,7.3,189,96
2024-08-30T02:00,4.4,5.5,203,97
2024-08-30T03:00,4.6,3.3,221,96
2024-08-30T04:00,4.5,1.5,315,98
2024-08-30T05:00,3.0,5.1,321,100
2024-08-30T06:00,2.5,6.4,317,100
2024-08-30T07:00,4.6,4.9,306,98
2024-08-30T08:00,4.7,4.3,294,91
2024-08-30T09:00,8.7,3.4,288,66
2024-08-30T10:00,11.4,5.4,352,46
2024-08-30T11:00,13.9,6.2,353,29
2024-08-30T12:00,15.9,5.1,315,20
2024-08-30T13:00,16.9,6.1,273,16
2024-08-30T14:00,18.2,7.4,241,14
2024-08-30T15:00,18.8,9.6,236,14
2024-08-30T16:00,16.3,17.9,99,21
2024-08-30T17:00,14.0,29.5,89,29
2024-08-30T18:00,12.4,30.0,66,49
2024-08-30T19:00,11.5,22.3,56,52
2024-08-30T20:00,10.2,14.7,211,58
2024-08-30T21:00,9.3,19.1,158,72
2024-08-30T22:00,8.1,10.8,178,80
2024-08-30T23:00,6.9,11.9,182,89
2024-08-31T00:00,6.1,11.9,155,92
2024-08-31T01:00,5.2,6.7,196,93
2024-08-31T02:00,4.8,6.5,289,96
2024-08-31T03:00,4.3,7.8,283,97
2024-08-31T04:00,3.8,7.3,261,99
2024-08-31T05:00,3.0,4.3,294,98
2024-08-31T06:00,3.3,6.0,327,100
2024-08-31T07:00,4.0,6.3,336,97
2024-08-31T08:00,6.4,6.1,360,77
2024-08-31T09:00,9.7,8.3,355,56
2024-08-31T10:00,12.4,10.0,334,38
2024-08-31T11:00,14.7,14.3,319,27
2024-08-31T12:00,16.6,19.4,329,18
2024-08-31T13:00,18.0,29.5,336,13
2024-08-31T14:00,19.0,30.3,323,13
2024-08-31T15:00,18.9,21.2,339,11
2024-08-31T16:00,17.4,19.7,40,15
2024-08-31T17:00,12.4,30.9,82,49
2024-08-31T18:00,12.5,28.7,83,46
2024-08-31T19:00,12.3,19.2,34,31
2024-08-31T20:00,10.4,18.3,306,41
2024-08-31T21:00,7.7,16.7,237,71
2024-08-31T22:00,7.0,19.9,186,75
2024-08-31T23:00,6.4,19.9,175,78
2024-09-01T00:00,5.8,13.0,185,79
2024-09-01T01:00,5.0,9.2,206,84
2024-09-01T02:00,4.1,7.1,229,81
2024-09-01T03:00,3.5,8.3,265,70
2024-09-01T04:00,2.7,8.1,283,61
2024-09-01T05:00,1.5,5.1,315,72
2024-09-01T06:00,1.1,6.0,343,81
2024-09-01T07:00,4.0,6.6,351,63
2024-09-01T08:00,6.9,13.2,334,48
2024-09-01T09:00,9.2,11.6,324,42
2024-09-01T10:00,11.2,11.8,322,32
2024-09-01T11:00,12.7,14.3,313,28
2024-09-01T12:00,15.1,22.4,323,20
2024-09-01T13:00,16.8,25.8,330,17
2024-09-01T14:00,17.2,26.3,324,17
2024-09-01T15:00,17.6,16.6,333,15
2024-09-01T16:00,14.6,19.4,72,31
2024-09-01T17:00,12.6,28.1,92,43
2024-09-01T18:00,12.8,24.7,77,35
2024-09-01T19:00,11.6,27.2,43,41
2024-09-01T20:00,9.9,11.2,360,52
2024-09-01T21:00,8.3,5.9,14,61
2024-09-01T22:00,7.5,7.2,276,70
2024-09-01T23:00,5.7,11.6,216,84
2024-09-02T00:00,4.9,9.5,217,91
2024-09-02T01:00,4.4,10.0,218,93
2024-09-02T02:00,4.0,9.5,209,94
2024-09-02T03:00,3.4,6.9,208,95
2024-09-02T04:00,3.0,4.3,222,95
2024-09-02T05:00,3.1,4.5,284,95
2024-09-02T06:00,3.9,6.6,319,94
2024-09-02T07:00,5.3,4.9,324,86
2024-09-02T08:00,5.4,5.0,330,81
2024-09-02T09:00,9.0,9.5,331,53
2024-09-02T10:00,11.5,11.2,312,40
2024-09-02T11:00,12.9,11.3,333,33
2024-09-02T12:00,14.1,14.1,357,30
2024-09-02T13:00,15.3,13.3,13,25
2024-09-02T14:00,15.9,11.6,22,23
2024-09-02T15:00,16.1,7.3,57,21
2024-09-02T16:00,15.0,12.3,97,27
2024-09-02T17:00,13.7,16.7,65,32
2024-09-02T18:00,12.6,11.2,94,41
2024-09-02T19:00,10.8,19.7,149,57
2024-09-02T20:00,9.4,16.8,157,67
2024-09-02T21:00,8.2,8.8,168,77
2024-09-02T22:00,6.4,5.4,176,89
2024-09-02T23:00,5.6,7.5,197,80
2024-09-03T00:00,5.4,9.6,200,39
2024-09-03T01:00,4.8,12.1,207,35
2024-09-03T02:00,4.0,10.8,217,41
2024-09-03T03:00,2.6,8.1,225,51
2024-09-03T04:00,1.4,5.1,231,62
2024-09-03T05:00,0.6,6.0,237,66
2024-09-03T06:00,0.6,7.3,250,64
2024-09-03T07:00,3.5,5.0,270,51
2024-09-03T08:00,6.5,1.4,270,38
2024-09-03T09:00,9.4,2.8,230,29
2024-09-03T10:00,11.2,1.9,112,32
2024-09-03T11:00,13.0,4.2,70,30
2024-09-03T12:00,14.6,4.1,45,26
2024-09-03T13:00,15.8,5.8,83,24
2024-09-03T14:00,16.3,14.8,113,24
2024-09-03T15:00,15.9,19.1,112,22
2024-09-03T16:00,14.9,18.5,103,23
2024-09-03T17:00,13.6,22.7,90,28
2024-09-03T18:00,11.6,23.1,85,42
2024-09-03T19:00,11.0,20.4,76,52
2024-09-03T20:00,10.5,13.8,96,51
2024-09-03T21:00,9.4,3.1,135,59
2024-09-03T22:00,8.6,9.4,212,59
2024-09-03T23:00,7.3,9.5,209,58
2024-09-04T00:00,6.3,8.8,192,68
2024-09-04T01:00,5.3,7.6,188,74
2024-09-04T02:00,4.5,7.4,203,67
2024-09-04T03:00,3.8,7.4,219,65
2024-09-04T04:00,3.4,7.6,239,63
2024-09-04T05:00,2.6,5.8,248,61
2024-09-04T06:00,2.2,4.8,283,58
2024-09-04T07:00,5.3,3.7,299,48
2024-09-04T08:00,9.0,4.7,238,36
2024-09-04T09:00,11.4,6.2,201,45
2024-09-04T10:00,13.4,4.0,185,36
2024-09-04T11:00,15.2,3.5,156,26
2024-09-04T12:00,16.8,5.9,142,19
2024-09-04T13:00,18.1,11.5,122,17
2024-09-04T14:00,18.3,18.9,108,17
2024-09-04T15:00,17.8,20.9,94,14
2024-09-04T16:00,16.6,23.4,79,16
2024-09-04T17:00,14.7,23.9,69,15
2024-09-04T18:00,13.1,16.7,65,19
2024-09-04T19:00,12.1,13.4,66,33
2024-09-04T20:00,11.0,11.3,81,48
2024-09-04T21:00,10.0,3.1,135,54
2024-09-04T22:00,8.6,11.0,212,56
2024-09-04T23:00,7.6,10.1,182,68
2024-09-05T00:00,6.4,11.6,154,90
2024-09-05T01:00,5.7,9.3,144,92
2024-09-05T02:00,4.4,6.4,128,93
2024-09-05T03:00,4.7,1.1,180,91
2024-09-05T04:00,3.9,2.9,210,96
2024-09-05T05:00,2.6,2.9,277,100
2024-09-05T06:00,1.7,4.9,343,100
2024-09-05T07:00,3.2,5.1,352,98
2024-09-05T08:00,7.6,4.7,238,68
2024-09-05T09:00,10.1,4.4,279,54
2024-09-05T10:00,12.6,7.3,327,39
2024-09-05T11:00,14.7,8.4,329,27
2024-09-05T12:00,16.4,5.8,338,18
2024-09-05T13:00,17.3,0.0,270,13
2024-09-05T14:00,17.9,4.0,153,11
2024-09-05T15:00,18.0,8.7,132,12
2024-09-05T16:00,17.3,13.1,111,13
2024-09-05T17:00,14.9,23.7,80,27
2024-09-05T18:00,12.4,24.9,86,47
2024-09-05T19:00,11.6,23.7,77,57
2024-09-05T20:00,10.6,18.7,65,59
2024-09-05T21:00,9.2,2.9,150,62
2024-09-05T22:00,8.2,13.0,177,80
2024-09-05T23:00,7.0,11.8,160,92
2024-09-06T00:00,6.0,10.1,174,96
2024-09-06T01:00,5.0,5.3,208,98
2024-09-06T02:00,4.9,3.2,243,98
2024-09-06T03:00,3.9,5.6,310,100
2024-09-06T04:00,3.6,7.8,338,100
2024-09-06T05:00,2.6,6.1,360,100
2024-09-06T06:00,1.4,4.0,5,100
2024-09-06T07:00,2.4,1.1,342,98
2024-09-06T08:00,4.9,1.1,252,90
2024-09-06T09:00,9.3,3.7,299,66
2024-09-06T10:00,12.2,3.6,315,47
2024-09-06T11:00,14.4,2.3,321,32
2024-09-06T12:00,16.0,0.8,297,24
2024-09-06T13:00,17.2,2.6,164,20
2024-09-06T14:00,18.3,7.1,156,18
2024-09-06T15:00,16.5,22.2,138,25
2024-09-06T16:00,15.0,20.8,81,27
2024-09-06T17:00,12.6,27.3,56,43
2024-09-06T18:00,12.0,18.9,72,49
2024-09-06T19:00,11.3,15.9,347,48
2024-09-06T20:00,11.0,6.8,122,50
2024-09-06T21:00,9.7,3.7,209,67
2024-09-06T22:00,8.7,8.2,195,63
2024-09-06T23:00,7.6,11.2,182,78
2024-09-07T00:00,6.7,9.2,169,88
2024-09-07T01:00,6.0,9.0,185,91
2024-09-07T02:00,5.3,7.9,196,90
2024-09-07T03:00,4.5,5.2,205,91
2024-09-07T04:00,4.1,4.4,215,90
2024-09-07T05:00,4.3,3.5,294,87
2024-09-07T06:00,3.4,7.3,327,94
2024-09-07T07:00,6.2,4.2,340,86
2024-09-07T08:00,9.3,3.6,307,64
2024-09-07T09:00,11.3,3.7,331,52
2024-09-07T10:00,13.1,4.4,351,43
2024-09-07T11:00,14.8,4.9,343,33
2024-09-07T12:00,16.4,6.3,347,24
2024-09-07T13:00,17.5,7.9,3,18
2024-09-07T14:00,18.3,6.6,13,16
2024-09-07T15:00,17.0,12.4,116,17
2024-09-07T16:00,14.7,23.3,107,28
2024-09-07T17:00,14.8,21.2,89,26
2024-09-07T18:00,11.7,24.6,85,41
2024-09-07T19:00,10.8,21.3,185,47
2024-09-07T20:00,8.0,33.1,199,63
2024-09-07T21:00,8.6,14.1,176,61
2024-09-07T22:00,7.7,17.9,170,61
2024-09-07T23:00,7.3,14.6,170,63
2024-09-08T00:00,6.2,8.4,149,68
2024-09-08T01:00,5.5,6.8,115,73
2024-09-08T02:00,4.4,5.5,79,83
2024-09-08T03:00,4.7,1.9,338,79
2024-09-08T04:00,3.2,6.6,283,89
2024-09-08T05:00,2.9,7.7,298,91
2024-09-08T06:00,3.1,7.4,331,91
2024-09-08T07:00,5.8,6.1,332,77
2024-09-08T08:00,7.5,6.3,329,71
2024-09-08T09:00,9.8,7.4,337,59
2024-09-08T10:00,11.9,7.1,330,46
2024-09-08T11:00,14.0,6.8,335,30
2024-09-08T12:00,15.6,7.0,348,20
2024-09-08T13:00,16.4,7.9,3,15
2024-09-08T14:00,17.0,6.9,6,14
2024-09-08T15:00,18.0,6.9,9,12
2024-09-08T16:00,18.8,7.1,345,10
2024-09-08T17:00,14.1,26.9,108,30
2024-09-08T18:00,12.6,26.0,96,49
2024-09-08T19:00,11.8,20.6,78,50
2024-09-08T20:00,10.8,13.1,82,59
2024-09-08T21:00,9.9,9.3,167,66
2024-09-08T22:00,8.6,15.9,175,77
2024-09-08T23:00,7.8,17.9,165,87
2024-09-09T00:00,6.9,15.2,158,91
2024-09-09T01:00,6.2,11.4,152,95
2024-09-09T02:00,5.6,10.1,182,98
2024-09-09T03:00,5.1,8.9,201,98
2024-09-09T04:00,4.3,7.7,229,98
2024-09-09T05:00,3.2,6.5,264,100
2024-09-09T06:00,2.8,5.0,291,100
2024-09-09T07:00,4.3,6.1,315,98
2024-09-09T08:00,7.8,4.6,315,78
2024-09-09T09:00,10.4,3.6,315,58
2024-09-09T10:00,12.6,3.8,17,43
2024-09-09T11:00,14.5,4.4,9,32
2024-09-09T12:00,15.7,2.5,352,24
2024-09-09T13:00,16.4,1.3,146,19
2024-09-09T14:00,17.2,6.8,122,17
2024-09-09T15:00,17.7,14.2,114,13
2024-09-09T16:00,17.3,18.7,106,14
2024-09-09T17:00,15.4,29.3,135,17
2024-09-09T18:00,13.0,30.4,144,33
2024-09-09T19:00,12.3,14.3,168,34
2024-09-09T20:00,11.3,11.5,148,41
2024-09-09T21:00,10.1,12.9,120,61
2024-09-09T22:00,9.1,8.6,123,70
2024-09-09T23:00,8.1,8.3,175,71
2024-09-10T00:00,7.0,9.8,197,62
2024-09-10T01:00,5.9,7.8,193,64
2024-09-10T02:00,4.9,3.3,193,71
2024-09-10T03:00,4.5,3.3,283,74
2024-09-10T04:00,3.1,6.4,308,83
2024-09-10T05:00,2.8,6.2,324,88
2024-09-10T06:00,2.9,6.0,327,89
2024-09-10T07:00,6.2,3.1,306,71
2024-09-10T08:00,8.8,4.7,302,54
2024-09-10T09:00,11.4,6.3,294,40
2024-09-10T10:00,13.7,6.9,313,29
2024-09-10T11:00,15.7,7.4,321,17
2024-09-10T12:00,17.0,6.3,336,11
2024-09-10T13:00,18.0,7.9,360,6
2024-09-10T14:00,18.7,7.7,349,5
2024-09-10T15:00,18.8,7.6,301,5
2024-09-10T16:00,19.0,4.8,312,5
2024-09-10T17:00,16.9,13.1,98,10
2024-09-10T18:00,13.0,27.8,86,35
2024-09-10T19:00,13.3,25.8,75,37
2024-09-10T20:00,13.4,8.4,25,23
2024-09-10T21:00,11.9,20.7,231,45
2024-09-10T22:00,10.6,19.5,177,64
2024-09-10T23:00,9.3,12.7,209,67
2024-09-11T00:00,8.0,3.6,225,60
2024-09-11T01:00,7.4,7.8,146,58
2024-09-11T02:00,6.8,4.1,218,60
2024-09-11T03:00,5.5,6.8,245,64
2024-09-11T04:00,5.0,8.2,247,62
2024-09-11T05:00,4.5,8.9,256,62
2024-09-11T06:00,4.1,7.6,265,62
2024-09-11T07:00,7.0,5.4,270,49
2024-09-11T08:00,10.0,6.9,264,36
2024-09-11T09:00,12.5,5.1,278,29
2024-09-11T10:00,14.4,2.4,297,25
2024-09-11T11:00,16.0,2.3,51,21
2024-09-11T12:00,17.3,3.6,37,17
2024-09-11T13:00,18.3,4.4,35,15
2024-09-11T14:00,19.4,8.8,282,11
2024-09-11T15:00,19.3,17.0,276,13
2024-09-11T16:00,17.6,7.8,56,15
2024-09-11T17:00,15.2,28.1,88,21
2024-09-11T18:00,14.7,25.8,78,26
2024-09-11T19:00,13.3,27.8,80,40
2024-09-11T20:00,12.5,11.9,61,41
2024-09-11T21:00,8.9,19.4,252,60
2024-09-11T22:00,10.4,10.1,184,49
2024-09-11T23:00,10.0,6.6,202,52
2024-09-12T00:00,9.3,4.9,253,56
2024-09-12T01:00,7.5,5.0,300,65
2024-09-12T02:00,6.3,6.4,344,72
2024-09-12T03:00,5.5,5.9,346,77
2024-09-12T04:00,4.7,5.6,310,81
2024-09-12T05:00,3.8,5.7,288,86
2024-09-12T06:00,3.4,3.8,311,86
2024-09-12T07:00,6.0,1.5,346,73
2024-09-12T08:00,10.5,5.3,332,49
2024-09-12T09:00,13.0,8.0,324,35
2024-09-12T10:00,15.4,11.5,314,24
2024-09-12T11:00,17.3,13.0,309,18
2024-09-12T12:00,19.3,18.3,324,12
2024-09-12T13:00,20.0,24.8,327,9
2024-09-12T14:00,20.4,21.9,324,8
2024-09-12T15:00,21.0,21.2,305,7
2024-09-12T16:00,20.6,25.1,291,7
2024-09-12T17:00,19.7,22.1,289,7
2024-09-12T18:00,16.1,8.6,112,14
2024-09-12T19:00,12.2,22.2,130,47
2024-09-12T20:00,11.9,13.3,167,59
2024-09-12T21:00,9.9,18.1,174,76
2024-09-12T22:00,8.9,16.9,182,79
2024-09-12T23:00,7.9,11.5,166,86
2024-09-13T00:00,7.0,9.5,171,92
2024-09-13T01:00,6.3,11.2,180,92
2024-09-13T02:00,5.9,11.4,204,54
2024-09-13T03:00,4.4,6.1,230,46
2024-09-13T04:00,3.3,5.6,243,49
2024-09-13T05:00,2.1,4.8,297,56
2024-09-13T06:00,2.1,6.4,317,77
2024-09-13T07:00,3.7,5.8,330,85
2024-09-13T08:00,9.1,3.8,343,45
2024-09-13T09:00,11.7,8.4,313,40
2024-09-13T10:00,14.1,10.0,291,28
2024-09-13T11:00,15.8,13.5,279,21
2024-09-13T12:00,16.8,10.9,279,19
2024-09-13T13:00,19.1,9.0,254,13
2024-09-13T14:00,20.7,12.9,234,11
2024-09-13T15:00,19.9,13.0,214,13
2024-09-13T16:00,19.3,2.7,203,12
2024-09-13T17:00,18.8,8.7,287,12
2024-09-13T18:00,16.5,18.0,233,18
2024-09-13T19:00,14.3,23.5,216,18
2024-09-13T20:00,13.2,17.7,200,17
2024-09-13T21:00,11.6,14.6,189,19
2024-09-13T22:00,10.8,21.2,228,22
2024-09-13T23:00,9.4,22.5,231,23
2024-09-14T00:00,8.7,18.6,229,25
2024-09-14T01:00,7.8,13.3,221,27
2024-09-14T02:00,6.8,11.0,203,31
2024-09-14T03:00,6.0,10.6,190,35
2024-09-14T04:00,5.1,8.0,170,39
2024-09-14T05:00,3.6,5.3,208,47
2024-09-14T06:00,3.3,8.0,243,46
2024-09-14T07:00,5.5,4.8,257,39
2024-09-14T08:00,9.4,7.6,251,37
2024-09-14T09:00,11.6,4.0,260,23
2024-09-14T10:00,13.4,3.2,297,23
2024-09-14T11:00,15.4,6.4,333,22
2024-09-14T12:00,17.1,9.0,323,19
2024-09-14T13:00,18.8,11.8,329,17
2024-09-14T14:00,20.5,13.4,324,13
2024-09-14T15:00,21.1,15.1,295,13
2024-09-14T16:00,18.7,5.8,68,16
2024-09-14T17:00,16.2,13.4,76,32
2024-09-14T18:00,15.1,18.4,182,33
2024-09-14T19:00,14.0,22.0,220,18
2024-09-14T20:00,12.4,21.4,209,18
2024-09-14T21:00,11.0,22.4,213,34
2024-09-14T22:00,9.7,24.5,204,63
2024-09-14T23:00,8.7,14.6,218,64
2024-09-15T00:00,8.8,20.4,228,30
2024-09-15T01:00,8.7,17.2,233,26
2024-09-15T02:00,8.5,9.7,231,27
2024-09-15T03:00,8.5,4.8,222,27
2024-09-15T04:00,7.1,5.3,242,34
2024-09-15T05:00,5.6,4.7,302,42
2024-09-15T06:00,5.5,6.0,335,45
2024-09-15T07:00,7.8,4.3,318,44
2024-09-15T08:00,10.1,3.2,297,29
2024-09-15T09:00,12.3,8.2,337,38
2024-09-15T10:00,14.9,12.0,309,31
2024-09-15T11:00,15.7,11.7,313,28
2024-09-15T12:00,16.9,6.8,342,26
2024-09-15T13:00,17.1,6.9,354,24
2024-09-15T14:00,17.2,3.8,311,24
2024-09-15T15:00,18.0,13.2,313,21
2024-09-15T16:00,18.2,21.5,308,18
2024-09-15T17:00,17.6,19.2,343,18
2024-09-15T18:00,16.0,19.1,46,29
2024-09-15T19:00,15.4,5.2,344,32
2024-09-15T20:00,11.1,15.5,138,62
2024-09-15T21:00,10.0,7.9,133,72
2024-09-15T22:00,9.0,9.8,188,81
2024-09-15T23:00,8.4,7.8,167,88
2024-09-16T00:00,7.5,6.7,164,92
2024-09-16T01:00,6.8,9.1,198,93
2024-09-16T02:00,6.0,5.8,210,95
2024-09-16T03:00,5.0,5.8,270,98
2024-09-16T04:00,5.3,6.4,232,96
2024-09-16T05:00,4.5,3.4,288,92
2024-09-16T06:00,4.5,6.4,333,95
2024-09-16T07:00,7.2,5.2,326,79
2024-09-16T08:00,10.1,7.2,276,56
2024-09-16T09:00,12.0,6.2,291,47
2024-09-16T10:00,13.9,9.0,307,37
2024-09-16T11:00,15.8,9.5,307,30
2024-09-16T12:00,17.3,12.8,344,25
2024-09-16T13:00,17.0,11.7,349,29
2024-09-16T14:00,18.2,12.6,333,26
2024-09-16T15:00,18.2,11.5,346,25
2024-09-16T16:00,14.0,24.1,70,47
2024-09-16T17:00,12.9,19.8,87,49
2024-09-16T18:00,12.6,15.5,77,50
2024-09-16T19:00,7.0,25.9,359,81
2024-09-16T20:00,8.5,13.7,5,73
2024-09-16T21:00,7.8,11.5,340,78
2024-09-16T22:00,7.3,7.7,323,82
2024-09-16T23:00,6.4,4.7,270,87
2024-09-17T00:00,5.7,4.7,212,89
2024-09-17T01:00,6.4,1.3,214,84
2024-09-17T02:00,6.1,2.9,360,90
2024-09-17T03:00,6.0,4.7,360,89
2024-09-17T04:00,4.5,6.2,21,93
2024-09-17T05:00,3.6,5.6,15,95
2024-09-17T06:00,3.9,4.4,325,95
2024-09-17T07:00,6.5,2.6,304,87
2024-09-17T08:00,8.7,3.4,302,75
2024-09-17T09:00,10.6,5.2,295,61
2024-09-17T10:00,12.1,6.1,273,53
2024-09-17T11:00,13.1,5.0,291,49
2024-09-17T12:00,14.5,5.4,290,43
2024-09-17T13:00,15.4,6.9,276,38
2024-09-17T14:00,15.8,8.0,260,36
2024-09-17T15:00,16.0,9.4,268,35
2024-09-17T16:00,16.9,8.7,315,30
2024-09-17T17:00,15.6,14.0,46,33
2024-09-17T18:00,12.0,20.5,75,55
2024-09-17T19:00,11.8,10.5,41,56
2024-09-17T20:00,8.5,26.3,199,76
2024-09-17T21:00,7.4,9.1,173,83
2024-09-17T22:00,7.4,9.2,244,82
2024-09-17T23:00,6.7,5.2,205,86
2024-09-18T00:00,6.1,6.1,183,90
2024-09-18T01:00,5.3,5.9,166,95
2024-09-18T02:00,5.8,12.9,150,94
2024-09-18T03:00,5.4,8.2,131,95
2024-09-18T04:00,5.2,4.0,175,94
2024-09-18T05:00,5.5,2.8,230,93
2024-09-18T06:00,4.4,6.4,286,93
2024-09-18T07:00,6.3,2.6,304,82
2024-09-18T08:00,9.4,6.1,208,63
2024-09-18T09:00,11.0,7.7,127,59
2024-09-18T10:00,12.3,6.0,107,51
2024-09-18T11:00,13.6,5.9,101,49
2024-09-18T12:00,14.9,4.3,85,46
2024-09-18T13:00,16.0,3.3,84,43
2024-09-18T14:00,16.7,6.5,93,40
2024-09-18T15:00,15.2,7.9,133,43
2024-09-18T16:00,7.9,11.3,233,83
2024-09-18T17:00,8.3,20.8,14,78
2024-09-18T18:00,8.7,10.5,354,73
2024-09-18T19:00,8.7,14.9,7,73
2024-09-18T20:00,8.3,10.5,22,75
2024-09-18T21:00,7.3,2.1,329,87
2024-09-18T22:00,7.3,5.1,4,86
2024-09-18T23:00,7.2,4.3,355,89
2024-09-19T00:00,7.0,4.6,342,90
2024-09-19T01:00,6.3,6.0,343,92
2024-09-19T02:00,5.8,8.3,358,92
2024-09-19T03:00,5.0,8.2,345,94
2024-09-19T04:00,4.2,7.6,329,96
2024-09-19T05:00,3.9,6.8,335,96
2024-09-19T06:00,3.4,6.5,341,98
2024-09-19T07:00,5.5,5.4,340,89
2024-09-19T08:00,7.8,2.8,310,83
2024-09-19T09:00,9.8,3.1,315,69
2024-09-19T10:00,11.4,4.3,312,58
2024-09-19T11:00,12.8,4.4,325,50
2024-09-19T12:00,14.0,5.6,345,45
2024-09-19T13:00,14.9,6.1,332,43
2024-09-19T14:00,15.6,8.7,312,39
2024-09-19T15:00,16.5,7.2,297,36
2024-09-19T16:00,14.4,3.8,343,41
2024-09-19T17:00,12.7,25.5,33,54
2024-09-19T18:00,9.0,26.1,6,74
2024-09-19T19:00,7.0,17.7,274,83
2024-09-19T20:00,7.4,5.4,160,80
2024-09-19T21:00,7.8,10.6,288,79
2024-09-19T22:00,7.0,10.4,226,84
2024-09-19T23:00,5.4,4.0,190,94
2024-09-20T00:00,4.9,3.4,18,94
2024-09-20T01:00,5.1,1.8,53,94
2024-09-20T02:00,4.7,1.8,349,96
2024-09-20T03:00,2.7,6.2,324,100
2024-09-20T04:00,2.5,6.9,321,100
2024-09-20T05:00,1.8,6.4,322,100
2024-09-20T06:00,1.7,5.7,325,100
2024-09-20T07:00,3.4,5.6,333,99
2024-09-20T08:00,6.8,1.8,323,87
2024-09-20T09:00,9.9,5.1,352,63
2024-09-20T10:00,12.0,4.3,360,51
2024-09-20T11:00,13.3,2.5,8,48
2024-09-20T12:00,14.5,2.6,16,42
2024-09-20T13:00,15.4,2.7,23,34
2024-09-20T14:00,16.0,4.1,38,30
2024-09-20T15:00,16.5,10.1,55,27
2024-09-20T16:00,15.5,22.2,65,27
2024-09-20T17:00,13.5,22.9,71,41
2024-09-20T18:00,10.9,16.5,70,60
2024-09-20T19:00,10.0,9.2,79,74
2024-09-20T20:00,9.4,9.2,39,74
2024-09-20T21:00,7.7,5.8,22,86
2024-09-20T22:00,7.7,3.6,270,83
2024-09-20T23:00,6.1,8.5,216,90
2024-09-21T00:00,5.0,6.6,202,95
2024-09-21T01:00,4.6,7.7,233,98
2024-09-21T02:00,4.1,7.2,217,99
2024-09-21T03:00,4.5,1.1,162,99
2024-09-21T04:00,3.2,5.5,337,99
2024-09-21T05:00,2.5,7.7,319,100
2024-09-21T06:00,2.7,7.7,311,99
2024-09-21T07:00,4.0,5.6,320,98
2024-09-21T08:00,7.5,4.3,318,70
2024-09-21T09:00,10.5,6.8,357,57
2024-09-21T10:00,12.9,12.3,353,44
2024-09-21T11:00,14.1,10.8,358,39
2024-09-21T12:00,15.1,7.4,23,35
2024-09-21T13:00,16.0,7.1,49,31
2024-09-21T14:00,16.8,11.8,63,28
2024-09-21T15:00,16.9,18.5,66,26
2024-09-21T16:00,15.0,22.5,70,35
2024-09-21T17:00,13.9,22.2,73,38
2024-09-21T18:00,11.6,19.3,81,57
2024-09-21T19:00,11.2,13.6,79,62
2024-09-21T20:00,10.6,15.9,93,65
2024-09-21T21:00,9.6,12.8,79,71
2024-09-21T22:00,9.2,1.3,34,73
2024-09-21T23:00,7.3,9.2,239,85
2024-09-22T00:00,6.8,10.0,232,92
2024-09-22T01:00,5.7,6.6,221,95
2024-09-22T02:00,6.3,3.6,264,93
2024-09-22T03:00,5.6,3.7,349,95
2024-09-22T04:00,3.7,5.2,335,99
2024-09-22T05:00,3.9,2.9,353,99
2024-09-22T06:00,3.4,2.1,301,99
2024-09-22T07:00,5.8,2.3,342,89
2024-09-22T08:00,8.5,3.7,169,69
2024-09-22T09:00,10.7,3.3,354,56
2024-09-22T10:00,13.2,11.4,349,34
2024-09-22T11:00,14.9,12.3,355,25
2024-09-22T12:00,15.8,11.3,9,24
2024-09-22T13:00,16.6,10.2,32,24
2024-09-22T14:00,17.3,9.4,43,21
2024-09-22T15:00,17.6,8.9,43,18
2024-09-22T16:00,16.9,15.1,72,20
2024-09-22T17:00,14.1,28.1,86,33
2024-09-22T18:00,12.5,24.0,99,45
2024-09-22T19:00,11.9,20.7,98,53
2024-09-22T20:00,10.7,15.7,110,64
2024-09-22T21:00,9.7,14.8,176,71
2024-09-22T22:00,9.0,13.7,162,74
2024-09-22T23:00,8.1,10.2,138,79
2024-09-23T00:00,6.6,6.4,142,86
2024-09-23T01:00,6.4,3.8,197,83
2024-09-23T02:00,6.3,2.3,252,83
2024-09-23T03:00,5.9,1.9,292,86
2024-09-23T04:00,3.8,5.9,322,95
2024-09-23T05:00,3.0,7.8,326,100
2024-09-23T06:00,3.3,5.6,333,100
2024-09-23T07:00,6.4,3.9,326,86
2024-09-23T08:00,9.6,5.4,352,66
2024-09-23T09:00,12.1,6.0,17,51
2024-09-23T10:00,13.8,7.2,37,40
2024-09-23T11:00,15.5,8.9,40,32
2024-09-23T12:00,17.0,10.4,46,23
2024-09-23T13:00,18.0,15.2,54,19
2024-09-23T14:00,17.8,14.8,49,19
2024-09-23T15:00,17.6,10.2,67,18
2024-09-23T16:00,16.7,13.0,93,19
2024-09-23T17:00,15.3,20.9,92,25
2024-09-23T18:00,13.2,26.0,84,45
2024-09-23T19:00,12.1,22.3,93,62
2024-09-23T20:00,11.5,11.9,92,59
2024-09-23T21:00,10.4,12.2,199,66
2024-09-23T22:00,9.6,14.8,186,75
2024-09-23T23:00,8.6,14.6,164,84
2024-09-24T00:00,7.5,12.6,175,93
2024-09-24T01:00,6.5,10.6,170,97
2024-09-24T02:00,5.8,10.1,176,97
2024-09-24T03:00,5.2,9.8,208,92
2024-09-24T04:00,4.5,10.2,219,76
2024-09-24T05:00,3.9,10.0,229,60
2024-09-24T06:00,3.9,7.3,261,56
2024-09-24T07:00,6.7,6.1,298,48
2024-09-24T08:00,9.9,5.9,308,43
2024-09-24T09:00,12.0,4.8,297,44
2024-09-24T10:00,13.9,4.6,321,37
2024-09-24T11:00,15.4,6.5,357,29
2024-09-24T12:00,16.8,9.1,9,23
2024-09-24T13:00,17.8,10.2,39,19
2024-09-24T14:00,18.3,7.9,66,18
2024-09-24T15:00,18.6,10.5,68,16
2024-09-24T16:00,17.9,15.2,68,18
2024-09-24T17:00,14.9,27.9,84,38
2024-09-24T18:00,13.8,25.8,97,45
2024-09-24T19:00,12.4,22.0,92,51
2024-09-24T20:00,11.7,6.5,90,54
2024-09-24T21:00,10.6,7.6,184,60
2024-09-24T22:00,9.7,8.5,181,68
2024-09-24T23:00,8.5,8.2,171,78
2024-09-25T00:00,7.2,7.6,195,90
2024-09-25T01:00,6.0,5.1,203,96
2024-09-25T02:00,5.6,6.8,180,98
2024-09-25T03:00,5.4,7.8,193,98
2024-09-25T04:00,4.7,7.8,238,99
2024-09-25T05:00,3.9,6.6,254,96
2024-09-25T06:00,3.8,4.3,272,88
2024-09-25T07:00,5.3,2.3,315,77
2024-09-25T08:00,9.0,4.2,288,53
2024-09-25T09:00,12.1,5.1,302,48
2024-09-25T10:00,14.0,6.4,308,41
2024-09-25T11:00,15.9,5.5,311,30
2024-09-25T12:00,17.4,8.0,335,24
2024-09-25T13:00,18.6,9.8,329,20
2024-09-25T14:00,19.7,11.7,306,18
2024-09-25T15:00,19.8,10.9,292,18
2024-09-25T16:00,18.8,2.7,98,19
2024-09-25T17:00,15.9,24.9,87,29
2024-09-25T18:00,15.0,21.6,106,35
2024-09-25T19:00,14.5,15.3,128,41
2024-09-25T20:00,12.1,10.3,126,57
2024-09-25T21:00,12.1,3.8,180,57
2024-09-25T22:00,11.2,12.2,213,46
2024-09-25T23:00,9.9,11.5,236,31
2024-09-26T00:00,8.8,13.1,223,32
2024-09-26T01:00,9.2,14.6,214,32
2024-09-26T02:00,8.5,12.5,215,36
2024-09-26T03:00,8.0,8.3,224,39
2024-09-26T04:00,7.3,4.0,216,50
2024-09-26T05:00,6.7,4.4,201,53
2024-09-26T06:00,6.5,6.2,229,51
2024-09-26T07:00,8.7,5.8,236,40
2024-09-26T08:00,11.2,6.5,236,30
2024-09-26T09:00,13.1,1.6,207,27
2024-09-26T10:00,14.8,2.3,45,25
2024-09-26T11:00,16.3,4.6,69,24
2024-09-26T12:00,17.4,5.5,81,22
2024-09-26T13:00,18.2,13.2,85,22
2024-09-26T14:00,17.4,17.3,90,28
2024-09-26T15:00,17.1,17.3,98,29
2024-09-26T16:00,16.1,14.8,106,30
2024-09-26T17:00,15.3,15.0,96,32
2024-09-26T18:00,13.3,19.9,84,46
2024-09-26T19:00,12.1,25.2,46,55
2024-09-26T20:00,12.0,7.1,351,53
2024-09-26T21:00,5.9,28.8,224,89
2024-09-26T22:00,6.6,9.3,257,84
2024-09-26T23:00,7.4,7.5,262,83
2024-09-27T00:00,7.2,2.6,231,86
2024-09-27T01:00,7.2,5.4,346,87
2024-09-27T02:00,6.3,8.3,359,86
2024-09-27T03:00,6.7,1.3,8,84
2024-09-27T04:00,6.4,5.0,360,84
2024-09-27T05:00,6.2,5.2,335,86
2024-09-27T06:00,5.8,3.8,311,91
2024-09-27T07:00,7.7,1.2,333,80
2024-09-27T08:00,9.0,6.1,337,68
2024-09-27T09:00,10.8,5.3,342,60
2024-09-27T10:00,12.2,1.9,338,55
2024-09-27T11:00,13.9,1.7,167,49
2024-09-27T12:00,15.3,5.1,190,39
2024-09-27T13:00,16.8,8.8,200,34
2024-09-27T14:00,16.9,8.4,191,31
2024-09-27T15:00,15.4,11.8,102,35
2024-09-27T16:00,15.4,20.8,73,35
2024-09-27T17:00,14.2,25.2,84,33
2024-09-27T18:00,12.6,16.8,78,46
2024-09-27T19:00,11.7,6.6,119,55
2024-09-27T20:00,11.7,0.9,37,74
2024-09-27T21:00,10.4,6.7,204,67
2024-09-27T22:00,9.3,10.6,198,78
2024-09-27T23:00,8.1,11.1,233,86
2024-09-28T00:00,7.1,8.0,230,87
2024-09-28T01:00,6.1,5.2,207,89
2024-09-28T02:00,5.3,6.2,282,90
2024-09-28T03:00,5.2,9.0,290,90
2024-09-28T04:00,4.6,6.6,296,92
2024-09-28T05:00,3.4,5.9,315,97
2024-09-28T06:00,5.3,1.5,210,83
2024-09-28T07:00,6.8,3.4,313,79
2024-09-28T08:00,9.0,4.0,309,68
2024-09-28T09:00,10.9,3.1,306,60
2024-09-28T10:00,12.5,2.2,351,54
2024-09-28T11:00,13.5,4.1,38,46
2024-09-28T12:00,14.8,5.5,58,42
2024-09-28T13:00,15.9,6.4,79,39
2024-09-28T14:00,14.5,9.2,113,38
2024-09-28T15:00,14.3,8.4,110,35
2024-09-28T16:00,13.0,9.3,46,41
2024-09-28T17:00,10.5,7.7,336,54
2024-09-28T18:00,10.5,11.8,316,58
2024-09-28T19:00,9.2,13.9,295,64
2024-09-28T20:00,8.2,10.4,300,71
2024-09-28T21:00,8.1,10.4,306,72
2024-09-28T22:00,7.3,6.8,318,78
2024-09-28T23:00,7.3,2.4,77,75
2024-09-29T00:00,5.6,4.0,60,89
2024-09-29T01:00,4.6,4.2,340,93
2024-09-29T02:00,4.4,7.7,319,95
2024-09-29T03:00,3.8,7.0,334,97
2024-09-29T04:00,3.0,5.6,354,99
2024-09-29T05:00,2.7,4.7,342,100
2024-09-29T06:00,3.4,3.9,298,100
2024-09-29T07:00,5.8,2.3,302,91
2024-09-29T08:00,9.1,4.2,306,71
2024-09-29T09:00,11.2,3.6,357,57
2024-09-29T10:00,12.8,8.0,28,47
2024-09-29T11:00,14.1,9.2,28,40
2024-09-29T12:00,15.1,9.5,33,35
2024-09-29T13:00,15.5,3.3,54,34
2024-09-29T14:00,16.1,2.7,98,31
2024-09-29T15:00,16.5,5.3,100,29
2024-09-29T16:00,16.5,12.3,93,29
2024-09-29T17:00,14.3,21.2,85,35
2024-09-29T18:00,12.4,21.3,93,53
2024-09-29T19:00,11.8,17.9,103,63
2024-09-29T20:00,10.8,19.8,89,67
2024-09-29T21:00,10.3,16.2,82,69
2024-09-29T22:00,9.5,10.5,70,71
2024-09-29T23:00,8.2,4.5,50,79
2024-09-30T00:00,7.7,8.1,329,76
2024-09-30T01:00,7.1,17.5,266,90
2024-09-30T02:00,6.0,2.4,287,95
2024-09-30T03:00,5.4,8.7,30,97
2024-09-30T04:00,6.0,5.6,225,93
2024-09-30T05:00,5.3,1.1,171,97
2024-09-30T06:00,5.0,1.2,153,98
2024-09-30T07:00,6.9,2.3,360,86
2024-09-30T08:00,9.4,2.4,312,68
2024-09-30T09:00,11.4,4.7,313,58
2024-09-30T10:00,12.9,4.7,344,48
2024-09-30T11:00,14.1,5.3,18,42
2024-09-30T12:00,15.5,4.3,15,35
2024-09-30T13:00,16.7,2.0,117,32
2024-09-30T14:00,17.8,4.9,152,27
2024-09-30T15:00,18.3,10.7,112,24
2024-09-30T16:00,16.7,20.7,88,28
2024-09-30T17:00,14.9,24.4,84,37
2024-09-30T18:00,13.1,20.5,103,48
2024-09-30T19:00,12.0,19.0,99,60
2024-09-30T20:00,10.8,11.0,116,72
2024-09-30T21:00,9.7,12.1,208,78
2024-09-30T22:00,8.9,9.0,175,82
2024-09-30T23:00,8.0,8.8,171,89
2024-10-01T00:00,7.1,10.1,202,94
2024-10-01T01:00,6.4,10.8,210,87
2024-10-01T02:00,5.4,8.0,218,74
2024-10-01T03:00,4.5,7.1,229,69
2024-10-01T04:00,3.4,5.8,236,76
2024-10-01T05:00,3.7,3.4,264,72
2024-10-01T06:00,3.5,3.5,309,76
2024-10-01T07:00,5.7,3.3,311,75
2024-10-01T08:00,10.1,4.1,285,47
2024-10-01T09:00,12.5,4.7,270,38
2024-10-01T10:00,14.2,3.3,234,31
2024-10-01T11:00,15.8,5.7,193,26
2024-10-01T12:00,17.5,6.7,180,24
2024-10-01T13:00,18.6,8.0,121,23
2024-10-01T14:00,18.8,18.3,105,24
2024-10-01T15:00,17.9,24.1,90,25
2024-10-01T16:00,16.7,25.7,84,24
2024-10-01T17:00,15.1,25.6,74,31
2024-10-01T18:00,13.7,17.2,70,44
2024-10-01T19:00,13.3,8.7,45,51
2024-10-01T20:00,12.6,6.4,18,51
2024-10-01T21:00,11.3,4.9,262,62
2024-10-01T22:00,10.2,10.9,197,61
2024-10-01T23:00,9.1,8.5,186,65
2024-10-02T00:00,8.4,11.4,219,59
2024-10-02T01:00,7.8,10.2,222,40
2024-10-02T02:00,6.8,10.0,231,48
2024-10-02T03:00,5.5,7.9,229,57
2024-10-02T04:00,4.4,4.7,261,68
2024-10-02T05:00,4.3,3.6,279,70
2024-10-02T06:00,3.8,3.9,307,77
2024-10-02T07:00,6.9,3.8,335,68
2024-10-02T08:00,11.4,3.6,279,42
2024-10-02T09:00,13.8,2.7,290,41
2024-10-02T10:00,15.6,1.2,207,36
2024-10-02T11:00,17.3,3.6,127,30
2024-10-02T12:00,19.1,10.4,99,23
2024-10-02T13:00,20.3,19.1,87,19
2024-10-02T14:00,20.2,22.7,74,19
2024-10-02T15:00,19.7,25.7,77,20
2024-10-02T16:00,18.4,24.6,84,23
2024-10-02T17:00,16.7,23.9,96,32
2024-10-02T18:00,14.2,29.0,99,51
2024-10-02T19:00,12.8,27.7,89,55
2024-10-02T20:00,11.5,30.4,88,61
2024-10-02T21:00,11.5,17.2,70,62
2024-10-02T22:00,10.0,4.2,149,69
2024-10-02T23:00,9.3,9.6,223,74
2024-10-03T00:00,8.0,9.2,237,80
2024-10-03T01:00,7.0,6.8,258,81
2024-10-03T02:00,6.2,5.2,286,81
2024-10-03T03:00,5.7,6.1,332,84
2024-10-03T04:00,5.4,7.4,342,88
2024-10-03T05:00,4.6,6.5,354,92
2024-10-03T06:00,5.1,6.3,20,87
2024-10-03T07:00,7.8,7.0,32,68
2024-10-03T08:00,11.3,4.0,321,56
2024-10-03T09:00,13.0,2.0,45,47
2024-10-03T10:00,14.8,1.8,84,41
2024-10-03T11:00,17.0,5.4,96,34
2024-10-03T12:00,18.8,15.7,89,27
2024-10-03T13:00,17.2,23.1,82,28
2024-10-03T14:00,16.9,24.1,92,31
2024-10-03T15:00,16.8,24.0,86,32
2024-10-03T16:00,15.9,18.7,88,35
2024-10-03T17:00,14.7,12.5,97,39
2024-10-03T18:00,14.1,11.7,124,45
2024-10-03T19:00,12.8,15.8,124,59
2024-10-03T20:00,12.2,11.9,153,58
2024-10-03T21:00,11.0,12.5,130,67
2024-10-03T22:00,9.8,12.4,126,75
2024-10-03T23:00,9.3,9.6,120,77
2024-10-04T00:00,8.4,5.6,135,81
2024-10-04T01:00,7.6,8.1,267,84
2024-10-04T02:00,6.6,10.5,258,89
2024-10-04T03:00,5.8,10.0,285,90
2024-10-04T04:00,5.2,9.0,301,91
2024-10-04T05:00,4.6,8.6,338,94
2024-10-04T06:00,5.1,7.1,351,93
2024-10-04T07:00,8.3,7.3,332,75
2024-10-04T08:00,11.2,8.5,339,60
2024-10-04T09:00,13.0,10.2,8,48
2024-10-04T10:00,14.9,10.3,40,36
2024-10-04T11:00,16.6,14.3,71,27
2024-10-04T12:00,17.5,20.9,86,23
2024-10-04T13:00,17.7,22.0,85,23
2024-10-04T14:00,18.0,22.0,87,22
2024-10-04T15:00,18.0,23.1,87,23
2024-10-04T16:00,16.6,26.5,93,28
2024-10-04T17:00,14.9,27.6,98,34
2024-10-04T18:00,13.6,26.7,94,34
2024-10-04T19:00,12.1,26.7,80,38
2024-10-04T20:00,10.6,22.1,76,44
2024-10-04T21:00,9.7,19.7,69,50
2024-10-04T22:00,8.7,15.9,63,53
2024-10-04T23:00,7.4,10.0,69,60
2024-10-05T00:00,5.7,4.9,80,74
2024-10-05T01:00,6.1,0.8,117,68
2024-10-05T02:00,5.1,2.5,274,73
2024-10-05T03:00,3.4,3.6,267,84
2024-10-05T04:00,3.1,2.9,270,85
2024-10-05T05:00,2.3,3.1,310,90
2024-10-05T06:00,2.5,5.5,351,91
2024-10-05T07:00,6.1,5.8,351,70
2024-10-05T08:00,9.1,4.0,309,56
2024-10-05T09:00,11.4,3.3,338,41
2024-10-05T10:00,13.5,4.0,54,32
2024-10-05T11:00,15.7,11.5,80,24
2024-10-05T12:00,17.2,15.9,72,21
2024-10-05T13:00,17.3,14.3,70,21
2024-10-05T14:00,17.0,16.3,79,21
2024-10-05T15:00,16.3,18.5,80,24
2024-10-05T16:00,16.1,18.8,81,25
2024-10-05T17:00,15.0,17.4,74,27
2024-10-05T18:00,13.6,15.6,64,32
2024-10-05T19:00,12.3,23.2,84,45
2024-10-05T20:00,11.1,18.1,56,52
2024-10-05T21:00,9.9,13.8,15,49
2024-10-05T22:00,8.6,9.1,352,54
2024-10-05T23:00,7.5,8.3,342,59
2024-10-06T00:00,6.8,9.0,354,61
2024-10-06T01:00,6.0,10.8,5,62
2024-10-06T02:00,5.3,11.9,2,64
2024-10-06T03:00,4.8,11.4,355,65
2024-10-06T04:00,4.0,10.4,359,68
2024-10-06T05:00,2.9,8.5,354,74
2024-10-06T06:00,3.3,7.1,336,75
2024-10-06T07:00,6.6,6.4,328,59
2024-10-06T08:00,9.1,9.2,340,50
2024-10-06T09:00,11.4,11.2,360,38
2024-10-06T10:00,13.7,11.8,16,28
2024-10-06T11:00,15.1,12.0,24,26
2024-10-06T12:00,16.2,8.7,34,24
2024-10-06T13:00,17.2,4.6,59,20
2024-10-06T14:00,18.7,11.5,46,15
2024-10-06T15:00,17.0,25.7,63,23
2024-10-06T16:00,16.6,18.5,63,21
2024-10-06T17:00,15.4,17.5,92,29
2024-10-06T18:00,12.9,22.3,106,49
2024-10-06T19:00,11.7,20.2,102,59
2024-10-06T20:00,10.9,11.7,117,64
2024-10-06T21:00,9.6,4.7,90,69
2024-10-06T22:00,9.0,1.1,90,64
2024-10-06T23:00,7.4,6.0,233,78
2024-10-07T00:00,6.4,6.5,228,87
2024-10-07T01:00,5.7,6.8,258,90
2024-10-07T02:00,5.5,9.2,290,86
2024-10-07T03:00,5.0,9.0,316,89
2024-10-07T04:00,4.4,8.2,328,92
2024-10-07T05:00,3.6,7.4,356,92
2024-10-07T06:00,4.0,5.4,4,81
2024-10-07T07:00,7.1,4.7,358,58
2024-10-07T08:00,10.2,7.9,347,43
2024-10-07T09:00,12.7,12.2,347,35
2024-10-07T10:00,14.7,13.6,345,29
2024-10-07T11:00,16.7,14.4,348,23
2024-10-07T12:00,18.4,18.6,354,17
2024-10-07T13:00,19.1,19.6,347,14
2024-10-07T14:00,19.7,18.8,351,13
2024-10-07T15:00,20.4,20.9,20,13
2024-10-07T16:00,18.0,25.1,48,22
2024-10-07T17:00,15.4,22.1,68,33
2024-10-07T18:00,14.1,1.7,167,37
2024-10-07T19:00,12.0,24.8,180,50
2024-10-07T20:00,9.7,30.7,161,65
2024-10-07T21:00,9.2,19.9,167,65
2024-10-07T22:00,7.8,14.8,170,82
2024-10-07T23:00,8.0,13.8,187,84
2024-10-08T00:00,7.9,15.3,201,84
2024-10-08T01:00,6.9,15.7,183,85
2024-10-08T02:00,6.2,9.8,194,85
2024-10-08T03:00,5.9,11.0,199,79
2024-10-08T04:00,5.1,10.2,203,76
2024-10-08T05:00,4.2,8.0,200,80
2024-10-08T06:00,4.8,5.6,205,78
2024-10-08T07:00,7.5,5.0,224,66
2024-10-08T08:00,10.0,10.4,247,58
2024-10-08T09:00,11.6,6.7,304,52
2024-10-08T10:00,13.4,6.7,358,45
2024-10-08T11:00,15.6,7.6,329,35
2024-10-08T12:00,17.9,12.6,316,28
2024-10-08T13:00,19.6,17.4,323,24
2024-10-08T14:00,18.4,8.1,356,24
2024-10-08T15:00,12.9,25.8,82,55
2024-10-08T16:00,11.3,9.8,83,58
2024-10-08T17:00,10.0,14.3,213,65
2024-10-08T18:00,8.8,4.6,244,77
2024-10-08T19:00,8.6,6.9,174,77
2024-10-08T20:00,8.4,5.6,149,82
2024-10-08T21:00,8.3,3.5,189,83
2024-10-08T22:00,7.6,4.0,212,89
2024-10-08T23:00,7.4,6.0,197,83
2024-10-09T00:00,6.8,5.2,139,87
2024-10-09T01:00,5.6,5.4,138,95
2024-10-09T02:00,4.6,3.6,139,97
2024-10-09T03:00,4.9,0.6,34,93
2024-10-09T04:00,3.7,5.5,341,98
2024-10-09T05:00,3.4,5.0,322,100
2024-10-09T06:00,3.8,2.0,270,98
2024-10-09T07:00,6.1,4.8,214,86
2024-10-09T08:00,9.4,7.3,293,65
2024-10-09T09:00,11.7,10.8,291,54
2024-10-09T10:00,13.1,9.2,268,45
2024-10-09T11:00,14.4,9.1,245,37
2024-10-09T12:00,15.1,7.3,208,35
2024-10-09T13:00,16.5,9.1,187,30
2024-10-09T14:00,18.0,13.4,213,22
2024-10-09T15:00,18.8,27.7,222,18
2024-10-09T16:00,17.7,33.5,218,17
2024-10-09T17:00,15.8,32.7,218,15
2024-10-09T18:00,12.9,29.4,223,20
2024-10-09T19:00,10.9,27.7,222,23
2024-10-09T20:00,9.1,28.7,222,25
2024-10-09T21:00,7.4,24.3,204,32
2024-10-09T22:00,5.8,20.0,173,41
2024-10-09T23:00,4.6,15.1,168,53
2024-10-10T00:00,4.0,13.9,179,56
2024-10-10T01:00,2.6,11.5,212,61
2024-10-10T02:00,1.6,10.4,253,66
2024-10-10T03:00,0.7,10.0,261,72
2024-10-10T04:00,-0.1,7.7,270,76
2024-10-10T05:00,-0.7,6.0,273,80
2024-10-10T06:00,0.7,5.8,256,69
2024-10-10T07:00,4.4,5.5,232,54
2024-10-10T08:00,7.8,4.8,250,36
2024-10-10T09:00,10.4,4.8,326,26
2024-10-10T10:00,12.3,3.9,332,20
2024-10-10T11:00,14.1,5.3,348,15
2024-10-10T12:00,15.4,4.1,319,14
2024-10-10T13:00,16.3,1.4,247,15
2024-10-10T14:00,17.6,1.9,146,14
2024-10-10T15:00,19.7,18.4,231,8
2024-10-10T16:00,18.6,33.2,225,9
2024-10-10T17:00,17.8,27.8,222,9
2024-10-10T18:00,14.5,29.3,215,17
2024-10-10T19:00,12.5,24.7,214,21
2024-10-10T20:00,10.9,24.1,218,21
2024-10-10T21:00,8.9,23.9,213,24
2024-10-10T22:00,7.5,23.2,211,26
2024-10-10T23:00,6.1,21.3,212,26
2024-10-11T00:00,4.5,12.5,226,29
2024-10-11T01:00,2.3,5.6,245,35
2024-10-11T02:00,1.4,5.2,266,39
2024-10-11T03:00,0.2,7.6,288,44
2024-10-11T04:00,-0.5,9.2,271,48
2024-10-11T05:00,-1.6,7.9,274,45
2024-10-11T06:00,-0.2,6.0,287,41
2024-10-11T07:00,3.9,3.9,257,28
2024-10-11T08:00,7.7,3.7,231,19
2024-10-11T09:00,11.0,2.2,318,16
2024-10-11T10:00,13.8,4.7,320,13
2024-10-11T11:00,16.2,5.4,312,8
2024-10-11T12:00,17.7,2.9,263,5
2024-10-11T13:00,18.9,6.7,199,4
2024-10-11T14:00,19.5,10.6,195,3
2024-10-11T15:00,19.4,9.4,177,3
2024-10-11T16:00,18.2,15.0,110,7
2024-10-11T17:00,15.2,29.7,82,13
2024-10-11T18:00,14.1,24.4,75,24
2024-10-11T19:00,13.3,7.2,91,26
2024-10-11T20:00,11.5,3.3,151,49
2024-10-11T21:00,10.5,8.9,208,55
2024-10-11T22:00,9.2,9.8,157,70
2024-10-11T23:00,7.8,8.8,139,87
2024-10-12T00:00,7.0,0.9,11,91
2024-10-12T01:00,5.9,4.5,241,98
2024-10-12T02:00,5.3,13.3,306,100
2024-10-12T03:00,5.2,9.6,287,89
2024-10-12T04:00,3.9,6.6,261,95
2024-10-12T05:00,3.8,1.9,319,89
2024-10-12T06:00,3.9,3.6,261,81
2024-10-12T07:00,7.1,1.9,214,45
2024-10-12T08:00,10.4,10.3,193,54
2024-10-12T09:00,12.6,6.0,201,43
2024-10-12T10:00,14.6,1.7,221,32
2024-10-12T11:00,16.5,2.2,42,23
2024-10-12T12:00,17.9,6.7,99,17
2024-10-12T13:00,18.7,9.8,121,14
2024-10-12T14:00,18.2,17.3,117,15
2024-10-12T15:00,16.9,25.7,103,20
2024-10-12T16:00,15.6,25.1,86,26
2024-10-12T17:00,14.3,21.1,88,33
2024-10-12T18:00,13.9,20.7,75,33
2024-10-12T19:00,12.6,18.8,62,45
2024-10-12T20:00,11.8,17.5,81,56
2024-10-12T21:00,10.7,13.9,65,60
2024-10-12T22:00,9.7,9.7,90,63
2024-10-12T23:00,8.4,7.3,99,69
2024-10-13T00:00,8.0,2.2,194,70
2024-10-13T01:00,6.2,6.5,236,85
2024-10-13T02:00,5.2,4.4,277,95
2024-10-13T03:00,4.7,6.1,328,98
2024-10-13T04:00,4.1,6.0,350,99
2024-10-13T05:00,3.6,7.0,26,95
2024-10-13T06:00,4.3,3.0,343,87
2024-10-13T07:00,7.4,3.5,12,68
2024-10-13T08:00,10.2,6.0,339,55
2024-10-13T09:00,12.6,10.0,352,38
2024-10-13T10:00,14.5,11.8,8,29
2024-10-13T11:00,16.1,13.2,32,24
2024-10-13T12:00,16.9,13.4,64,23
2024-10-13T13:00,17.1,12.5,83,22
2024-10-13T14:00,18.0,11.4,87,21
2024-10-13T15:00,17.5,14.9,98,23
2024-10-13T16:00,15.6,24.0,98,30
2024-10-13T17:00,14.3,22.9,82,36
2024-10-13T18:00,12.6,18.9,87,50
2024-10-13T19:00,12.4,14.4,54,45
2024-10-13T20:00,11.1,11.8,83,55
2024-10-13T21:00,10.0,13.3,87,67
2024-10-13T22:00,8.8,15.2,71,73
2024-10-13T23:00,8.1,16.8,60,67
2024-10-14T00:00,7.0,5.5,311,71
2024-10-14T01:00,6.1,6.1,265,84
2024-10-14T02:00,5.0,9.9,254,93
2024-10-14T03:00,4.7,5.4,285,94
2024-10-14T04:00,4.1,6.1,330,96
2024-10-14T05:00,3.6,5.8,5,99
2024-10-14T06:00,3.2,4.0,357,99
2024-10-14T07:00,6.1,4.1,315,89
2024-10-14T08:00,9.7,9.4,329,56
2024-10-14T09:00,11.5,9.9,338,47
2024-10-14T10:00,13.2,9.6,3,40
2024-10-14T11:00,14.1,6.6,11,37
2024-10-14T12:00,15.0,4.6,21,34
2024-10-14T13:00,16.3,2.0,27,33
2024-10-14T14:00,16.9,1.8,276,30
2024-10-14T15:00,17.1,5.6,138,29
2024-10-14T16:00,16.5,14.3,119,30
2024-10-14T17:00,14.9,20.1,115,33
2024-10-14T18:00,11.4,14.2,198,54
2024-10-14T19:00,11.3,18.3,161,52
2024-10-14T20:00,7.5,15.5,85,79
2024-10-14T21:00,6.8,10.6,32,88
2024-10-14T22:00,7.1,5.6,315,85
2024-10-14T23:00,6.8,7.7,288,87
2024-10-15T00:00,5.8,5.2,286,90
2024-10-15T01:00,5.5,3.4,65,90
2024-10-15T02:00,4.7,3.4,32,96
2024-10-15T03:00,4.0,3.8,352,99
2024-10-15T04:00,3.9,3.3,49,99
2024-10-15T05:00,3.2,2.1,340,100
2024-10-15T06:00,3.4,1.2,297,99
2024-10-15T07:00,6.1,3.1,291,95
2024-10-15T08:00,9.7,1.3,304,65
2024-10-15T09:00,11.2,0.5,360,60
2024-10-15T10:00,12.5,2.2,185,54
2024-10-15T11:00,13.8,6.3,177,52
2024-10-15T12:00,14.8,10.2,149,48
2024-10-15T13:00,16.0,16.8,132,38
2024-10-15T14:00,16.1,23.1,111,34
2024-10-15T15:00,14.6,27.7,92,41
2024-10-15T16:00,14.1,20.2,91,42
2024-10-15T17:00,13.0,18.7,93,49
2024-10-15T18:00,11.3,11.9,95,65
2024-10-15T19:00,10.2,9.7,72,70
2024-10-15T20:00,9.7,10.6,66,69
2024-10-15T21:00,9.3,4.3,138,80
2024-10-15T22:00,7.9,9.3,242,80
2024-10-15T23:00,5.1,19.5,250,84
2024-10-16T00:00,5.6,1.6,243,84
2024-10-16T01:00,4.9,3.6,270,92
2024-10-16T02:00,4.6,6.6,259,91
2024-10-16T03:00,3.5,8.9,223,94
2024-10-16T04:00,3.6,5.2,254,92
2024-10-16T05:00,3.8,5.7,233,92
2024-10-16T06:00,4.3,6.3,307,91
2024-10-16T07:00,5.9,4.1,268,88
2024-10-16T08:00,8.6,5.7,235,76
2024-10-16T09:00,10.0,2.3,180,71
2024-10-16T10:00,11.6,3.6,135,68
2024-10-16T11:00,13.1,3.0,142,60
2024-10-16T12:00,14.0,5.2,153,56
2024-10-16T13:00,14.5,6.9,155,52
2024-10-16T14:00,14.6,6.5,178,48
2024-10-16T15:00,14.2,5.6,320,48
2024-10-16T16:00,12.9,9.0,170,51
2024-10-16T17:00,11.7,9.7,170,58
2024-10-16T18:00,10.4,10.9,70,70
2024-10-16T19:00,9.6,7.1,315,74
2024-10-16T20:00,9.9,1.4,157,58
2024-10-16T21:00,7.4,11.5,182,77
2024-10-16T22:00,6.4,5.6,207,85
2024-10-16T23:00,5.9,8.0,286,88
2024-10-17T00:00,5.6,9.7,269,87
2024-10-17T01:00,5.6,8.6,258,81
2024-10-17T02:00,4.4,7.7,269,79
2024-10-17T03:00,3.6,3.8,262,79
2024-10-17T04:00,2.8,4.2,252,78
2024-10-17T05:00,1.7,5.4,278,83
2024-10-17T06:00,1.7,4.3,294,85
2024-10-17T07:00,4.3,3.3,311,88
2024-10-17T08:00,9.7,7.7,240,40
2024-10-17T09:00,11.8,7.0,241,31
2024-10-17T10:00,13.0,2.6,245,28
2024-10-17T11:00,14.0,2.3,219,27
2024-10-17T12:00,15.1,6.4,218,26
2024-10-17T13:00,16.0,8.9,223,26
2024-10-17T14:00,16.7,9.3,202,25
2024-10-17T15:00,17.4,8.0,175,21
2024-10-17T16:00,17.2,5.6,88,18
2024-10-17T17:00,14.5,23.7,54,32
2024-10-17T18:00,12.3,4.0,108,50
2024-10-17T19:00,10.5,13.0,205,52
2024-10-17T20:00,9.9,22.5,219,33
2024-10-17T21:00,8.4,20.8,226,28
2024-10-17T22:00,7.2,19.5,222,32
2024-10-17T23:00,6.0,17.2,220,40
2024-10-18T00:00,4.8,15.0,228,48
2024-10-18T01:00,3.2,10.5,233,58
2024-10-18T02:00,1.7,5.9,258,69
2024-10-18T03:00,0.7,7.1,234,71
2024-10-18T04:00,0.4,4.4,240,63
2024-10-18T05:00,0.6,3.6,279,58
2024-10-18T06:00,0.8,3.1,263,61
2024-10-18T07:00,4.0,1.9,229,56
2024-10-18T08:00,8.0,5.7,233,37
2024-10-18T09:00,10.8,3.6,243,29
2024-10-18T10:00,12.6,2.6,254,29
2024-10-18T11:00,14.0,4.0,210,24
2024-10-18T12:00,15.1,7.7,204,20
2024-10-18T13:00,16.4,11.8,218,16
2024-10-18T14:00,17.2,14.8,234,16
2024-10-18T15:00,17.5,14.8,229,18
2024-10-18T16:00,17.6,6.8,217,14
2024-10-18T17:00,15.5,16.5,76,25
2024-10-18T18:00,11.7,15.1,89,36
2024-10-18T19:00,10.8,16.0,229,37
2024-10-18T20:00,9.4,21.0,227,19
2024-10-18T21:00,7.9,15.4,227,25
2024-10-18T22:00,6.3,14.5,214,32
2024-10-18T23:00,5.2,15.9,225,33
2024-10-19T00:00,4.1,15.1,232,39
2024-10-19T01:00,2.4,11.1,231,52
2024-10-19T02:00,1.6,11.3,234,57
2024-10-19T03:00,0.7,9.2,225,62
2024-10-19T04:00,0.3,9.4,223,61
2024-10-19T05:00,-0.2,8.7,238,60
2024-10-19T06:00,0.6,7.0,266,52
2024-10-19T07:00,3.6,5.0,289,49
2024-10-19T08:00,8.8,8.1,242,29
2024-10-19T09:00,12.0,8.2,232,22
2024-10-19T10:00,13.2,5.0,182,27
2024-10-19T11:00,14.5,4.9,190,24
2024-10-19T12:00,15.9,5.0,154,22
2024-10-19T13:00,17.3,9.5,119,19
2024-10-19T14:00,17.9,14.1,113,16
2024-10-19T15:00,18.0,16.0,97,14
2024-10-19T16:00,16.8,19.2,71,17
2024-10-19T17:00,14.2,24.7,62,19
2024-10-19T18:00,12.6,17.8,72,26
2024-10-19T19:00,10.6,9.3,46,41
2024-10-19T20:00,9.6,15.4,254,32
2024-10-19T21:00,8.2,10.4,231,38
2024-10-19T22:00,7.8,13.4,235,29
2024-10-19T23:00,6.8,15.5,213,30
2024-10-20T00:00,5.8,16.3,209,34
2024-10-20T01:00,4.7,14.1,233,40
2024-10-20T02:00,3.4,11.1,247,48
2024-10-20T03:00,2.1,9.2,254,57
2024-10-20T04:00,1.1,8.3,271,60
2024-10-20T05:00,0.3,5.7,316,70
2024-10-20T06:00,1.9,4.0,328,64
2024-10-20T07:00,6.3,2.0,270,51
2024-10-20T08:00,10.3,2.9,263,24
2024-10-20T09:00,12.9,6.3,307,31
2024-10-20T10:00,14.9,5.8,306,25
2024-10-20T11:00,16.6,3.7,305,21
2024-10-20T12:00,17.7,2.7,222,19
2024-10-20T13:00,19.1,9.9,180,17
2024-10-20T14:00,19.8,15.2,174,14
2024-10-20T15:00,19.8,17.7,152,13
2024-10-20T16:00,18.8,17.8,110,12
2024-10-20T17:00,16.2,28.0,82,22
2024-10-20T18:00,14.4,26.7,73,30
2024-10-20T19:00,13.4,25.1,76,40
2024-10-20T20:00,11.8,8.9,65,53
2024-10-20T21:00,11.0,12.5,247,52
2024-10-20T22:00,10.9,19.0,226,32
2024-10-20T23:00,9.2,17.4,224,26
2024-10-21T00:00,7.8,17.5,220,31
2024-10-21T01:00,6.9,16.2,223,34
2024-10-21T02:00,5.7,13.1,232,37
2024-10-21T03:00,4.3,9.9,248,43
2024-10-21T04:00,3.5,10.3,227,42
2024-10-21T05:00,2.8,9.7,242,43
2024-10-21T06:00,4.4,6.0,249,37
2024-10-21T07:00,7.9,4.2,260,28
2024-10-21T08:00,11.5,4.7,261,21
2024-10-21T09:00,14.1,4.9,327,24
2024-10-21T10:00,16.3,5.2,338,22
2024-10-21T11:00,17.9,3.7,61,19
2024-10-21T12:00,20.0,13.1,75,15
2024-10-21T13:00,20.4,15.8,66,14
2024-10-21T14:00,20.8,6.5,42,13
2024-10-21T15:00,20.9,5.9,38,12
2024-10-21T16:00,17.4,32.6,83,27
2024-10-21T17:00,16.3,29.5,84,30
2024-10-21T18:00,13.8,23.8,97,49
2024-10-21T19:00,13.6,19.5,94,50
2024-10-21T20:00,12.6,11.8,79,48
2024-10-21T21:00,11.1,9.2,183,57
2024-10-21T22:00,10.1,10.8,165,66
2024-10-21T23:00,9.0,12.3,184,78
2024-10-22T00:00,8.1,11.3,209,71
2024-10-22T01:00,7.0,8.7,193,50
2024-10-22T02:00,6.2,7.8,222,42
2024-10-22T03:00,5.7,5.5,253,46
2024-10-22T04:00,5.1,5.7,279,46
2024-10-22T05:00,4.3,5.7,281,51
2024-10-22T06:00,5.8,3.1,239,39
2024-10-22T07:00,9.3,1.0,158,28
2024-10-22T08:00,11.2,2.4,207,44
2024-10-22T09:00,13.4,1.0,202,38
2024-10-22T10:00,15.3,2.8,15,30
2024-10-22T11:00,16.9,5.6,94,27
2024-10-22T12:00,18.5,10.5,93,24
2024-10-22T13:00,19.2,10.3,91,23
2024-10-22T14:00,19.3,15.3,93,21
2024-10-22T15:00,18.6,23.0,99,22
2024-10-22T16:00,16.6,28.2,82,33
2024-10-22T17:00,15.1,21.5,81,38
2024-10-22T18:00,12.3,9.8,166,53
2024-10-22T19:00,8.7,16.8,189,72
2024-10-22T20:00,7.3,17.4,278,87
2024-10-22T21:00,7.8,19.8,290,78
2024-10-22T22:00,8.3,14.5,292,75
2024-10-22T23:00,8.0,12.8,290,79
2024-10-23T00:00,7.5,8.9,294,85
2024-10-23T01:00,7.6,3.1,310,85
2024-10-23T02:00,7.1,3.7,346,89
2024-10-23T03:00,7.3,8.3,330,82
2024-10-23T04:00,6.3,9.6,339,79
2024-10-23T05:00,5.6,9.9,341,77
2024-10-23T06:00,6.2,7.5,339,75
2024-10-23T07:00,8.5,8.3,336,65
2024-10-23T08:00,10.5,1.0,292,65
2024-10-23T09:00,12.2,1.5,291,53
2024-10-23T10:00,13.7,2.2,215,43
2024-10-23T11:00,15.2,4.3,180,35
2024-10-23T12:00,16.6,6.7,188,32
2024-10-23T13:00,17.5,8.5,173,31
2024-10-23T14:00,18.0,10.3,142,30
2024-10-23T15:00,17.8,11.8,111,29
2024-10-23T16:00,16.3,22.0,72,36
2024-10-23T17:00,14.6,20.8,76,35
2024-10-23T18:00,14.1,11.3,70,41
2024-10-23T19:00,12.2,16.8,182,55
2024-10-23T20:00,12.0,16.0,220,49
2024-10-23T21:00,10.8,6.7,207,52
2024-10-23T22:00,9.5,13.2,219,44
2024-10-23T23:00,8.2,17.1,222,31
2024-10-24T00:00,7.4,14.8,214,38
2024-10-24T01:00,6.3,13.2,202,47
2024-10-24T02:00,5.6,13.2,219,49
2024-10-24T03:00,4.8,11.0,230,54
2024-10-24T04:00,3.9,9.9,225,60
2024-10-24T05:00,3.3,9.4,225,63
2024-10-24T06:00,4.6,6.2,229,57
2024-10-24T07:00,7.9,7.4,229,44
2024-10-24T08:00,10.9,8.8,242,25
2024-10-24T09:00,12.8,6.9,217,23
2024-10-24T10:00,14.2,5.9,168,32
2024-10-24T11:00,15.7,6.6,135,33
2024-10-24T12:00,17.1,10.5,106,31
2024-10-24T13:00,18.0,14.1,103,26
2024-10-24T14:00,18.1,18.9,99,22
2024-10-24T15:00,18.2,23.3,94,18
2024-10-24T16:00,17.1,25.1,75,24
2024-10-24T17:00,15.2,22.9,48,34
2024-10-24T18:00,13.4,14.9,13,40
2024-10-24T19:00,12.5,11.6,334,44
2024-10-24T20:00,11.5,11.7,331,47
2024-10-24T21:00,10.3,11.1,316,52
2024-10-24T22:00,9.0,6.7,308,65
2024-10-24T23:00,9.2,5.3,204,57
2024-10-25T00:00,7.8,11.6,206,42
2024-10-25T01:00,6.7,8.0,243,53
2024-10-25T02:00,6.1,5.6,291,56
2024-10-25T03:00,5.6,4.8,315,60
2024-10-25T04:00,4.7,5.3,325,72
2024-10-25T05:00,4.4,6.8,325,80
2024-10-25T06:00,6.0,5.2,331,80
2024-10-25T07:00,9.3,4.8,312,67
2024-10-25T08:00,11.4,4.1,293,52
2024-10-25T09:00,14.0,10.0,330,44
2024-10-25T10:00,16.0,12.1,340,30
2024-10-25T11:00,17.2,11.8,352,25
2024-10-25T12:00,18.3,10.5,8,23
2024-10-25T13:00,18.9,7.0,1,22
2024-10-25T14:00,19.3,3.2,326,21
2024-10-25T15:00,19.8,7.5,40,21
2024-10-25T16:00,17.0,20.5,58,29
2024-10-25T17:00,14.7,19.5,55,37
2024-10-25T18:00,11.4,3.4,270,55
2024-10-25T19:00,10.1,19.1,279,55
2024-10-25T20:00,11.5,21.2,207,50
2024-10-25T21:00,11.3,7.8,226,48
2024-10-25T22:00,11.0,2.6,348,47
2024-10-25T23:00,10.3,8.3,51,56
2024-10-26T00:00,9.3,10.2,56,69
2024-10-26T01:00,8.6,7.4,58,70
2024-10-26T02:00,7.6,6.5,13,77
2024-10-26T03:00,7.4,9.9,322,76
2024-10-26T04:00,6.7,10.6,314,77
2024-10-26T05:00,5.6,9.3,347,84
2024-10-26T06:00,6.6,5.9,349,81
2024-10-26T07:00,8.9,9.6,330,70
2024-10-26T08:00,10.6,5.4,233,58
2024-10-26T09:00,12.2,4.0,273,50
2024-10-26T10:00,13.3,3.2,47,47
2024-10-26T11:00,14.5,4.5,47,46
2024-10-26T12:00,15.9,3.1,7,42
2024-10-26T13:00,16.4,3.6,303,41
2024-10-26T14:00,16.8,2.7,298,38
2024-10-26T15:00,17.6,2.0,297,35
2024-10-26T16:00,17.7,4.1,88,33
2024-10-26T17:00,15.0,25.7,63,44
2024-10-26T18:00,13.6,8.2,80,47
2024-10-26T19:00,7.8,19.0,145,84
2024-10-26T20:00,11.2,24.7,190,65
2024-10-26T21:00,9.9,16.9,115,74
2024-10-26T22:00,9.3,9.7,118,77
2024-10-26T23:00,9.1,5.4,165,80
2024-10-27T00:00,8.0,7.2,231,84
2024-10-27T01:00,7.8,5.4,250,87
2024-10-27T02:00,7.5,4.8,239,86
2024-10-27T03:00,7.3,6.5,150,87
2024-10-27T04:00,7.2,1.1,198,87
2024-10-27T05:00,7.1,4.6,189,88
2024-10-27T06:00,7.3,2.8,215,87
2024-10-27T07:00,8.6,2.9,158,79
2024-10-27T08:00,10.4,3.6,174,63
2024-10-27T09:00,12.2,6.7,117,53
2024-10-27T10:00,13.0,9.5,90,51
2024-10-27T11:00,14.0,8.6,80,53
2024-10-27T12:00,14.9,7.4,104,50
2024-10-27T13:00,16.5,9.9,112,45
2024-10-27T14:00,16.5,15.0,94,43
2024-10-27T15:00,14.6,24.0,82,44
2024-10-27T16:00,13.7,21.8,73,46
2024-10-27T17:00,13.6,8.0,23,50
2024-10-27T18:00,11.1,10.5,303,63
2024-10-27T19:00,10.2,15.7,306,70
2024-10-27T20:00,10.4,12.9,286,60
2024-10-27T21:00,8.8,4.3,253,77
2024-10-27T22:00,8.2,6.7,98,74
2024-10-27T23:00,7.3,8.5,61,78
2024-10-28T00:00,6.0,5.4,15,87
2024-10-28T01:00,5.5,7.5,24,88
2024-10-28T02:00,4.8,6.2,12,92
2024-10-28T03:00,4.3,4.1,337,94
2024-10-28T04:00,4.1,4.1,322,95
2024-10-28T05:00,3.6,4.3,343,99
2024-10-28T06:00,4.9,4.7,47,97
2024-10-28T07:00,7.8,5.3,24,84
2024-10-28T08:00,11.2,8.2,328,61
2024-10-28T09:00,13.0,7.6,1,52
2024-10-28T10:00,14.5,7.0,35,48
2024-10-28T11:00,15.6,7.5,73,45
2024-10-28T12:00,16.5,10.4,91,41
2024-10-28T13:00,17.9,15.7,105,34
2024-10-28T14:00,16.8,23.1,92,33
2024-10-28T15:00,15.0,24.1,45,44
2024-10-28T16:00,15.1,14.1,25,43
2024-10-28T17:00,12.6,16.4,300,57
2024-10-28T18:00,11.3,14.3,276,61
2024-10-28T19:00,10.2,15.9,297,67
2024-10-28T20:00,10.3,7.1,227,63
2024-10-28T21:00,10.1,5.9,305,65
2024-10-28T22:00,9.2,4.7,320,76
2024-10-28T23:00,9.1,4.0,18,75
2024-10-29T00:00,8.0,7.3,54,83
2024-10-29T01:00,6.7,6.4,38,90
2024-10-29T02:00,6.3,6.2,21,92
2024-10-29T03:00,6.1,8.3,22,91
2024-10-29T04:00,6.0,10.7,27,91
2024-10-29T05:00,5.6,10.5,344,90
2024-10-29T06:00,5.7,13.3,312,90
2024-10-29T07:00,7.9,8.1,302,75
2024-10-29T08:00,10.7,5.4,323,66
2024-10-29T09:00,12.3,4.7,7,61
2024-10-29T10:00,13.8,5.7,18,55
2024-10-29T11:00,15.2,5.6,15,51
2024-10-29T12:00,16.0,2.7,42,48
2024-10-29T13:00,16.5,4.8,110,46
2024-10-29T14:00,16.4,11.7,119,45
2024-10-29T15:00,16.5,14.5,107,41
2024-10-29T16:00,16.2,16.0,99,37
2024-10-29T17:00,11.9,23.5,206,56
2024-10-29T18:00,9.5,11.8,187,70
2024-10-29T19:00,9.3,2.9,274,70
2024-10-29T20:00,8.9,7.0,314,77
2024-10-29T21:00,8.0,11.4,87,82
2024-10-29T22:00,7.6,3.7,43,84
2024-10-29T23:00,7.4,5.8,30,85
2024-10-30T00:00,7.2,7.0,337,87
2024-10-30T01:00,6.5,5.1,306,92
2024-10-30T02:00,5.7,4.3,327,96
2024-10-30T03:00,5.9,4.6,342,95
2024-10-30T04:00,5.9,2.7,28,93
2024-10-30T05:00,6.3,3.1,350,89
2024-10-30T06:00,6.8,4.0,328,87
2024-10-30T07:00,7.9,2.7,323,81
2024-10-30T08:00,9.4,5.4,143,70
2024-10-30T09:00,11.2,5.2,106,61
2024-10-30T10:00,12.7,2.9,68,53
2024-10-30T11:00,13.9,1.3,360,53
2024-10-30T12:00,15.0,2.7,228,51
2024-10-30T13:00,16.0,5.5,212,48
2024-10-30T14:00,16.9,8.7,188,46
2024-10-30T15:00,16.3,10.2,139,47
2024-10-30T16:00,13.8,19.0,57,54
2024-10-30T17:00,14.4,15.4,83,48
2024-10-30T18:00,8.6,16.3,234,85
2024-10-30T19:00,8.9,10.4,28,81
2024-10-30T20:00,8.8,13.3,283,82
2024-10-30T21:00,8.7,9.0,268,80
2024-10-30T22:00,7.8,5.5,11,86
2024-10-30T23:00,6.7,5.5,27,92
2024-10-31T00:00,6.3,6.9,60,93
2024-10-31T01:00,5.4,5.4,53,97
2024-10-31T02:00,4.7,4.2,20,99
2024-10-31T03:00,4.5,2.9,313,100
2024-10-31T04:00,3.8,3.8,287,100
2024-10-31T05:00,3.3,4.8,299,99
2024-10-31T06:00,3.7,2.4,306,99
2024-10-31T07:00,5.8,5.4,300,97
2024-10-31T08:00,8.7,6.7,264,63
2024-10-31T09:00,11.1,5.6,274,46
2024-10-31T10:00,12.9,4.7,242,38
2024-10-31T11:00,14.5,7.6,211,33
2024-10-31T12:00,15.9,10.8,208,30
2024-10-31T13:00,16.9,12.9,213,27
2024-10-31T14:00,17.5,11.8,218,25
2024-10-31T15:00,17.8,6.7,199,25
2024-10-31T16:00,18.0,7.0,87,23
2024-10-31T17:00,16.2,5.4,84,32
2024-10-31T18:00,13.3,16.2,201,40
2024-10-31T19:00,11.1,22.8,206,41
2024-10-31T20:00,9.5,26.8,211,33
2024-10-31T21:00,8.0,19.3,214,39
2024-10-31T22:00,6.8,20.0,215,42
2024-10-31T23:00,5.8,17.2,221,46
2024-11-01T00:00,4.7,14.8,207,50
2024-11-01T01:00,3.6,13.0,213,56
2024-11-01T02:00,2.3,10.7,225,62
2024-11-01T03:00,1.1,9.6,221,68
2024-11-01T04:00,0.3,9.7,214,70
2024-11-01T05:00,-0.6,8.5,226,73
2024-11-01T06:00,0.3,6.5,247,70
2024-11-01T07:00,2.9,5.7,261,65
2024-11-01T08:00,7.3,7.0,258,42
2024-11-01T09:00,10.3,6.3,252,26
2024-11-01T10:00,12.1,5.2,256,24
2024-11-01T11:00,13.5,3.9,254,24
2024-11-01T12:00,14.9,5.3,198,20
2024-11-01T13:00,15.8,6.7,200,18
2024-11-01T14:00,16.7,8.8,219,20
2024-11-01T15:00,17.3,11.6,224,19
2024-11-01T16:00,17.5,11.7,212,17
2024-11-01T17:00,15.5,13.2,83,20
2024-11-01T18:00,12.3,10.9,78,32
2024-11-01T19:00,11.2,10.6,228,44
2024-11-01T20:00,9.8,21.7,234,26
2024-11-01T21:00,9.0,24.0,231,23
2024-11-01T22:00,8.1,18.0,229,28
2024-11-01T23:00,6.4,15.3,214,38
2024-11-02T00:00,5.0,16.1,216,46
2024-11-02T01:00,4.1,16.0,218,49
2024-11-02T02:00,3.1,13.1,227,53
2024-11-02T03:00,1.1,6.0,263,70
2024-11-02T04:00,0.7,4.0,270,71
2024-11-02T05:00,-1.0,5.6,243,83
2024-11-02T06:00,-0.2,3.5,249,75
2024-11-02T07:00,3.9,4.5,263,58
2024-11-02T08:00,9.2,7.3,253,30
2024-11-02T09:00,12.2,5.1,253,19
2024-11-02T10:00,14.0,3.5,208,17
2024-11-02T11:00,15.6,4.9,174,16
2024-11-02T12:00,17.2,6.7,172,14
2024-11-02T13:00,18.6,10.6,150,14
2024-11-02T14:00,19.5,15.4,127,13
2024-11-02T15:00,19.4,15.6,114,13
2024-11-02T16:00,18.3,22.4,82,19
2024-11-02T17:00,15.7,27.1,68,21
2024-11-02T18:00,14.5,18.8,67,22
2024-11-02T19:00,13.5,16.2,75,28
2024-11-02T20:00,12.6,13.0,48,35
2024-11-02T21:00,10.8,4.3,242,45
2024-11-02T22:00,10.1,11.1,212,39
2024-11-02T23:00,9.0,13.8,209,35
2024-11-03T00:00,7.0,16.1,212,39
2024-11-03T01:00,6.0,12.2,229,45
2024-11-03T02:00,4.9,8.7,275,53
2024-11-03T03:00,3.6,5.2,319,66
2024-11-03T04:00,3.5,4.0,324,69
2024-11-03T05:00,2.5,7.2,295,77
2024-11-03T06:00,4.0,2.8,305,71
2024-11-03T07:00,7.4,1.8,24,55
2024-11-03T08:00,11.0,1.7,148,33
2024-11-03T09:00,13.4,3.0,52,30
2024-11-03T10:00,15.7,8.8,64,25
2024-11-03T11:00,17.4,13.8,77,19
2024-11-03T12:00,18.6,17.6,83,17
2024-11-03T13:00,18.3,20.2,94,20
2024-11-03T14:00,17.9,15.8,113,21
2024-11-03T15:00,17.9,14.8,108,21
2024-11-03T16:00,17.3,14.8,94,23
2024-11-03T17:00,16.2,15.8,98,25
2024-11-03T18:00,14.1,24.2,79,41
2024-11-03T19:00,13.5,21.6,89,47
2024-11-03T20:00,12.6,17.6,83,54
2024-11-03T21:00,11.6,13.8,76,55
2024-11-03T22:00,10.2,4.0,212,65
2024-11-03T23:00,8.6,15.2,246,65
2024-11-04T00:00,7.6,10.6,230,63
2024-11-04T01:00,7.3,9.8,218,57
2024-11-04T02:00,6.6,11.0,208,51
2024-11-04T03:00,5.7,11.3,211,51
2024-11-04T04:00,4.9,8.6,240,53
2024-11-04T05:00,4.3,7.5,281,59
2024-11-04T06:00,5.8,5.2,274,58
2024-11-04T07:00,9.0,5.9,247,46
2024-11-04T08:00,11.7,10.5,246,37
2024-11-04T09:00,14.0,8.0,224,31
2024-11-04T10:00,16.0,7.7,205,25
2024-11-04T11:00,17.8,8.4,169,23
2024-11-04T12:00,19.3,12.5,110,21
2024-11-04T13:00,18.8,16.8,108,21
2024-11-04T14:00,18.9,17.8,103,21
2024-11-04T15:00,19.1,20.8,108,21
2024-11-04T16:00,18.1,23.4,94,23
2024-11-04T17:00,16.1,22.9,77,31
2024-11-04T18:00,15.0,19.4,80,35
2024-11-04T19:00,14.0,15.7,80,41
2024-11-04T20:00,13.1,15.4,85,52
2024-11-04T21:00,12.3,12.0,72,54
2024-11-04T22:00,10.9,8.5,325,58
2024-11-04T23:00,9.7,7.9,287,63
2024-11-05T00:00,8.2,5.5,311,72
2024-11-05T01:00,7.4,7.1,319,75
2024-11-05T02:00,6.6,6.9,317,81
2024-11-05T03:00,5.7,6.0,314,87
2024-11-05T04:00,5.1,3.6,311,91
2024-11-05T05:00,4.2,5.2,348,95
2024-11-05T06:00,6.1,3.5,305,86
2024-11-05T07:00,9.3,3.6,229,67
2024-11-05T08:00,11.8,2.0,355,52
2024-11-05T09:00,13.9,3.7,35,42
2024-11-05T10:00,15.8,4.9,57,32
2024-11-05T11:00,17.5,7.1,81,26
2024-11-05T12:00,19.1,11.2,89,20
2024-11-05T13:00,20.0,14.9,99,18
2024-11-05T14:00,20.0,13.4,96,19
2024-11-05T15:00,19.9,13.6,102,20
2024-11-05T16:00,18.5,20.3,91,25
2024-11-05T17:00,16.0,22.9,90,36
2024-11-05T18:00,14.6,24.6,85,47
2024-11-05T19:00,12.3,30.4,156,59
2024-11-05T20:00,13.3,16.8,93,54
2024-11-05T21:00,13.0,6.1,85,55
2024-11-05T22:00,12.5,1.4,247,57
2024-11-05T23:00,11.7,8.0,216,61
2024-11-06T00:00,11.0,12.3,219,67
2024-11-06T01:00,9.3,14.1,224,65
2024-11-06T02:00,8.2,10.3,213,57
2024-11-06T03:00,8.1,12.9,226,45
2024-11-06T04:00,6.0,6.5,328,71
2024-11-06T05:00,4.5,1.3,56,99
2024-11-06T06:00,6.6,4.5,247,76
2024-11-06T07:00,8.9,4.7,254,65
2024-11-06T08:00,12.4,10.9,246,20
2024-11-06T09:00,14.2,9.3,234,21
2024-11-06T10:00,16.0,8.3,229,21
2024-11-06T11:00,17.5,8.5,193,23
2024-11-06T12:00,18.8,11.1,151,23
2024-11-06T13:00,18.6,9.7,158,24
2024-11-06T14:00,18.7,5.8,124,22
2024-11-06T15:00,19.0,22.4,68,23
2024-11-06T16:00,17.1,28.6,71,25
2024-11-06T17:00,16.6,20.2,86,29
2024-11-06T18:00,14.6,17.2,114,40
2024-11-06T19:00,14.5,15.3,129,40
2024-11-06T20:00,13.7,8.1,201,38
2024-11-06T21:00,12.1,22.2,238,17
2024-11-06T22:00,10.2,21.3,234,23
2024-11-06T23:00,9.1,17.4,226,28
2024-11-07T00:00,8.2,15.7,227,31
2024-11-07T01:00,6.7,13.9,237,37
2024-11-07T02:00,5.7,13.7,226,38
2024-11-07T03:00,5.0,12.7,223,38
2024-11-07T04:00,4.2,9.6,227,39
2024-11-07T05:00,3.2,7.7,245,42
2024-11-07T06:00,3.6,6.6,253,44
2024-11-07T07:00,7.5,7.3,263,35
2024-11-07T08:00,11.3,8.9,256,17
2024-11-07T09:00,13.8,5.4,230,14
2024-11-07T10:00,15.7,6.6,193,15
2024-11-07T11:00,17.6,9.2,183,15
2024-11-07T12:00,19.6,12.9,143,15
2024-11-07T13:00,20.9,23.2,121,15
2024-11-07T14:00,20.1,27.1,117,15
2024-11-07T15:00,19.4,27.3,98,19
2024-11-07T16:00,17.4,28.9,76,20
2024-11-07T17:00,16.9,25.1,67,17
2024-11-07T18:00,15.3,17.3,76,26
2024-11-07T19:00,14.9,10.1,66,33
2024-11-07T20:00,12.6,5.4,360,45
2024-11-07T21:00,11.6,3.4,205,52
2024-11-07T22:00,10.9,14.4,227,33
2024-11-07T23:00,9.7,15.6,215,26
2024-11-08T00:00,8.7,14.5,208,42
2024-11-08T01:00,7.7,14.0,202,42
2024-11-08T02:00,6.3,13.3,207,38
2024-11-08T03:00,5.6,14.0,216,41
2024-11-08T04:00,5.1,13.4,219,43
2024-11-08T05:00,4.8,12.4,223,44
2024-11-08T06:00,6.1,11.1,207,40
2024-11-08T07:00,9.4,10.8,180,46
2024-11-08T08:00,11.7,5.8,141,51
2024-11-08T09:00,13.2,6.9,113,42
2024-11-08T10:00,14.3,10.4,110,39
2024-11-08T11:00,15.8,13.5,100,33
2024-11-08T12:00,17.3,15.4,104,28
2024-11-08T13:00,18.2,19.4,111,25
2024-11-08T14:00,18.5,22.0,110,23
2024-11-08T15:00,18.4,22.1,104,21
2024-11-08T16:00,18.0,24.0,80,21
2024-11-08T17:00,15.7,26.8,69,26
2024-11-08T18:00,14.9,13.8,81,28
2024-11-08T19:00,14.3,16.0,82,38
2024-11-08T20:00,13.3,18.2,76,46
2024-11-08T21:00,11.7,19.4,68,58
2024-11-08T22:00,10.7,16.3,68,59
2024-11-08T23:00,9.6,13.2,58,66
2024-11-09T00:00,8.7,11.3,51,68
2024-11-09T01:00,7.5,11.5,49,74
2024-11-09T02:00,6.4,9.2,23,81
2024-11-09T03:00,5.2,6.8,29,89
2024-11-09T04:00,4.3,6.8,48,92
2024-11-09T05:00,3.8,6.2,46,92
2024-11-09T06:00,5.5,5.2,46,81
2024-11-09T07:00,8.5,7.4,342,64
2024-11-09T08:00,11.3,8.3,4,46
2024-11-09T09:00,13.4,8.6,60,37
2024-11-09T10:00,16.2,14.9,75,27
2024-11-09T11:00,17.2,16.2,81,24
2024-11-09T12:00,18.8,16.7,90,19
2024-11-09T13:00,19.3,21.6,94,21
2024-11-09T14:00,18.2,24.9,100,25
2024-11-09T15:00,18.0,26.0,98,25
2024-11-09T16:00,17.2,23.6,102,27
2024-11-09T17:00,15.9,23.7,101,32
2024-11-09T18:00,14.1,24.1,104,44
2024-11-09T19:00,13.2,23.4,94,50
2024-11-09T20:00,11.7,25.9,74,50
2024-11-09T21:00,10.4,20.1,61,55
2024-11-09T22:00,9.2,11.2,52,64
2024-11-09T23:00,7.9,5.5,38,68
2024-11-10T00:00,7.5,6.9,129,71
2024-11-10T01:00,6.5,3.6,117,77
2024-11-10T02:00,6.5,1.5,324,77
2024-11-10T03:00,5.7,1.8,281,82
2024-11-10T04:00,5.2,2.5,360,84
2024-11-10T05:00,3.8,6.9,343,92
2024-11-10T06:00,6.0,5.1,333,82
2024-11-10T07:00,9.4,6.5,316,62
2024-11-10T08:00,11.6,3.3,241,52
2024-11-10T09:00,13.6,1.1,81,41
2024-11-10T10:00,15.5,5.1,84,31
2024-11-10T11:00,17.5,9.9,95,25
2024-11-10T12:00,18.5,16.4,95,22
2024-11-10T13:00,18.8,21.5,96,21
2024-11-10T14:00,19.2,22.2,101,22
2024-11-10T15:00,18.9,25.4,106,23
2024-11-10T16:00,17.8,25.7,111,25
2024-11-10T17:00,16.0,25.3,113,30
2024-11-10T18:00,15.1,19.4,97,32
2024-11-10T19:00,9.7,26.6,225,67
2024-11-10T20:00,13.5,15.3,62,40
2024-11-10T21:00,12.7,10.3,68,39
2024-11-10T22:00,11.7,7.9,200,44
2024-11-10T23:00,10.5,18.9,216,41
2024-11-11T00:00,9.2,16.3,197,43
2024-11-11T01:00,8.8,12.4,208,45
2024-11-11T02:00,8.1,12.7,230,50
2024-11-11T03:00,7.0,13.0,209,54
2024-11-11T04:00,6.6,15.3,220,53
2024-11-11T05:00,6.0,11.8,220,54
2024-11-11T06:00,7.1,8.1,225,50
2024-11-11T07:00,9.9,11.3,241,38
2024-11-11T08:00,12.7,10.1,235,30
2024-11-11T09:00,14.7,6.6,221,27
2024-11-11T10:00,16.9,8.3,178,24
2024-11-11T11:00,18.3,15.7,126,22
2024-11-11T12:00,18.4,19.2,95,22
2024-11-11T13:00,18.5,22.2,99,23
2024-11-11T14:00,19.2,22.8,99,21
2024-11-11T15:00,19.0,22.8,106,21
2024-11-11T16:00,18.1,22.8,110,21
2024-11-11T17:00,17.1,18.3,114,21
2024-11-11T18:00,16.0,13.9,104,23
2024-11-11T19:00,14.6,13.4,78,34
2024-11-11T20:00,13.7,12.8,104,44
2024-11-11T21:00,12.6,13.2,94,44
2024-11-11T22:00,11.6,10.1,177,48
2024-11-11T23:00,10.0,17.5,208,66
2024-11-12T00:00,9.4,18.4,214,49
2024-11-12T01:00,8.0,15.2,210,40
2024-11-12T02:00,7.2,14.2,210,43
2024-11-12T03:00,6.9,12.6,216,46
2024-11-12T04:00,6.2,9.9,218,50
2024-11-12T05:00,5.4,9.6,206,55
2024-11-12T06:00,6.8,8.6,216,50
2024-11-12T07:00,9.9,10.6,224,41
2024-11-12T08:00,12.8,2.2,175,46
2024-11-12T09:00,15.2,6.1,67,39
2024-11-12T10:00,17.2,6.9,70,33
2024-11-12T11:00,18.2,6.7,87,28
2024-11-12T12:00,18.8,8.0,106,25
2024-11-12T13:00,19.5,12.7,98,25
2024-11-12T14:00,18.3,16.4,81,29
2024-11-12T15:00,18.4,16.4,95,26
2024-11-12T16:00,14.8,17.6,182,38
2024-11-12T17:00,12.5,15.8,187,53
2024-11-12T18:00,10.1,13.4,175,63
2024-11-12T19:00,9.0,7.3,196,74
2024-11-12T20:00,8.3,8.0,100,78
2024-11-12T21:00,7.7,6.5,30,89
2024-11-12T22:00,8.0,12.3,134,87
2024-11-12T23:00,7.8,7.0,157,90
2024-11-13T00:00,7.5,7.1,174,88
2024-11-13T01:00,7.2,4.1,165,91
2024-11-13T02:00,7.1,2.3,151,89
2024-11-13T03:00,7.1,4.4,199,91
2024-11-13T04:00,6.8,7.9,191,93
2024-11-13T05:00,6.5,10.2,203,93
2024-11-13T06:00,6.7,8.4,211,87
2024-11-13T07:00,8.8,5.5,226,73
2024-11-13T08:00,11.6,1.0,149,60
2024-11-13T09:00,13.1,3.3,61,53
2024-11-13T10:00,14.7,3.5,66,46
2024-11-13T11:00,15.7,6.7,95,42
2024-11-13T12:00,16.5,7.1,60,37
2024-11-13T13:00,17.3,12.4,87,35
2024-11-13T14:00,13.0,13.7,51,55
2024-11-13T15:00,15.2,8.6,53,43
2024-11-13T16:00,8.6,16.6,5,84
2024-11-13T17:00,9.5,12.5,231,71
2024-11-13T18:00,8.8,3.4,273,85
2024-11-13T19:00,8.3,5.2,209,91
2024-11-13T20:00,7.6,1.3,172,88
2024-11-13T21:00,7.0,1.8,186,92
2024-11-13T22:00,7.0,3.1,140,92
2024-11-13T23:00,6.5,4.0,159,96
2024-11-14T00:00,6.2,3.2,196,97
2024-11-14T01:00,6.9,3.8,163,94
2024-11-14T02:00,6.3,5.1,141,96
2024-11-14T03:00,6.6,3.1,167,95
2024-11-14T04:00,6.4,2.8,140,93
2024-11-14T05:00,6.4,2.0,297,93
2024-11-14T06:00,6.7,3.6,300,90
2024-11-14T07:00,7.9,4.5,263,80
2024-11-14T08:00,9.7,2.3,315,72
2024-11-14T09:00,11.2,4.2,18,63
2024-11-14T10:00,12.6,4.2,7,54
2024-11-14T11:00,16.1,3.0,33,44
2024-11-14T12:00,17.7,2.7,180,40
2024-11-14T13:00,18.5,7.5,153,37
2024-11-14T14:00,13.2,18.5,55,56
2024-11-14T15:00,15.9,16.7,69,37
2024-11-14T16:00,13.7,16.3,58,50
2024-11-14T17:00,13.4,8.9,48,46
2024-11-14T18:00,10.9,5.8,256,66
2024-11-14T19:00,9.5,2.4,253,80
2024-11-14T20:00,8.9,9.4,302,80
2024-11-14T21:00,8.0,1.9,326,87
2024-11-14T22:00,7.8,6.9,301,89
2024-11-14T23:00,7.5,2.4,222,90
2024-11-15T00:00,7.1,0.6,252,92
2024-11-15T01:00,6.6,0.7,194,93
2024-11-15T02:00,6.7,0.3,45,85
2024-11-15T03:00,6.1,0.6,72,91
2024-11-15T04:00,6.4,1.6,333,92
2024-11-15T05:00,6.0,1.5,14,95
2024-11-15T06:00,7.4,0.7,14,89
2024-11-15T07:00,8.7,0.0,270,81
2024-11-15T08:00,10.6,4.4,322,67
2024-11-15T09:00,12.6,4.5,355,58
2024-11-15T10:00,14.5,5.1,32,48
2024-11-15T11:00,16.4,6.6,43,41
2024-11-15T12:00,17.6,9.4,43,37
2024-11-15T13:00,16.6,11.8,74,39
2024-11-15T14:00,13.2,12.2,29,53
2024-11-15T15:00,11.1,11.3,312,67
2024-11-15T16:00,10.5,2.8,320,71
2024-11-15T17:00,9.0,10.6,285,78
2024-11-15T18:00,8.3,4.7,254,85
2024-11-15T19:00,8.2,5.2,335,88
2024-11-15T20:00,7.0,11.5,247,84
2024-11-15T21:00,6.7,9.4,258,82
2024-11-15T22:00,6.2,9.2,274,88
2024-11-15T23:00,5.8,6.7,262,90
2024-11-16T00:00,5.4,1.6,27,93
2024-11-16T01:00,5.9,1.4,67,94
2024-11-16T02:00,5.7,3.3,22,93
2024-11-16T03:00,5.5,5.5,13,96
2024-11-16T04:00,5.4,6.3,5,99
2024-11-16T05:00,5.6,6.8,358,97
2024-11-16T06:00,5.6,6.7,352,96
2024-11-16T07:00,6.5,7.7,327,87
2024-11-16T08:00,9.1,7.8,320,68
2024-11-16T09:00,10.7,5.3,305,61
2024-11-16T10:00,12.3,3.9,307,56
2024-11-16T11:00,13.7,4.4,339,50
2024-11-16T12:00,15.2,4.8,349,45
2024-11-16T13:00,17.0,3.8,3,40
2024-11-16T14:00,17.3,1.7,77,39
2024-11-16T15:00,11.1,14.8,93,69
2024-11-16T16:00,11.8,4.9,178,64
2024-11-16T17:00,8.5,3.0,245,81
2024-11-16T18:00,8.1,6.5,300,86
2024-11-16T19:00,7.4,0.9,191,93
2024-11-16T20:00,7.3,15.9,119,94
2024-11-16T21:00,7.1,2.2,351,93
2024-11-16T22:00,7.0,1.7,139,87
2024-11-16T23:00,6.9,2.7,70,96
2024-11-17T00:00,7.0,6.2,60,94
2024-11-17T01:00,6.5,9.6,60,93
2024-11-17T02:00,6.3,8.7,5,95
2024-11-17T03:00,6.0,6.9,345,95
2024-11-17T04:00,6.2,2.1,345,94
2024-11-17T05:00,6.3,1.6,264,89
2024-11-17T06:00,6.2,8.7,278,90
2024-11-17T07:00,6.7,9.7,286,84
2024-11-17T08:00,8.2,7.1,263,67
2024-11-17T09:00,10.1,6.2,262,56
2024-11-17T10:00,11.8,3.3,306,51
2024-11-17T11:00,13.2,4.3,338,47
2024-11-17T12:00,14.7,1.3,352,45
2024-11-17T13:00,16.0,1.5,187,43
2024-11-17T14:00,17.3,1.4,337,40
2024-11-17T15:00,12.8,18.4,87,60
2024-11-17T16:00,13.3,12.0,43,54
2024-11-17T17:00,8.9,2.0,180,78
2024-11-17T18:00,7.3,15.3,272,88
2024-11-17T19:00,6.3,4.5,230,97
2024-11-17T20:00,7.4,4.5,272,95
2024-11-17T21:00,7.0,7.9,266,94
2024-11-17T22:00,6.5,10.1,259,95
2024-11-17T23:00,6.5,12.6,223,92
2024-11-18T00:00,5.9,12.7,227,89
2024-11-18T01:00,5.4,11.3,234,84
2024-11-18T02:00,5.3,8.1,211,83
2024-11-18T03:00,5.6,7.8,212,80
2024-11-18T04:00,5.1,6.5,210,82
2024-11-18T05:00,5.2,6.9,217,78
2024-11-18T06:00,6.3,6.5,224,69
2024-11-18T07:00,8.2,7.5,243,56
2024-11-18T08:00,10.0,5.5,232,51
2024-11-18T09:00,11.5,5.3,225,47
2024-11-18T10:00,13.3,3.1,277,44
2024-11-18T11:00,14.9,0.9,270,41
2024-11-18T12:00,16.1,2.7,172,40
2024-11-18T13:00,17.1,6.1,146,39
2024-11-18T14:00,14.3,16.1,76,50
2024-11-18T15:00,11.1,12.9,72,68
2024-11-18T16:00,12.9,5.0,111,54
2024-11-18T17:00,8.5,16.5,221,81
2024-11-18T18:00,6.9,8.8,255,98
2024-11-18T19:00,7.7,4.9,197,92
2024-11-18T20:00,7.4,5.9,121,93
2024-11-18T21:00,7.6,6.9,137,91
2024-11-18T22:00,7.3,7.2,141,91
2024-11-18T23:00,7.1,11.4,154,89
2024-11-19T00:00,6.0,7.4,151,89
2024-11-19T01:00,5.4,6.1,161,90
2024-11-19T02:00,5.1,4.3,195,90
2024-11-19T03:00,4.6,2.7,23,89
2024-11-19T04:00,3.2,5.4,14,98
2024-11-19T05:00,2.3,4.3,345,99
2024-11-19T06:00,2.3,4.4,330,100
2024-11-19T07:00,3.1,4.3,318,95
2024-11-19T08:00,7.5,3.6,267,70
2024-11-19T09:00,9.1,2.2,294,64
2024-11-19T10:00,10.8,3.2,308,58
2024-11-19T11:00,12.0,3.6,311,54
2024-11-19T12:00,13.5,3.4,276,49
2024-11-19T13:00,14.4,3.1,270,46
2024-11-19T14:00,15.5,2.2,275,44
2024-11-19T15:00,15.2,4.0,8,44
2024-11-19T16:00,15.2,5.0,21,42
2024-11-19T17:00,12.8,10.5,109,53
2024-11-19T18:00,9.1,21.3,196,79
2024-11-19T19:00,8.2,10.6,134,88
2024-11-19T20:00,7.3,5.7,305,95
2024-11-19T21:00,7.0,8.4,40,96
2024-11-19T22:00,6.9,5.4,250,96
2024-11-19T23:00,7.0,5.4,310,96
2024-11-20T00:00,6.3,1.1,288,97
2024-11-20T01:00,5.8,3.0,308,98
2024-11-20T02:00,5.5,2.2,294,98
2024-11-20T03:00,5.1,1.0,329,99
2024-11-20T04:00,4.9,1.7,319,100
2024-11-20T05:00,4.8,1.1,342,100
2024-11-20T06:00,6.2,3.9,347,97
2024-11-20T07:00,7.9,5.7,319,86
2024-11-20T08:00,11.1,1.3,270,54
2024-11-20T09:00,13.3,3.4,148,46
2024-11-20T10:00,14.5,3.4,108,44
2024-11-20T11:00,16.1,3.9,77,43
2024-11-20T12:00,16.8,4.7,90,42
2024-11-20T13:00,15.9,12.3,120,45
2024-11-20T14:00,14.0,7.3,140,51
2024-11-20T15:00,13.7,4.8,127,50
2024-11-20T16:00,11.5,12.7,212,65
2024-11-20T17:00,10.2,4.3,182,74
2024-11-20T18:00,8.6,11.9,218,87
2024-11-20T19:00,8.0,6.0,243,91
2024-11-20T20:00,7.5,9.1,249,91
2024-11-20T21:00,7.0,5.9,308,95
2024-11-20T22:00,7.0,7.4,283,93
2024-11-20T23:00,6.7,5.5,306,96
2024-11-21T00:00,6.5,2.6,34,98
2024-11-21T01:00,6.4,0.2,90,97
2024-11-21T02:00,6.2,3.1,291,97
2024-11-21T03:00,5.7,2.2,95,98
2024-11-21T04:00,5.6,4.7,247,100
2024-11-21T05:00,5.6,5.1,231,98
2024-11-21T06:00,5.7,9.8,220,97
2024-11-21T07:00,6.0,9.0,210,89
2024-11-21T08:00,8.8,9.7,180,71
2024-11-21T09:00,10.5,8.5,182,63
2024-11-21T10:00,10.5,9.8,185,64
2024-11-21T11:00,12.2,6.1,175,56
2024-11-21T12:00,14.1,3.8,139,52
2024-11-21T13:00,15.3,4.7,106,47
2024-11-21T14:00,9.7,15.6,36,76
2024-11-21T15:00,10.7,10.7,6,71
2024-11-21T16:00,11.8,1.3,315,64
2024-11-21T17:00,9.0,10.8,269,80
2024-11-21T18:00,8.5,3.2,207,87
2024-11-21T19:00,7.7,2.8,320,91
2024-11-21T20:00,7.5,2.7,212,94
2024-11-21T21:00,7.4,10.2,217,90
2024-11-21T22:00,6.7,10.6,228,89
2024-11-21T23:00,6.4,7.2,242,89
2024-11-22T00:00,6.1,7.7,249,89
2024-11-22T01:00,6.2,5.8,265,89
2024-11-22T02:00,5.7,4.9,246,92
2024-11-22T03:00,5.9,3.6,221,90
2024-11-22T04:00,6.1,2.2,256,88
2024-11-22T05:00,6.0,2.3,180,89
2024-11-22T06:00,6.4,4.0,190,88
2024-11-22T07:00,7.8,2.1,218,81
2024-11-22T08:00,10.5,4.8,110,67
2024-11-22T09:00,11.6,3.0,52,63
2024-11-22T10:00,12.3,2.1,345,59
2024-11-22T11:00,13.7,1.7,311,54
2024-11-22T12:00,14.8,1.9,253,47
2024-11-22T13:00,16.6,4.4,52,39
2024-11-22T14:00,12.8,14.9,105,58
2024-11-22T15:00,13.9,14.1,59,50
2024-11-22T16:00,11.7,13.7,62,62
2024-11-22T17:00,10.9,5.7,35,69
2024-11-22T18:00,9.3,2.2,355,78
2024-11-22T19:00,8.2,9.9,302,88
2024-11-22T20:00,7.6,9.5,224,94
2024-11-22T21:00,7.2,5.1,197,96
2024-11-22T22:00,7.2,6.5,199,93
2024-11-22T23:00,7.2,6.0,219,95
2024-11-23T00:00,6.7,7.0,271,94
2024-11-23T01:00,6.5,6.6,257,94
2024-11-23T02:00,6.7,6.7,251,96
2024-11-23T03:00,6.5,9.8,250,94
2024-11-23T04:00,6.0,10.2,240,92
2024-11-23T05:00,5.9,9.1,219,94
2024-11-23T06:00,6.0,6.5,222,95
2024-11-23T07:00,7.0,5.2,214,89
2024-11-23T08:00,7.3,3.9,233,88
2024-11-23T09:00,8.8,4.7,261,78
2024-11-23T10:00,9.8,4.6,288,72
2024-11-23T11:00,12.0,1.2,309,64
2024-11-23T12:00,11.4,8.8,47,63
2024-11-23T13:00,9.7,11.7,11,74
2024-11-23T14:00,12.6,6.3,345,56
2024-11-23T15:00,13.5,4.4,291,54
2024-11-23T16:00,12.2,6.4,260,59
2024-11-23T17:00,11.0,6.1,223,65
2024-11-23T18:00,9.0,2.5,291,78
2024-11-23T19:00,8.4,4.0,234,83
2024-11-23T20:00,7.8,2.7,28,88
2024-11-23T21:00,6.9,2.5,249,92
2024-11-23T22:00,6.4,2.3,151,96
2024-11-23T23:00,7.0,5.0,268,97
2024-11-24T00:00,6.5,6.2,192,98
2024-11-24T01:00,6.7,5.2,248,97
2024-11-24T02:00,6.3,5.3,215,97
2024-11-24T03:00,6.6,5.5,247,95
2024-11-24T04:00,6.7,5.0,249,92
2024-11-24T05:00,6.5,3.9,248,93
2024-11-24T06:00,7.1,3.8,262,90
2024-11-24T07:00,8.4,3.1,204,81
2024-11-24T08:00,8.7,3.3,171,76
2024-11-24T09:00,10.8,4.0,144,69
2024-11-24T10:00,13.6,1.6,84,58
2024-11-24T11:00,15.0,3.6,60,52
2024-11-24T12:00,12.7,7.6,94,60
2024-11-24T13:00,14.3,6.1,102,49
2024-11-24T14:00,15.0,11.2,55,49
2024-11-24T15:00,15.1,10.9,68,48
2024-11-24T16:00,12.9,12.0,43,59
2024-11-24T17:00,10.0,10.3,264,79
2024-11-24T18:00,8.4,6.5,212,92
2024-11-24T19:00,8.0,0.6,18,94
2024-11-24T20:00,8.4,6.9,173,91
2024-11-24T21:00,7.7,5.2,94,85
2024-11-24T22:00,6.9,0.7,360,95
2024-11-24T23:00,7.1,3.2,153,95
2024-11-25T00:00,7.0,6.1,225,93
2024-11-25T01:00,5.9,8.0,196,97
2024-11-25T02:00,5.8,6.5,242,95
2024-11-25T03:00,6.1,6.3,255,95
2024-11-25T04:00,6.1,3.9,304,97
2024-11-25T05:00,5.2,0.9,270,99
2024-11-25T06:00,6.4,1.2,219,97
2024-11-25T07:00,8.6,2.7,312,80
2024-11-25T08:00,9.0,5.7,311,77
2024-11-25T09:00,11.2,5.1,318,64
2024-11-25T10:00,13.5,2.2,5,57
2024-11-25T11:00,15.6,1.7,108,50
2024-11-25T12:00,17.0,4.4,111,45
2024-11-25T13:00,18.0,8.1,125,39
2024-11-25T14:00,18.1,11.7,86,35
2024-11-25T15:00,16.5,20.8,68,38
2024-11-25T16:00,14.9,12.5,70,48
2024-11-25T17:00,14.0,4.3,28,52
2024-11-25T18:00,11.5,1.9,241,68
2024-11-25T19:00,9.7,3.7,259,79
2024-11-25T20:00,9.4,8.6,247,75
2024-11-25T21:00,8.6,9.2,223,76
2024-11-25T22:00,8.4,13.1,214,74
2024-11-25T23:00,7.8,11.1,212,79
2024-11-26T00:00,7.0,9.6,217,83
2024-11-26T01:00,5.8,8.4,239,89
2024-11-26T02:00,5.1,5.9,308,95
2024-11-26T03:00,4.7,4.8,158,97
2024-11-26T04:00,4.7,4.6,288,96
2024-11-26T05:00,4.3,5.5,259,97
2024-11-26T06:00,4.8,3.6,267,94
2024-11-26T07:00,6.9,4.4,243,86
2024-11-26T08:00,10.5,4.3,268,70
2024-11-26T09:00,13.8,0.8,297,53
2024-11-26T10:00,15.5,3.8,115,48
2024-11-26T11:00,16.9,6.3,127,44
2024-11-26T12:00,18.3,7.0,116,41
2024-11-26T13:00,18.6,6.7,126,38
2024-11-26T14:00,18.7,10.1,66,34
2024-11-26T15:00,17.8,13.8,75,33
2024-11-26T16:00,16.2,15.8,69,42
2024-11-26T17:00,14.7,9.1,80,50
2024-11-26T18:00,12.3,6.4,144,66
2024-11-26T19:00,10.0,11.5,243,75
2024-11-26T20:00,9.6,15.4,209,77
2024-11-26T21:00,9.2,13.4,208,73
2024-11-26T22:00,8.1,11.3,189,80
2024-11-26T23:00,7.4,7.1,170,84
2024-11-27T00:00,7.0,5.8,185,87
2024-11-27T01:00,5.7,2.7,302,90
2024-11-27T02:00,5.7,0.8,135,94
2024-11-27T03:00,6.2,6.4,295,96
2024-11-27T04:00,4.4,1.9,319,98
2024-11-27T05:00,4.0,0.9,281,100
2024-11-27T06:00,6.3,3.1,332,98
2024-11-27T07:00,9.1,3.3,311,83
2024-11-27T08:00,11.7,3.6,135,65
2024-11-27T09:00,14.1,5.3,125,55
2024-11-27T10:00,13.9,9.5,80,58
2024-11-27T11:00,15.6,1.0,31,51
2024-11-27T12:00,17.4,2.6,115,47
2024-11-27T13:00,18.9,8.4,133,43
2024-11-27T14:00,15.8,6.6,73,48
2024-11-27T15:00,16.4,6.3,105,40
2024-11-27T16:00,16.4,12.1,136,39
2024-11-27T17:00,10.4,13.5,192,75
2024-11-27T18:00,10.1,9.8,224,76
2024-11-27T19:00,7.8,14.1,219,86
2024-11-27T20:00,7.4,10.3,230,91
2024-11-27T21:00,7.7,1.7,319,91
2024-11-27T22:00,7.0,7.6,338,94
2024-11-27T23:00,6.2,8.0,322,96
2024-11-28T00:00,5.9,6.5,330,93
2024-11-28T01:00,5.9,5.4,345,93
2024-11-28T02:00,5.9,2.4,343,95
2024-11-28T03:00,6.2,3.1,40,96
2024-11-28T04:00,6.0,3.5,12,97
2024-11-28T05:00,6.4,3.7,29,96
2024-11-28T06:00,7.1,6.0,25,95
2024-11-28T07:00,8.7,5.7,349,85
2024-11-28T08:00,10.9,3.5,21,71
2024-11-28T09:00,13.0,1.7,288,63
2024-11-28T10:00,15.1,1.3,164,55
2024-11-28T11:00,16.1,1.5,144,51
2024-11-28T12:00,17.5,3.3,144,46
2024-11-28T13:00,18.6,9.2,102,41
2024-11-28T14:00,18.0,14.9,101,39
2024-11-28T15:00,16.8,17.2,97,40
2024-11-28T16:00,15.6,13.2,95,43
2024-11-28T17:00,14.4,11.1,122,49
2024-11-28T18:00,12.6,14.0,157,58
2024-11-28T19:00,10.5,8.7,163,71
2024-11-28T20:00,8.9,0.4,333,83
2024-11-28T21:00,7.8,8.1,354,93
2024-11-28T22:00,7.7,6.4,335,92
2024-11-28T23:00,7.5,4.1,15,92
2024-11-29T00:00,7.4,3.3,22,94
2024-11-29T01:00,7.1,0.6,34,97
2024-11-29T02:00,6.5,4.8,257,97
2024-11-29T03:00,5.8,1.3,315,99
2024-11-29T04:00,5.4,2.7,307,99
2024-11-29T05:00,5.8,2.9,360,99
2024-11-29T06:00,6.9,4.9,360,94
2024-11-29T07:00,9.1,4.6,342,79
2024-11-29T08:00,11.3,4.1,360,66
2024-11-29T09:00,13.4,3.8,19,59
2024-11-29T10:00,15.4,3.3,9,52
2024-11-29T11:00,16.7,4.0,5,45
2024-11-29T12:00,18.0,5.7,41,38
2024-11-29T13:00,17.2,14.7,51,40
2024-11-29T14:00,15.7,12.6,80,48
2024-11-29T15:00,14.5,15.1,41,50
2024-11-29T16:00,15.1,7.7,28,49
2024-11-29T17:00,11.9,8.6,258,67
2024-11-29T18:00,10.2,4.4,263,77
2024-11-29T19:00,8.7,6.5,222,84
2024-11-29T20:00,7.8,6.7,124,94
2024-11-29T21:00,7.9,7.2,284,94
2024-11-29T22:00,8.0,2.4,324,93
2024-11-29T23:00,7.3,8.0,298,94
2024-11-30T00:00,7.2,3.5,294,92
2024-11-30T01:00,6.8,3.3,276,95
2024-11-30T02:00,6.2,4.5,284,98
2024-11-30T03:00,6.0,0.4,333,97
2024-11-30T04:00,5.8,1.2,333,98
2024-11-30T05:00,4.1,0.8,27,100
2024-11-30T06:00,6.0,3.6,354,97
2024-11-30T07:00,8.2,4.2,350,83
2024-11-30T08:00,11.6,7.9,317,59
2024-11-30T09:00,13.4,6.3,323,55
2024-11-30T10:00,14.9,6.2,338,51
2024-11-30T11:00,16.5,5.8,351,46
2024-11-30T12:00,18.1,5.4,2,41
2024-11-30T13:00,19.2,6.0,37,38
2024-11-30T14:00,19.8,10.1,51,35
2024-11-30T15:00,14.6,17.7,52,55
2024-11-30T16:00,14.1,6.5,347,55
2024-11-30T17:00,11.3,16.8,221,71
2024-11-30T18:00,9.0,16.4,211,84
2024-11-30T19:00,8.6,3.3,209,86
2024-11-30T20:00,7.6,8.3,95,96
2024-11-30T21:00,8.4,9.7,204,88
2024-11-30T22:00,7.6,4.7,133,92
2024-11-30T23:00,7.8,0.4,270,88
2024-12-01T00:00,7.7,1.2,297,89
2024-12-01T01:00,7.2,9.8,306,95
2024-12-01T02:00,7.1,12.4,336,96
2024-12-01T03:00,6.7,11.4,334,93
2024-12-01T04:00,6.1,8.7,328,96
2024-12-01T05:00,6.2,7.9,311,93
2024-12-01T06:00,5.6,11.1,326,94
2024-12-01T07:00,5.6,11.5,338,94
2024-12-01T08:00,9.0,3.9,347,78
2024-12-01T09:00,11.4,2.4,343,68
2024-12-01T10:00,12.5,4.7,293,60
2024-12-01T11:00,13.5,3.8,265,54
2024-12-01T12:00,15.5,0.3,135,48
2024-12-01T13:00,17.4,5.5,148,43
2024-12-01T14:00,16.4,6.9,276,46
2024-12-01T15:00,12.7,9.6,194,63
2024-12-01T16:00,13.6,13.3,234,58
2024-12-01T17:00,12.8,8.1,205,60
2024-12-01T18:00,10.8,3.6,213,73
2024-12-01T19:00,8.7,2.4,306,93
2024-12-01T20:00,7.8,8.1,155,89
2024-12-01T21:00,7.9,6.5,316,95
2024-12-01T22:00,6.9,2.4,297,98
2024-12-01T23:00,6.5,3.1,277,98
2024-12-02T00:00,5.5,3.1,320,98
2024-12-02T01:00,4.8,3.6,307,99
2024-12-02T02:00,4.9,4.5,293,98
2024-12-02T03:00,4.5,4.0,302,99
2024-12-02T04:00,4.6,4.4,300,99
2024-12-02T05:00,4.5,5.0,291,99
2024-12-02T06:00,5.1,5.0,311,98
2024-12-02T07:00,6.9,5.5,311,90
2024-12-02T08:00,10.8,2.1,285,73
2024-12-02T09:00,13.3,3.2,273,54
2024-12-02T10:00,15.6,3.1,239,38
2024-12-02T11:00,16.8,2.4,153,35
2024-12-02T12:00,18.1,4.4,148,32
2024-12-02T13:00,19.2,6.0,93,32
2024-12-02T14:00,17.3,15.5,89,35
2024-12-02T15:00,15.7,15.8,71,43
2024-12-02T16:00,15.9,8.0,67,41
2024-12-02T17:00,13.2,8.3,268,52
2024-12-02T18:00,8.3,12.3,247,79
2024-12-02T19:00,8.9,6.1,247,81
2024-12-02T20:00,8.1,13.3,167,86
2024-12-02T21:00,8.4,7.6,223,83
2024-12-02T22:00,7.7,3.4,177,88
2024-12-02T23:00,8.2,3.6,183,85
2024-12-03T00:00,7.8,10.8,195,84
2024-12-03T01:00,7.6,7.7,211,78
2024-12-03T02:00,7.1,5.1,238,82
2024-12-03T03:00,7.0,5.4,284,85
2024-12-03T04:00,6.5,2.7,302,90
2024-12-03T05:00,6.5,1.1,351,92
2024-12-03T06:00,7.6,2.7,32,87
2024-12-03T07:00,9.4,4.8,345,74
2024-12-03T08:00,10.6,5.7,323,64
2024-12-03T09:00,11.9,4.8,329,56
2024-12-03T10:00,12.9,2.1,322,51
2024-12-03T11:00,14.4,1.3,236,44
2024-12-03T12:00,15.0,4.1,221,40
2024-12-03T13:00,15.7,9.5,217,34
2024-12-03T14:00,14.9,12.9,203,34
2024-12-03T15:00,15.3,12.8,182,33
2024-12-03T16:00,14.8,9.8,162,35
2024-12-03T17:00,13.8,5.5,131,40
2024-12-03T18:00,11.3,4.9,118,56
2024-12-03T19:00,10.5,1.5,210,65
2024-12-03T20:00,9.8,9.5,216,69
2024-12-03T21:00,8.9,14.9,240,71
2024-12-03T22:00,7.9,5.2,295,75
2024-12-03T23:00,6.7,0.9,127,83
2024-12-04T00:00,6.2,3.4,183,84
2024-12-04T01:00,5.9,3.1,201,82
2024-12-04T02:00,5.4,1.2,309,84
2024-12-04T03:00,4.7,3.0,303,91
2024-12-04T04:00,4.4,2.2,305,94
2024-12-04T05:00,4.8,0.5,360,94
2024-12-04T06:00,6.4,2.9,281,89
2024-12-04T07:00,8.6,3.4,264,64
2024-12-04T08:00,11.3,0.6,236,55
2024-12-04T09:00,13.5,1.9,229,49
2024-12-04T10:00,15.4,2.2,261,42
2024-12-04T11:00,16.7,1.1,261,38
2024-12-04T12:00,17.8,1.5,201,36
2024-12-04T13:00,17.6,4.3,75,36
2024-12-04T14:00,15.2,15.3,46,45
2024-12-04T15:00,15.2,10.7,42,40
2024-12-04T16:00,13.2,13.8,18,56
2024-12-04T17:00,12.8,5.5,253,57
2024-12-04T18:00,11.4,8.0,250,69
2024-12-04T19:00,8.1,15.5,206,82
2024-12-04T20:00,8.9,9.8,239,67
2024-12-04T21:00,8.7,8.9,245,70
2024-12-04T22:00,7.9,7.4,247,75
2024-12-04T23:00,6.5,3.7,259,85
2024-12-05T00:00,5.4,2.7,132,87
2024-12-05T01:00,5.1,2.2,312,89
2024-12-05T02:00,4.3,4.3,312,96
2024-12-05T03:00,3.5,2.4,333,100
2024-12-05T04:00,3.4,2.6,309,100
2024-12-05T05:00,3.7,6.2,314,100
2024-12-05T06:00,4.3,5.7,325,97
2024-12-05T07:00,6.2,5.5,316,88
2024-12-05T08:00,9.5,4.5,293,71
2024-12-05T09:00,12.6,4.2,280,54
2024-12-05T10:00,14.7,0.9,259,43
2024-12-05T11:00,15.8,1.0,45,38
2024-12-05T12:00,17.2,0.4,153,35
2024-12-05T13:00,17.9,2.2,156,34
2024-12-05T14:00,18.2,2.1,160,33
2024-12-05T15:00,16.3,13.7,52,37
2024-12-05T16:00,12.6,12.4,347,58
2024-12-05T17:00,11.2,3.8,275,68
2024-12-05T18:00,7.3,19.5,261,88
2024-12-05T19:00,7.2,9.2,230,92
2024-12-05T20:00,8.2,3.3,315,87
2024-12-05T21:00,8.2,2.4,333,88
2024-12-05T22:00,7.1,2.6,344,94
2024-12-05T23:00,6.1,1.1,351,96
2024-12-06T00:00,5.6,2.3,302,98
2024-12-06T01:00,5.4,1.6,276,99
2024-12-06T02:00,5.0,1.8,264,100
2024-12-06T03:00,4.8,4.4,291,100
2024-12-06T04:00,4.6,4.3,292,99
2024-12-06T05:00,4.3,2.1,308,100
2024-12-06T06:00,5.9,3.4,286,98
2024-12-06T07:00,8.1,3.4,288,86
2024-12-06T08:00,11.3,3.8,335,60
2024-12-06T09:00,14.2,3.5,321,40
2024-12-06T10:00,16.2,1.1,270,36
2024-12-06T11:00,17.6,2.4,103,32
2024-12-06T12:00,18.7,1.7,131,30
2024-12-06T13:00,18.9,4.4,173,30
2024-12-06T14:00,17.8,10.8,79,32
2024-12-06T15:00,15.4,13.5,87,42
2024-12-06T16:00,14.8,12.2,27,43
2024-12-06T17:00,8.9,11.8,218,81
2024-12-06T18:00,8.6,10.2,172,92
2024-12-06T19:00,8.8,10.4,170,91
2024-12-06T20:00,8.3,11.2,221,95
2024-12-06T21:00,8.4,11.4,254,94
2024-12-06T22:00,7.6,3.9,304,93
2024-12-06T23:00,7.0,4.3,17,97
2024-12-07T00:00,6.7,4.1,38,98
2024-12-07T01:00,6.3,1.0,31,98
2024-12-07T02:00,6.0,1.4,337,99
2024-12-07T03:00,6.2,0.6,304,98
2024-12-07T04:00,6.0,1.4,270,98
2024-12-07T05:00,5.0,3.4,238,99
2024-12-07T06:00,6.3,5.3,188,93
2024-12-07T07:00,8.7,4.9,204,69
2024-12-07T08:00,11.3,6.9,211,53
2024-12-07T09:00,13.4,3.1,211,50
2024-12-07T10:00,15.1,0.9,143,48
2024-12-07T11:00,15.6,4.1,45,47
2024-12-07T12:00,10.8,13.1,83,70
2024-12-07T13:00,15.6,5.2,106,43
2024-12-07T14:00,12.8,16.3,49,61
2024-12-07T15:00,12.5,9.0,1,61
2024-12-07T16:00,12.8,4.8,37,59
2024-12-07T17:00,10.4,5.4,339,74
2024-12-07T18:00,9.8,5.9,149,74
2024-12-07T19:00,8.3,5.0,77,89
2024-12-07T20:00,7.7,5.4,186,92
2024-12-07T21:00,7.6,8.1,175,94
2024-12-07T22:00,7.6,3.1,242,95
2024-12-07T23:00,7.7,2.5,278,93
2024-12-08T00:00,7.5,5.0,314,92
2024-12-08T01:00,7.4,6.5,321,92
2024-12-08T02:00,6.7,9.8,308,91
2024-12-08T03:00,5.5,2.7,332,94
2024-12-08T04:00,5.3,3.8,349,95
2024-12-08T05:00,4.5,3.4,328,95
2024-12-08T06:00,5.7,6.9,313,91
2024-12-08T07:00,8.4,7.8,316,76
2024-12-08T08:00,11.4,9.9,328,61
2024-12-08T09:00,13.3,8.1,332,53
2024-12-08T10:00,14.8,7.0,339,49
2024-12-08T11:00,16.4,5.4,354,45
2024-12-08T12:00,17.5,2.8,15,43
2024-12-08T13:00,17.4,6.2,68,42
2024-12-08T14:00,12.5,7.8,52,64
2024-12-08T15:00,13.1,15.6,60,60
2024-12-08T16:00,13.4,5.4,104,58
2024-12-08T17:00,12.3,6.5,199,62
2024-12-08T18:00,8.5,6.6,119,84
2024-12-08T19:00,8.4,5.2,266,87
2024-12-08T20:00,8.3,2.8,220,88
2024-12-08T21:00,8.1,5.1,321,94
2024-12-08T22:00,8.0,4.5,270,93
2024-12-08T23:00,7.9,7.5,294,96
2024-12-09T00:00,7.5,7.8,278,95
2024-12-09T01:00,7.0,8.5,277,94
2024-12-09T02:00,6.9,9.6,278,90
2024-12-09T03:00,6.3,8.3,264,92
2024-12-09T04:00,5.4,3.8,259,95
2024-12-09T05:00,4.8,4.0,262,95
2024-12-09T06:00,6.4,4.1,322,94
2024-12-09T07:00,8.8,4.8,307,80
2024-12-09T08:00,11.1,6.2,327,64
2024-12-09T09:00,13.4,7.4,319,56
2024-12-09T10:00,14.7,5.7,311,52
2024-12-09T11:00,16.4,2.7,307,48
2024-12-09T12:00,17.1,3.1,69,45
2024-12-09T13:00,16.6,11.8,59,45
2024-12-09T14:00,14.8,10.6,67,53
2024-12-09T15:00,14.3,7.9,13,52
2024-12-09T16:00,11.8,3.2,304,63
2024-12-09T17:00,12.1,6.7,104,60
2024-12-09T18:00,9.2,7.7,66,80
2024-12-09T19:00,8.7,7.9,41,82
2024-12-09T20:00,7.3,3.6,108,92
2024-12-09T21:00,6.8,3.1,294,94
2024-12-09T22:00,6.9,4.1,193,94
2024-12-09T23:00,6.4,8.1,342,97
2024-12-10T00:00,6.8,4.2,335,93
2024-12-10T01:00,6.3,4.9,343,96
2024-12-10T02:00,6.1,3.5,351,97
2024-12-10T03:00,5.2,3.8,8,98
2024-12-10T04:00,5.3,5.5,351,97
2024-12-10T05:00,4.6,4.6,324,97
2024-12-10T06:00,6.1,4.3,343,93
2024-12-10T07:00,8.4,2.2,5,83
2024-12-10T08:00,11.6,6.5,5,62
2024-12-10T09:00,13.7,6.4,36,52
2024-12-10T10:00,15.4,5.5,44,47
2024-12-10T11:00,16.4,4.2,43,47
2024-12-10T12:00,17.6,4.7,62,43
2024-12-10T13:00,17.8,8.3,101,41
2024-12-10T14:00,16.3,17.3,60,42
2024-12-10T15:00,15.3,18.7,83,43
2024-12-10T16:00,13.9,7.4,47,53
2024-12-10T17:00,11.0,10.8,4,71
2024-12-10T18:00,8.9,4.4,263,81
2024-12-10T19:00,8.6,10.3,308,86
2024-12-10T20:00,8.8,6.1,267,80
2024-12-10T21:00,7.5,4.3,265,86
2024-12-10T22:00,6.5,16.3,6,95
2024-12-10T23:00,6.5,12.1,308,94
2024-12-11T00:00,5.3,8.6,311,96
2024-12-11T01:00,5.1,5.3,294,96
2024-12-11T02:00,4.6,1.4,247,96
2024-12-11T03:00,4.1,0.3,45,99
2024-12-11T04:00,3.3,2.3,23,100
2024-12-11T05:00,3.2,3.9,347,99
2024-12-11T06:00,4.9,5.9,333,99
2024-12-11T07:00,8.2,5.8,330,83
2024-12-11T08:00,10.6,7.1,330,68
2024-12-11T09:00,13.1,5.6,343,54
2024-12-11T10:00,14.9,3.4,344,48
2024-12-11T11:00,16.6,3.2,52,41
2024-12-11T12:00,18.0,6.7,85,39
2024-12-11T13:00,18.2,10.8,93,36
2024-12-11T14:00,17.8,17.0,80,32
2024-12-11T15:00,15.6,17.0,70,43
2024-12-11T16:00,14.6,16.8,86,50
2024-12-11T17:00,13.7,11.2,111,53
2024-12-11T18:00,12.5,8.8,137,61
2024-12-11T19:00,9.3,15.9,274,79
2024-12-11T20:00,9.4,12.6,234,76
2024-12-11T21:00,7.9,11.2,6,87
2024-12-11T22:00,7.6,9.2,287,89
2024-12-11T23:00,6.9,8.3,303,91
2024-12-12T00:00,6.3,7.9,327,95
2024-12-12T01:00,6.1,6.0,350,94
2024-12-12T02:00,5.5,0.7,256,94
2024-12-12T03:00,5.4,4.6,351,95
2024-12-12T04:00,3.9,2.4,13,98
2024-12-12T05:00,4.2,4.8,349,99
2024-12-12T06:00,5.0,5.9,333,97
2024-12-12T07:00,6.9,4.9,309,86
2024-12-12T08:00,10.4,3.1,336,71
2024-12-12T09:00,12.8,1.9,343,57
2024-12-12T10:00,15.0,1.2,27,48
2024-12-12T11:00,16.5,3.4,93,44
2024-12-12T12:00,17.3,5.8,112,41
2024-12-12T13:00,18.1,8.5,103,38
2024-12-12T14:00,17.9,16.6,87,32
2024-12-12T15:00,15.8,19.6,93,39
2024-12-12T16:00,15.2,10.9,128,43
2024-12-12T17:00,10.1,17.0,230,75
2024-12-12T18:00,10.6,13.0,186,66
2024-12-12T19:00,9.4,9.1,231,77
2024-12-12T20:00,8.1,6.9,240,87
2024-12-12T21:00,8.0,7.4,248,86
2024-12-12T22:00,7.4,1.9,119,87
2024-12-12T23:00,6.8,3.4,16,93
2024-12-13T00:00,6.6,6.0,339,95
2024-12-13T01:00,6.5,5.4,360,96
2024-12-13T02:00,6.0,3.3,6,96
2024-12-13T03:00,5.6,2.6,304,97
2024-12-13T04:00,4.2,3.6,267,99
2024-12-13T05:00,3.8,3.9,304,100
2024-12-13T06:00,5.7,5.5,322,98
2024-12-13T07:00,8.4,3.7,331,85
2024-12-13T08:00,10.2,1.5,315,68
2024-12-13T09:00,12.4,0.7,360,61
2024-12-13T10:00,14.1,3.9,114,57
2024-12-13T11:00,15.6,8.0,113,49
2024-12-13T12:00,16.9,9.3,99,43
2024-12-13T13:00,17.4,12.2,90,40
2024-12-13T14:00,16.8,12.2,98,40
2024-12-13T15:00,16.0,15.1,89,40
2024-12-13T16:00,13.5,12.2,135,53
2024-12-13T17:00,13.7,7.0,100,51
2024-12-13T18:00,11.9,3.4,164,62
2024-12-13T19:00,10.1,15.8,212,73
2024-12-13T20:00,8.7,12.2,209,77
2024-12-13T21:00,8.1,10.1,224,81
2024-12-13T22:00,7.9,9.0,227,81
2024-12-13T23:00,7.0,6.3,270,87
2024-12-14T00:00,5.5,3.5,305,94
2024-12-14T01:00,4.4,1.5,7,100
2024-12-14T02:00,3.8,2.4,324,100
2024-12-14T03:00,3.9,4.6,318,100
2024-12-14T04:00,3.9,4.7,328,99
2024-12-14T05:00,3.7,5.4,334,99
2024-12-14T06:00,4.0,8.1,325,98
2024-12-14T07:00,5.8,6.4,315,91
2024-12-14T08:00,10.1,3.5,332,74
2024-12-14T09:00,13.3,4.2,335,56
2024-12-14T10:00,15.4,3.1,54,51
2024-12-14T11:00,16.9,4.9,92,46
2024-12-14T12:00,17.6,8.5,119,41
2024-12-14T13:00,18.3,12.0,114,38
2024-12-14T14:00,17.9,16.5,101,38
2024-12-14T15:00,16.7,17.7,107,39
2024-12-14T16:00,15.8,13.0,104,38
2024-12-14T17:00,15.0,10.8,89,45
2024-12-14T18:00,12.4,3.3,241,63
2024-12-14T19:00,8.3,18.4,201,78
2024-12-14T20:00,9.0,8.5,182,69
2024-12-14T21:00,8.3,5.5,234,78
2024-12-14T22:00,7.1,3.8,355,86
2024-12-14T23:00,6.5,2.7,58,89
2024-12-15T00:00,6.0,2.4,126,90
2024-12-15T01:00,6.1,3.8,3,92
2024-12-15T02:00,5.6,5.3,325,94
2024-12-15T03:00,4.3,3.7,331,96
2024-12-15T04:00,3.9,1.5,339,97
2024-12-15T05:00,3.5,0.9,270,99
2024-12-15T06:00,5.0,6.1,247,96
2024-12-15T07:00,8.0,5.3,235,78
2024-12-15T08:00,11.2,4.8,202,60
2024-12-15T09:00,13.5,1.1,81,50
2024-12-15T10:00,15.1,3.8,65,46
2024-12-15T11:00,16.7,5.1,80,40
2024-12-15T12:00,17.5,8.6,91,36
2024-12-15T13:00,18.1,13.5,98,32
2024-12-15T14:00,17.5,15.8,107,30
2024-12-15T15:00,17.0,18.7,104,30
2024-12-15T16:00,15.5,16.7,107,38
2024-12-15T17:00,14.7,14.1,112,42
2024-12-15T18:00,12.9,11.7,100,52
2024-12-15T19:00,11.4,12.2,110,62
2024-12-15T20:00,10.2,14.1,196,62
2024-12-15T21:00,6.4,16.7,243,86
2024-12-15T22:00,7.4,1.5,263,84
2024-12-15T23:00,7.5,7.3,293,85
2024-12-16T00:00,7.4,7.1,353,81
2024-12-16T01:00,6.1,4.4,322,87
2024-12-16T02:00,5.4,3.2,360,90
2024-12-16T03:00,5.9,5.4,4,89
2024-12-16T04:00,4.6,3.8,8,92
2024-12-16T05:00,4.0,3.8,352,94
2024-12-16T06:00,5.6,2.2,35,89
2024-12-16T07:00,8.7,3.1,320,74
2024-12-16T08:00,10.8,5.2,31,65
2024-12-16T09:00,13.2,5.6,40,54
2024-12-16T10:00,14.9,5.8,64,47
2024-12-16T11:00,16.3,9.8,82,41
2024-12-16T12:00,16.9,12.7,83,32
2024-12-16T13:00,17.0,14.9,82,30
2024-12-16T14:00,16.8,17.3,87,29
2024-12-16T15:00,16.6,16.6,92,31
2024-12-16T16:00,15.8,17.9,107,35
2024-12-16T17:00,14.3,17.3,106,40
2024-12-16T18:00,12.8,17.5,125,51
2024-12-16T19:00,11.1,15.8,126,60
2024-12-16T20:00,10.2,20.8,152,64
2024-12-16T21:00,8.0,14.6,136,71
2024-12-16T22:00,7.0,3.5,118,82
2024-12-16T23:00,5.9,4.8,151,89
2024-12-17T00:00,6.0,7.8,185,89
2024-12-17T01:00,5.3,7.1,214,92
2024-12-17T02:00,4.7,7.7,258,94
2024-12-17T03:00,4.2,7.9,274,94
2024-12-17T04:00,4.0,4.9,306,92
2024-12-17T05:00,3.2,3.9,332,94
2024-12-17T06:00,5.0,5.2,4,88
2024-12-17T07:00,8.5,5.0,26,72
2024-12-17T08:00,11.4,3.3,319,56
2024-12-17T09:00,13.5,3.3,354,46
2024-12-17T10:00,15.2,4.8,48,39
2024-12-17T11:00,16.9,7.3,74,32
2024-12-17T12:00,17.5,11.9,87,28
2024-12-17T13:00,17.4,13.3,88,27
2024-12-17T14:00,17.5,12.6,81,26
2024-12-17T15:00,17.7,13.3,81,27
2024-12-17T16:00,15.5,17.6,91,33
2024-12-17T17:00,13.7,17.3,88,46
2024-12-17T18:00,12.1,14.5,110,54
2024-12-17T19:00,11.1,10.5,102,63
2024-12-17T20:00,9.7,9.2,12,72
2024-12-17T21:00,6.2,17.6,257,91
2024-12-17T22:00,6.2,4.2,306,92
2024-12-17T23:00,5.9,6.2,278,97
2024-12-18T00:00,6.3,6.2,232,94
2024-12-18T01:00,6.1,6.1,227,95
2024-12-18T02:00,5.3,6.5,203,97
2024-12-18T03:00,4.0,4.2,216,97
2024-12-18T04:00,3.8,3.0,287,96
2024-12-18T05:00,3.8,4.7,317,97
2024-12-18T06:00,5.5,5.5,343,95
2024-12-18T07:00,7.9,2.8,325,78
2024-12-18T08:00,10.7,4.7,317,58
2024-12-18T09:00,12.1,5.4,330,50
2024-12-18T10:00,13.8,4.8,345,43
2024-12-18T11:00,15.6,4.7,342,38
2024-12-18T12:00,16.8,3.3,276,37
2024-12-18T13:00,17.7,2.5,201,34
2024-12-18T14:00,13.7,14.9,78,56
2024-12-18T15:00,13.7,8.8,73,47
2024-12-18T16:00,13.7,4.0,342,46
2024-12-18T17:00,9.2,15.3,224,76
2024-12-18T18:00,7.9,13.1,221,86
2024-12-18T19:00,7.7,13.1,241,91
2024-12-18T20:00,7.8,13.8,297,95
2024-12-18T21:00,7.5,12.1,298,93
2024-12-18T22:00,7.2,5.1,8,95
2024-12-18T23:00,6.8,7.8,355,96
2024-12-19T00:00,6.7,10.0,343,92
2024-12-19T01:00,6.1,13.0,338,94
2024-12-19T02:00,5.5,15.7,322,94
2024-12-19T03:00,5.0,12.1,327,95
2024-12-19T04:00,4.6,9.8,325,95
2024-12-19T05:00,4.4,7.8,320,95
2024-12-19T06:00,5.0,7.4,334,93
2024-12-19T07:00,7.2,8.8,341,78
2024-12-19T08:00,9.5,10.8,349,61
2024-12-19T09:00,11.8,9.0,348,50
2024-12-19T10:00,13.6,5.4,334,48
2024-12-19T11:00,14.9,3.7,325,45
2024-12-19T12:00,16.0,4.3,345,44
2024-12-19T13:00,16.9,4.2,340,41
2024-12-19T14:00,17.0,7.4,13,39
2024-12-19T15:00,15.4,13.7,52,43
2024-12-19T16:00,12.5,17.4,57,58
2024-12-19T17:00,12.4,10.7,54,58
2024-12-19T18:00,10.8,3.2,196,68
2024-12-19T19:00,6.6,11.2,210,97
2024-12-19T20:00,7.4,6.9,253,92
2024-12-19T21:00,7.5,9.3,229,90
2024-12-19T22:00,7.4,8.4,233,86
2024-12-19T23:00,6.9,8.1,239,80
2024-12-20T00:00,7.0,6.7,234,77
2024-12-20T01:00,7.1,7.3,242,76
2024-12-20T02:00,7.2,6.7,243,80
2024-12-20T03:00,7.1,4.5,230,81
2024-12-20T04:00,5.8,2.8,235,89
2024-12-20T05:00,5.1,1.4,157,89
2024-12-20T06:00,6.2,4.9,184,84
2024-12-20T07:00,8.6,3.9,202,68
2024-12-20T08:00,10.9,2.2,235,54
2024-12-20T09:00,12.6,4.6,225,48
2024-12-20T10:00,14.2,6.6,229,44
2024-12-20T11:00,15.8,6.1,223,43
2024-12-20T12:00,16.3,8.1,197,43
2024-12-20T13:00,15.4,10.1,184,45
2024-12-20T14:00,12.7,12.4,106,59
2024-12-20T15:00,14.6,5.4,132,51
2024-12-20T16:00,9.2,11.9,175,80
2024-12-20T17:00,9.0,9.3,278,83
2024-12-20T18:00,8.4,8.5,328,87
2024-12-20T19:00,8.1,4.6,347,88
2024-12-20T20:00,8.2,1.5,300,91
2024-12-20T21:00,7.3,3.0,303,93
2024-12-20T22:00,7.3,4.1,229,92
2024-12-20T23:00,7.7,9.4,216,67
2024-12-21T00:00,6.8,8.2,220,64
2024-12-21T01:00,5.3,7.3,254,71
2024-12-21T02:00,3.6,3.6,273,82
2024-12-21T03:00,3.3,2.9,317,90
2024-12-21T04:00,3.2,4.1,315,96
2024-12-21T05:00,3.2,4.5,310,97
2024-12-21T06:00,3.7,5.0,319,95
2024-12-21T07:00,5.8,4.6,324,86
2024-12-21T08:00,9.9,3.0,322,58
2024-12-21T09:00,12.9,3.1,315,42
2024-12-21T10:00,15.2,0.0,270,40
2024-12-21T11:00,16.3,4.1,105,40
2024-12-21T12:00,17.5,6.4,133,38
2024-12-21T13:00,17.4,8.3,84,39
2024-12-21T14:00,12.8,16.1,40,58
2024-12-21T15:00,14.5,6.0,80,48
2024-12-21T16:00,12.4,15.7,237,60
2024-12-21T17:00,11.2,4.7,272,62
2024-12-21T18:00,9.1,4.4,27,79
2024-12-21T19:00,8.0,4.6,349,87
2024-12-21T20:00,7.8,5.0,347,85
2024-12-21T21:00,6.6,9.0,350,91
2024-12-21T22:00,6.7,4.0,360,91
2024-12-21T23:00,5.6,5.6,6,97
2024-12-22T00:00,5.9,7.4,18,95
2024-12-22T01:00,5.3,4.0,5,97
2024-12-22T02:00,5.4,10.0,285,97
2024-12-22T03:00,4.1,3.3,225,97
2024-12-22T04:00,4.1,1.0,112,97
2024-12-22T05:00,3.7,1.2,27,99
2024-12-22T06:00,4.8,2.0,10,99
2024-12-22T07:00,6.9,2.7,340,90
2024-12-22T08:00,11.3,2.6,16,66
2024-12-22T09:00,13.7,4.9,28,52
2024-12-22T10:00,15.3,6.2,49,47
2024-12-22T11:00,16.4,4.2,100,45
2024-12-22T12:00,17.6,7.0,122,42
2024-12-22T13:00,18.3,12.9,115,38
2024-12-22T14:00,14.2,15.2,121,55
2024-12-22T15:00,14.6,17.0,103,50
2024-12-22T16:00,14.6,7.9,167,48
2024-12-22T17:00,12.3,12.1,165,57
2024-12-22T18:00,11.3,9.0,164,65
2024-12-22T19:00,9.8,6.7,346,77
2024-12-22T20:00,6.3,12.5,278,98
2024-12-22T21:00,7.1,5.4,284,94
2024-12-22T22:00,6.8,4.4,322,93
2024-12-22T23:00,6.6,2.6,304,96
2024-12-23T00:00,5.9,0.6,18,98
2024-12-23T01:00,5.5,4.0,51,100
2024-12-23T02:00,5.6,3.4,108,99
2024-12-23T03:00,4.6,2.4,107,100
2024-12-23T04:00,4.8,0.3,225,100
2024-12-23T05:00,5.1,3.4,295,100
2024-12-23T06:00,5.7,3.2,254,98
2024-12-23T07:00,7.6,4.1,255,85
2024-12-23T08:00,9.6,1.6,243,74
2024-12-23T09:00,11.6,0.9,11,62
2024-12-23T10:00,13.6,0.9,217,53
2024-12-23T11:00,15.7,1.5,111,45
2024-12-23T12:00,16.4,4.1,119,39
2024-12-23T13:00,17.8,5.8,126,33
2024-12-23T14:00,18.5,8.3,120,33
2024-12-23T15:00,17.1,11.1,146,38
2024-12-23T16:00,14.4,8.6,59,45
2024-12-23T17:00,14.2,10.9,52,45
2024-12-23T18:00,12.6,6.2,46,55
2024-12-23T19:00,11.0,0.5,225,67
2024-12-23T20:00,9.8,3.3,202,73
2024-12-23T21:00,8.9,11.5,219,74
2024-12-23T22:00,7.9,8.6,216,67
2024-12-23T23:00,6.6,11.8,219,61
2024-12-24T00:00,6.1,14.4,221,59
2024-12-24T01:00,5.3,13.5,223,68
2024-12-24T02:00,3.9,12.0,226,78
2024-12-24T03:00,2.8,9.6,232,83
2024-12-24T04:00,2.1,6.8,272,87
2024-12-24T05:00,1.6,6.0,299,88
2024-12-24T06:00,1.9,5.2,304,90
2024-12-24T07:00,5.7,3.7,284,73
2024-12-24T08:00,10.2,5.4,249,49
2024-12-24T09:00,14.0,5.3,218,32
2024-12-24T10:00,16.1,6.4,155,25
2024-12-24T11:00,17.7,9.8,142,20
2024-12-24T12:00,18.5,12.9,127,17
2024-12-24T13:00,18.8,11.8,118,18
2024-12-24T14:00,19.0,10.8,116,19
2024-12-24T15:00,18.8,11.4,109,20
2024-12-24T16:00,18.3,12.0,98,20
2024-12-24T17:00,16.2,15.7,72,28
2024-12-24T18:00,13.7,11.8,70,33
2024-12-24T19:00,11.2,2.9,90,46
2024-12-24T20:00,10.1,1.5,225,44
2024-12-24T21:00,9.7,12.5,225,51
2024-12-24T22:00,8.2,6.8,198,58
2024-12-24T23:00,6.0,4.7,187,67
2024-12-25T00:00,5.7,5.9,160,64
2024-12-25T01:00,4.8,5.2,134,67
2024-12-25T02:00,3.6,4.8,158,71
2024-12-25T03:00,2.9,5.1,234,75
2024-12-25T04:00,2.4,5.8,256,76
2024-12-25T05:00,1.7,5.6,255,76
2024-12-25T06:00,3.1,5.2,250,68
2024-12-25T07:00,6.9,2.9,274,55
2024-12-25T08:00,12.0,1.9,163,39
2024-12-25T09:00,13.9,4.2,83,43
2024-12-25T10:00,15.3,5.0,69,36
2024-12-25T11:00,16.3,2.3,39,32
2024-12-25T12:00,17.4,1.3,254,32
2024-12-25T13:00,18.4,3.4,212,28
2024-12-25T14:00,18.7,5.5,203,27
2024-12-25T15:00,18.9,7.1,170,26
2024-12-25T16:00,17.5,9.3,117,28
2024-12-25T17:00,14.7,18.6,72,34
2024-12-25T18:00,13.9,11.7,53,31
2024-12-25T19:00,9.1,11.0,308,71
2024-12-25T20:00,10.7,17.2,300,55
2024-12-25T21:00,9.6,13.9,291,58
2024-12-25T22:00,9.6,16.3,241,37
2024-12-25T23:00,8.4,13.6,230,37
2024-12-26T00:00,6.9,6.0,224,47
2024-12-26T01:00,5.3,4.5,214,59
2024-12-26T02:00,4.1,4.5,220,68
2024-12-26T03:00,3.0,3.7,259,75
2024-12-26T04:00,1.8,5.2,250,83
2024-12-26T05:00,0.9,4.9,274,88
2024-12-26T06:00,1.9,5.0,300,84
2024-12-26T07:00,4.5,3.8,311,79
2024-12-26T08:00,10.0,2.5,278,43
2024-12-26T09:00,13.1,2.6,236,31
2024-12-26T10:00,15.4,3.1,204,25
2024-12-26T11:00,17.2,3.4,162,20
2024-12-26T12:00,18.1,5.6,159,19
2024-12-26T13:00,18.3,9.3,152,19
2024-12-26T14:00,18.7,10.3,142,18
2024-12-26T15:00,18.9,6.7,134,17
2024-12-26T16:00,18.0,10.9,110,20
2024-12-26T17:00,15.2,19.4,83,35
2024-12-26T18:00,14.0,11.3,73,31
2024-12-26T19:00,12.4,2.3,141,42
2024-12-26T20:00,12.0,7.4,221,39
2024-12-26T21:00,10.2,12.9,222,52
2024-12-26T22:00,9.7,18.6,225,36
2024-12-26T23:00,8.3,17.2,217,49
2024-12-27T00:00,6.9,16.2,225,61
2024-12-27T01:00,6.0,11.7,227,68
2024-12-27T02:00,4.8,9.8,210,75
2024-12-27T03:00,3.7,6.0,219,80
2024-12-27T04:00,2.6,5.1,252,87
2024-12-27T05:00,2.2,5.3,252,92
2024-12-27T06:00,2.8,4.5,263,89
2024-12-27T07:00,6.2,4.1,255,70
2024-12-27T08:00,11.1,4.7,227,45
2024-12-27T09:00,14.1,2.1,149,39
2024-12-27T10:00,15.7,4.7,67,34
2024-12-27T11:00,16.8,7.4,64,29
2024-12-27T12:00,17.6,10.5,66,30
2024-12-27T13:00,17.9,10.6,80,31
2024-12-27T14:00,18.2,11.7,86,30
2024-12-27T15:00,17.8,14.1,86,28
2024-12-27T16:00,16.0,13.5,115,31
2024-12-27T17:00,15.4,11.4,94,31
2024-12-27T18:00,13.1,8.7,187,46
2024-12-27T19:00,7.9,20.9,245,84
2024-12-27T20:00,9.2,10.8,281,82
2024-12-27T21:00,8.8,10.5,301,77
2024-12-27T22:00,8.0,3.1,336,84
2024-12-27T23:00,7.9,5.9,301,88
2024-12-28T00:00,7.0,5.5,319,94
2024-12-28T01:00,6.6,5.3,352,96
2024-12-28T02:00,6.9,6.5,357,87
2024-12-28T03:00,6.5,5.9,360,86
2024-12-28T04:00,5.9,6.5,357,88
2024-12-28T05:00,5.2,6.5,352,89
2024-12-28T06:00,5.8,6.4,350,87
2024-12-28T07:00,8.7,5.0,347,70
2024-12-28T08:00,12.6,1.4,67,50
2024-12-28T09:00,14.2,1.9,107,41
2024-12-28T10:00,14.8,3.5,99,41
2024-12-28T11:00,16.4,2.9,79,38
2024-12-28T12:00,17.6,4.6,77,34
2024-12-28T13:00,17.5,5.3,66,33
2024-12-28T14:00,11.8,13.9,358,66
2024-12-28T15:00,12.0,9.6,208,61
2024-12-28T16:00,13.9,9.8,204,51
2024-12-28T17:00,9.8,19.8,220,73
2024-12-28T18:00,10.6,13.5,224,68
2024-12-28T19:00,9.2,13.4,244,74
2024-12-28T20:00,9.5,8.5,238,84
2024-12-28T21:00,8.5,8.7,248,89
2024-12-28T22:00,7.0,3.8,245,93
2024-12-28T23:00,5.9,1.1,9,97
2024-12-29T00:00,6.6,6.4,27,99
2024-12-29T01:00,6.0,3.0,123,99
2024-12-29T02:00,6.0,8.4,23,96
2024-12-29T03:00,5.8,6.0,21,95
2024-12-29T04:00,5.1,0.9,79,96
2024-12-29T05:00,4.0,1.3,278,100
2024-12-29T06:00,5.1,2.0,260,100
2024-12-29T07:00,7.6,0.9,323,84
2024-12-29T08:00,10.7,1.3,304,64
2024-12-29T09:00,12.4,5.1,350,53
2024-12-29T10:00,13.8,6.9,330,45
2024-12-29T11:00,15.6,5.0,325,39
2024-12-29T12:00,17.1,2.3,274,36
2024-12-29T13:00,18.3,3.7,209,34
2024-12-29T14:00,18.1,9.0,151,35
2024-12-29T15:00,14.2,7.4,103,45
2024-12-29T16:00,14.6,4.8,65,42
2024-12-29T17:00,11.4,12.2,298,63
2024-12-29T18:00,10.0,9.7,274,71
2024-12-29T19:00,8.9,10.7,286,76
2024-12-29T20:00,8.7,11.0,210,79
2024-12-29T21:00,7.8,4.0,180,84
2024-12-29T22:00,6.8,0.2,180,90
2024-12-29T23:00,6.0,1.0,301,95
2024-12-30T00:00,5.1,4.0,324,99
2024-12-30T01:00,5.1,6.0,353,98
2024-12-30T02:00,4.8,6.7,358,97
2024-12-30T03:00,4.3,7.1,350,100
2024-12-30T04:00,4.2,5.2,326,99
2024-12-30T05:00,4.0,5.6,327,98
2024-12-30T06:00,4.0,2.8,325,98
2024-12-30T07:00,4.4,5.8,326,96
2024-12-30T08:00,7.9,1.8,307,79
2024-12-30T09:00,12.0,3.1,3,58
2024-12-30T10:00,14.0,5.6,345,46
2024-12-30T11:00,16.0,8.4,351,37
2024-12-30T12:00,17.7,9.4,355,32
2024-12-30T13:00,18.1,7.7,344,31
2024-12-30T14:00,19.0,9.4,359,28
2024-12-30T15:00,17.8,16.8,65,29
2024-12-30T16:00,16.3,13.3,69,32
2024-12-30T17:00,15.3,9.1,73,36
2024-12-30T18:00,13.2,9.4,180,52
2024-12-30T19:00,7.6,10.3,203,81
2024-12-30T20:00,6.7,13.2,202,81
2024-12-30T21:00,7.3,9.7,204,83
2024-12-30T22:00,6.7,5.8,150,88
2024-12-30T23:00,6.0,3.7,39,95
2024-12-31T00:00,5.6,1.2,297,98
2024-12-31T01:00,4.7,6.7,276,98
2024-12-31T02:00,3.8,5.4,250,96
2024-12-31T03:00,2.9,5.3,303,97
2024-12-31T04:00,2.8,4.8,338,99
2024-12-31T05:00,2.7,2.4,343,99
2024-12-31T06:00,3.1,3.1,315,97
2024-12-31T07:00,4.7,3.5,298,88
2024-12-31T08:00,10.0,5.3,336,67
2024-12-31T09:00,12.6,7.1,326,46
2024-12-31T10:00,14.5,5.3,342,39
2024-12-31T11:00,16.1,5.0,19,33
2024-12-31T12:00,17.4,4.2,50,30
2024-12-31T13:00,18.5,4.6,111,29
2024-12-31T14:00,19.0,9.8,121,28
2024-12-31T15:00,16.8,15.7,93,30
2024-12-31T16:00,15.2,15.7,59,37
2024-12-31T17:00,11.6,9.6,344,62
2024-12-31T18:00,10.7,7.3,293,68
2024-12-31T19:00,10.3,4.5,317,70
2024-12-31T20:00,10.2,8.3,270,69
2024-12-31T21:00,9.8,7.4,223,72
2024-12-31T22:00,8.5,6.0,187,73
2024-12-31T23:00,7.7,10.5,278,73
2025-01-01T00:00,7.3,3.6,57,80
2025-01-01T01:00,6.8,6.1,212,92
2025-01-01T02:00,5.6,6.2,197,94
2025-01-01T03:00,4.3,3.1,301,97
2025-01-01T04:00,4.1,1.2,321,98
2025-01-01T05:00,3.4,2.5,356,99
2025-01-01T06:00,4.4,5.0,347,100
2025-01-01T07:00,6.9,2.7,312,88
2025-01-01T08:00,10.9,1.2,321,61
2025-01-01T09:00,13.1,4.8,347,49
2025-01-01T10:00,14.9,4.8,345,43
2025-01-01T11:00,16.1,4.9,354,39
2025-01-01T12:00,16.6,3.8,360,36
2025-01-01T13:00,17.9,5.4,94,34
2025-01-01T14:00,16.5,13.9,107,35
2025-01-01T15:00,16.0,13.3,63,34
2025-01-01T16:00,15.5,11.0,21,39
2025-01-01T17:00,13.9,4.4,7,44
2025-01-01T18:00,11.2,12.8,28,63
2025-01-01T19:00,8.9,8.0,132,78
2025-01-01T20:00,9.4,8.0,308,70
2025-01-01T21:00,8.2,6.1,214,78
2025-01-01T22:00,7.5,10.0,326,84
2025-01-01T23:00,6.3,10.5,297,87
2025-01-02T00:00,5.8,6.2,232,93
2025-01-02T01:00,5.2,1.5,300,96
2025-01-02T02:00,5.2,2.7,118,98
2025-01-02T03:00,5.0,5.5,139,99
2025-01-02T04:00,5.0,2.8,198,98
2025-01-02T05:00,4.6,2.4,234,98
2025-01-02T06:00,5.0,4.8,241,95
2025-01-02T07:00,6.4,3.1,239,86
2025-01-02T08:00,8.8,3.1,170,74
2025-01-02T09:00,10.7,3.9,43,63
2025-01-02T10:00,13.2,6.2,30,51
2025-01-02T11:00,14.8,3.7,35,47
2025-01-02T12:00,16.4,2.0,63,43
2025-01-02T13:00,17.0,5.0,90,40
2025-01-02T14:00,14.5,19.5,61,44
2025-01-02T15:00,12.9,12.2,41,56
2025-01-02T16:00,14.6,12.4,59,46
2025-01-02T17:00,10.5,12.9,290,68
2025-01-02T18:00,10.0,5.2,226,74
2025-01-02T19:00,8.7,10.5,231,83
2025-01-02T20:00,8.2,5.8,240,88
2025-01-02T21:00,7.1,14.0,208,87
2025-01-02T22:00,5.7,7.1,249,95
2025-01-02T23:00,5.2,5.2,304,99
2025-01-03T00:00,4.3,8.2,296,100
2025-01-03T01:00,3.9,10.2,277,100
2025-01-03T02:00,3.7,5.1,280,99
2025-01-03T03:00,3.0,2.8,305,99
2025-01-03T04:00,2.6,3.2,267,100
2025-01-03T05:00,2.5,3.0,327,99
2025-01-03T06:00,3.1,3.8,335,98
2025-01-03T07:00,5.3,4.3,327,88
2025-01-03T08:00,8.1,2.5,30,84
2025-01-03T09:00,9.9,4.9,10,72
2025-01-03T10:00,12.2,5.0,360,61
2025-01-03T11:00,13.4,3.7,337,54
2025-01-03T12:00,14.1,4.8,326,52
2025-01-03T13:00,13.5,9.1,346,53
2025-01-03T14:00,10.0,2.0,63,75
2025-01-03T15:00,11.2,8.8,31,65
2025-01-03T16:00,12.7,6.7,352,56
2025-01-03T17:00,10.9,5.5,11,65
2025-01-03T18:00,9.8,2.9,90,76
2025-01-03T19:00,8.0,9.4,234,86
2025-01-03T20:00,7.8,9.2,200,94
2025-01-03T21:00,7.2,13.5,241,90
2025-01-03T22:00,6.4,7.4,231,90
2025-01-03T23:00,6.1,8.4,225,87
2025-01-04T00:00,5.6,8.8,255,89
2025-01-04T01:00,5.3,7.1,254,91
2025-01-04T02:00,5.0,6.1,273,94
2025-01-04T03:00,4.9,3.6,270,96
2025-01-04T04:00,4.5,1.9,299,97
2025-01-04T05:00,4.6,4.5,320,100
2025-01-04T06:00,4.8,5.3,325,98
2025-01-04T07:00,6.6,5.3,332,88
2025-01-04T08:00,9.5,3.5,249,71
2025-01-04T09:00,11.1,5.1,231,61
2025-01-04T10:00,12.7,3.8,211,57
2025-01-04T11:00,14.5,4.4,240,53
2025-01-04T12:00,15.6,8.0,262,48
2025-01-04T13:00,15.3,10.2,80,47
2025-01-04T14:00,9.6,5.8,5,82
2025-01-04T15:00,12.0,2.4,138,67
2025-01-04T16:00,9.5,13.5,176,78
2025-01-04T17:00,9.0,9.8,216,78
2025-01-04T18:00,7.6,5.4,236,86
2025-01-04T19:00,7.6,5.6,277,92
2025-01-04T20:00,8.0,0.6,326,90
2025-01-04T21:00,7.7,4.2,144,91
2025-01-04T22:00,7.5,6.1,194,95
2025-01-04T23:00,7.3,6.2,123,93
2025-01-05T00:00,7.2,3.0,57,94
2025-01-05T01:00,6.9,0.4,243,97
2025-01-05T02:00,6.4,0.2,360,90
2025-01-05T03:00,5.8,1.1,18,95
2025-01-05T04:00,6.1,3.0,57,98
2025-01-05T05:00,5.9,1.9,17,98
2025-01-05T06:00,6.3,3.2,344,97
2025-01-05T07:00,7.1,3.4,18,90
2025-01-05T08:00,8.7,3.0,25,83
2025-01-05T09:00,9.6,2.9,97,71
2025-01-05T10:00,10.3,6.0,80,67
2025-01-05T11:00,10.9,9.4,87,61
2025-01-05T12:00,12.8,8.3,110,55
2025-01-05T13:00,10.7,15.3,81,67
2025-01-05T14:00,11.2,11.8,57,68
2025-01-05T15:00,12.0,9.6,84,60
2025-01-05T16:00,11.4,8.0,76,62
2025-01-05T17:00,11.2,7.0,87,63
2025-01-05T18:00,9.8,2.1,142,74
2025-01-05T19:00,7.9,9.2,250,93
2025-01-05T20:00,7.7,8.7,188,90
2025-01-05T21:00,7.7,6.5,180,85
2025-01-05T22:00,6.6,8.0,171,94
2025-01-05T23:00,7.1,11.1,227,89
2025-01-06T00:00,7.1,10.6,219,88
2025-01-06T01:00,6.7,3.7,241,89
2025-01-06T02:00,6.7,1.8,281,91
2025-01-06T03:00,6.8,1.9,61,91
2025-01-06T04:00,6.6,5.3,82,93
2025-01-06T05:00,6.3,8.0,104,94
2025-01-06T06:00,6.2,7.7,89,92
2025-01-06T07:00,7.0,5.8,76,87
2025-01-06T08:00,9.4,4.2,121,72
2025-01-06T09:00,10.5,7.1,135,65
2025-01-06T10:00,11.2,9.6,140,63
2025-01-06T11:00,12.1,10.1,133,63
2025-01-06T12:00,14.2,10.0,111,58
2025-01-06T13:00,14.6,12.0,98,56
2025-01-06T14:00,11.8,13.4,48,66
2025-01-06T15:00,11.4,15.1,35,66
2025-01-06T16:00,9.5,5.5,311,80
2025-01-06T17:00,8.9,9.4,272,83
2025-01-06T18:00,8.5,5.7,252,88
2025-01-06T19:00,8.1,7.6,239,86
2025-01-06T20:00,7.5,6.0,129,96
2025-01-06T21:00,7.7,2.7,203,96
2025-01-06T22:00,7.7,6.6,209,93
2025-01-06T23:00,7.1,10.1,181,90
2025-01-07T00:00,6.6,7.8,157,90
2025-01-07T01:00,7.0,3.8,98,91
2025-01-07T02:00,6.9,5.0,64,93
2025-01-07T03:00,6.4,7.0,69,96
2025-01-07T04:00,5.9,6.3,66,97
2025-01-07T05:00,5.8,5.4,34,95
2025-01-07T06:00,6.0,5.4,8,94
2025-01-07T07:00,7.2,3.3,354,85
2025-01-07T08:00,9.0,3.2,38,78
2025-01-07T09:00,10.3,2.2,166,70
2025-01-07T10:00,11.6,2.4,103,62
2025-01-07T11:00,12.5,5.6,96,55
2025-01-07T12:00,14.1,4.2,95,52
2025-01-07T13:00,15.3,3.4,96,53
2025-01-07T14:00,15.4,2.9,112,54
2025-01-07T15:00,16.0,6.2,107,51
2025-01-07T16:00,11.7,18.3,187,69
2025-01-07T17:00,9.2,8.1,225,86
2025-01-07T18:00,9.1,10.8,195,83
2025-01-07T19:00,8.4,3.6,243,91
2025-01-07T20:00,8.0,8.6,141,93
2025-01-07T21:00,8.0,2.2,114,91
2025-01-07T22:00,7.6,1.1,252,96
2025-01-07T23:00,7.2,1.2,309,99
2025-01-08T00:00,7.1,1.3,16,100
2025-01-08T01:00,6.8,2.8,162,100
2025-01-08T02:00,6.2,13.5,127,96
2025-01-08T03:00,5.3,7.2,115,91
2025-01-08T04:00,4.1,6.5,84,97
2025-01-08T05:00,3.6,2.7,58,99
2025-01-08T06:00,4.0,3.6,311,97
2025-01-08T07:00,4.7,9.7,242,91
2025-01-08T08:00,9.2,4.1,214,69
2025-01-08T09:00,11.0,10.1,207,56
2025-01-08T10:00,12.2,10.3,181,53
2025-01-08T11:00,12.9,5.7,139,49
2025-01-08T12:00,13.5,1.6,117,45
2025-01-08T13:00,12.6,11.1,143,51
2025-01-08T14:00,11.2,11.9,125,66
2025-01-08T15:00,11.7,6.4,101,63
2025-01-08T16:00,11.3,5.2,84,66
2025-01-08T17:00,11.2,4.8,119,67
2025-01-08T18:00,9.8,6.1,92,76
2025-01-08T19:00,8.7,6.9,157,83
2025-01-08T20:00,7.5,8.6,244,95
2025-01-08T21:00,7.5,5.7,294,97
2025-01-08T22:00,7.8,6.8,282,89
2025-01-08T23:00,7.3,10.1,239,91
2025-01-09T00:00,6.8,12.0,224,86
2025-01-09T01:00,6.5,11.9,214,81
2025-01-09T02:00,6.1,11.5,209,79
2025-01-09T03:00,5.2,9.2,200,79
2025-01-09T04:00,4.5,8.6,190,81
2025-01-09T05:00,4.6,7.6,195,79
2025-01-09T06:00,4.8,7.3,189,79
2025-01-09T07:00,7.2,5.5,207,67
2025-01-09T08:00,9.4,5.6,211,60
2025-01-09T09:00,10.7,5.2,176,59
2025-01-09T10:00,12.8,6.9,155,54
2025-01-09T11:00,13.5,7.6,128,57
2025-01-09T12:00,13.9,7.5,107,58
2025-01-09T13:00,14.8,8.0,110,56
2025-01-09T14:00,12.6,7.8,124,66
2025-01-09T15:00,13.5,11.5,73,60
2025-01-09T16:00,9.6,11.9,255,78
2025-01-09T17:00,8.5,7.4,264,91
2025-01-09T18:00,8.6,3.7,169,91
2025-01-09T19:00,8.1,8.3,158,91
2025-01-09T20:00,7.7,7.2,198,95
2025-01-09T21:00,6.4,14.2,184,88
2025-01-09T22:00,6.0,12.0,204,89
2025-01-09T23:00,6.0,8.7,212,88
2025-01-10T00:00,5.7,5.0,193,90
2025-01-10T01:00,5.7,5.0,165,91
2025-01-10T02:00,5.0,3.0,166,96
2025-01-10T03:00,5.3,1.9,131,95
2025-01-10T04:00,4.8,2.0,90,98
2025-01-10T05:00,3.1,1.8,79,100
2025-01-10T06:00,3.9,4.7,122,99
2025-01-10T07:00,5.9,5.4,165,90
2025-01-10T08:00,8.8,2.9,281,71
2025-01-10T09:00,10.7,0.8,243,64
2025-01-10T10:00,11.9,2.2,222,58
2025-01-10T11:00,12.7,1.6,84,56
2025-01-10T12:00,14.1,4.5,85,55
2025-01-10T13:00,15.2,3.6,99,53
2025-01-10T14:00,15.4,5.3,100,51
2025-01-10T15:00,15.2,5.5,77,51
2025-01-10T16:00,12.1,12.0,22,62
2025-01-10T17:00,11.6,2.9,202,65
2025-01-10T18:00,9.7,6.4,313,78
2025-01-10T19:00,8.9,8.1,266,88
2025-01-10T20:00,8.2,10.5,237,89
2025-01-10T21:00,7.3,7.5,207,93
2025-01-10T22:00,6.3,0.4,63,96
2025-01-10T23:00,7.2,4.7,317,95
2025-01-11T00:00,7.5,4.5,270,91
2025-01-11T01:00,6.7,5.6,266,97
2025-01-11T02:00,6.8,4.3,287,95
2025-01-11T03:00,6.9,5.0,305,92
2025-01-11T04:00,6.9,4.2,324,91
2025-01-11T05:00,6.0,4.7,358,97
2025-01-11T06:00,6.3,6.1,346,91
2025-01-11T07:00,7.4,9.6,346,83
2025-01-11T08:00,9.9,8.7,317,69
2025-01-11T09:00,11.5,8.2,310,61
2025-01-11T10:00,13.1,6.7,316,56
2025-01-11T11:00,14.0,7.3,312,54
2025-01-11T12:00,15.3,5.7,298,52
2025-01-11T13:00,16.0,2.2,261,51
2025-01-11T14:00,16.8,0.4,270,49
2025-01-11T15:00,12.9,11.3,9,64
2025-01-11T16:00,10.5,4.3,42,76
2025-01-11T17:00,9.8,9.2,273,80
2025-01-11T18:00,8.8,10.9,199,87
2025-01-11T19:00,8.1,6.7,224,93
2025-01-11T20:00,8.2,2.3,309,95
2025-01-11T21:00,8.3,1.7,72,93
2025-01-11T22:00,8.1,3.1,111,98
2025-01-11T23:00,7.8,1.5,339,98
2025-01-12T00:00,7.5,3.1,353,99
2025-01-12T01:00,7.5,4.0,63,91
2025-01-12T02:00,7.3,2.8,55,88
2025-01-12T03:00,6.6,3.4,72,92
2025-01-12T04:00,6.7,3.1,54,90
2025-01-12T05:00,6.6,3.7,39,95
2025-01-12T06:00,6.7,9.0,5,94
2025-01-12T07:00,7.1,7.7,342,88
2025-01-12T08:00,9.1,3.1,239,76
2025-01-12T09:00,9.8,1.0,338,72
2025-01-12T10:00,10.6,1.5,7,67
2025-01-12T11:00,11.8,1.8,24,60
2025-01-12T12:00,12.8,2.3,58,54
2025-01-12T13:00,14.2,0.8,135,48
2025-01-12T14:00,14.8,0.5,90,43
2025-01-12T15:00,14.9,1.3,74,40
2025-01-12T16:00,14.9,2.0,90,37
2025-01-12T17:00,14.6,5.8,70,39
2025-01-12T18:00,11.0,3.1,170,69
2025-01-12T19:00,9.7,0.7,360,80
2025-01-12T20:00,8.9,10.5,253,71
2025-01-12T21:00,8.7,17.4,223,56
2025-01-12T22:00,7.5,13.4,204,64
2025-01-12T23:00,6.3,11.0,208,71
2025-01-13T00:00,5.0,10.7,209,76
2025-01-13T01:00,4.3,8.8,223,75
2025-01-13T02:00,2.6,5.2,250,84
2025-01-13T03:00,1.2,5.6,272,94
2025-01-13T04:00,0.4,6.3,285,99
2025-01-13T05:00,-0.1,6.2,285,98
2025-01-13T06:00,0.4,5.1,302,96
2025-01-13T07:00,3.1,3.5,305,91
2025-01-13T08:00,7.8,4.9,260,64
2025-01-13T09:00,11.3,4.2,310,44
2025-01-13T10:00,13.4,5.8,286,33
2025-01-13T11:00,14.7,6.7,279,31
2025-01-13T12:00,15.8,5.4,284,32
2025-01-13T13:00,16.9,3.5,246,28
2025-01-13T14:00,18.1,7.2,233,22
2025-01-13T15:00,17.6,22.8,227,22
2025-01-13T16:00,16.6,21.8,221,24
2025-01-13T17:00,15.0,18.5,215,31
2025-01-13T18:00,12.6,18.1,210,40
2025-01-13T19:00,10.6,19.1,211,46
2025-01-13T20:00,9.1,17.4,229,48
2025-01-13T21:00,7.3,13.8,244,55
2025-01-13T22:00,6.2,13.6,230,62
2025-01-13T23:00,5.4,13.1,222,67
2025-01-14T00:00,4.5,13.0,224,72
2025-01-14T01:00,3.7,10.9,246,73
2025-01-14T02:00,0.8,3.9,298,92
2025-01-14T03:00,-0.8,1.0,315,100
2025-01-14T04:00,-1.0,4.8,257,100
2025-01-14T05:00,-1.3,4.2,295,100
2025-01-14T06:00,-1.0,6.6,283,97
2025-01-14T07:00,1.9,5.6,264,86
2025-01-14T08:00,6.7,8.8,227,59
2025-01-14T09:00,9.8,7.4,231,40
2025-01-14T10:00,11.8,5.5,216,36
2025-01-14T11:00,13.4,3.1,180,31
2025-01-14T12:00,14.5,3.3,167,27
2025-01-14T13:00,15.4,3.2,196,27
2025-01-14T14:00,16.4,7.5,215,27
2025-01-14T15:00,16.9,11.5,203,24
2025-01-14T16:00,15.7,10.7,143,28
2025-01-14T17:00,13.3,11.9,84,41
2025-01-14T18:00,11.2,3.9,56,61
2025-01-14T19:00,8.9,4.5,230,64
2025-01-14T20:00,8.5,18.1,227,54
2025-01-14T21:00,7.3,18.7,224,49
2025-01-14T22:00,6.5,17.2,217,56
2025-01-14T23:00,5.7,14.5,218,66
2025-01-15T00:00,4.9,12.5,221,73
2025-01-15T01:00,3.9,12.8,218,76
2025-01-15T02:00,2.3,8.7,223,82
2025-01-15T03:00,1.2,6.6,229,86
2025-01-15T04:00,0.3,4.2,239,94
2025-01-15T05:00,-0.3,6.1,275,97
2025-01-15T06:00,0.1,8.5,275,94
2025-01-15T07:00,2.8,5.5,283,83
2025-01-15T08:00,7.2,8.4,233,56
2025-01-15T09:00,10.4,6.5,240,42
2025-01-15T10:00,12.5,3.0,253,35
2025-01-15T11:00,14.1,2.7,222,31
2025-01-15T12:00,15.3,5.5,197,28
2025-01-15T13:00,16.1,7.4,193,24
2025-01-15T14:00,16.7,7.4,194,22
2025-01-15T15:00,16.9,9.4,193,21
2025-01-15T16:00,16.5,6.2,120,21
2025-01-15T17:00,13.7,18.1,81,40
2025-01-15T18:00,11.9,9.7,71,49
2025-01-15T19:00,10.6,3.1,298,61
2025-01-15T20:00,9.2,10.9,254,67
2025-01-15T21:00,9.0,16.1,236,50
2025-01-15T22:00,7.5,15.4,228,57
2025-01-15T23:00,6.1,14.5,222,65
2025-01-16T00:00,4.9,10.6,208,71
2025-01-16T01:00,4.0,10.4,201,74
2025-01-16T02:00,3.1,10.5,199,76
2025-01-16T03:00,2.3,8.1,197,81
2025-01-16T04:00,1.7,6.2,244,86
2025-01-16T05:00,0.8,7.4,271,91
2025-01-16T06:00,0.7,7.7,254,91
2025-01-16T07:00,3.5,5.8,256,76
2025-01-16T08:00,7.2,4.9,266,57
2025-01-16T09:00,10.5,3.6,243,42
2025-01-16T10:00,12.5,3.8,275,37
2025-01-16T11:00,14.4,2.5,300,34
2025-01-16T12:00,15.7,2.0,117,30
2025-01-16T13:00,16.6,4.8,167,28
2025-01-16T14:00,16.7,1.7,139,29
2025-01-16T15:00,15.0,6.6,68,33
2025-01-16T16:00,13.4,12.5,67,45
2025-01-16T17:00,13.0,14.6,64,45
2025-01-16T18:00,11.5,8.5,83,52
2025-01-16T19:00,9.5,2.2,246,66
2025-01-16T20:00,7.5,15.3,238,82
2025-01-16T21:00,6.1,12.4,170,85
2025-01-16T22:00,5.9,7.6,194,90
2025-01-16T23:00,5.5,11.7,149,95
2025-01-17T00:00,5.6,9.5,148,89
2025-01-17T01:00,5.5,9.2,174,89
2025-01-17T02:00,5.5,9.0,183,83
2025-01-17T03:00,6.0,8.8,189,79
2025-01-17T04:00,5.0,7.7,169,84
2025-01-17T05:00,5.0,6.3,185,85
2025-01-17T06:00,5.7,5.9,225,84
2025-01-17T07:00,7.4,5.0,224,75
2025-01-17T08:00,7.9,5.5,171,78
2025-01-17T09:00,10.0,7.3,171,69
2025-01-17T10:00,11.7,6.7,156,62
2025-01-17T11:00,13.4,4.5,97,56
2025-01-17T12:00,14.5,5.5,58,50
2025-01-17T13:00,9.8,16.3,62,70
2025-01-17T14:00,13.6,6.8,87,52
2025-01-17T15:00,14.0,7.8,86,48
2025-01-17T16:00,13.1,14.6,90,49
2025-01-17T17:00,11.9,9.8,97,60
2025-01-17T18:00,10.5,4.1,13,66
2025-01-17T19:00,9.0,8.8,227,82
2025-01-17T20:00,7.3,5.3,235,86
2025-01-17T21:00,6.0,2.0,265,98
2025-01-17T22:00,6.6,2.3,331,89
2025-01-17T23:00,6.1,7.8,337,98
2025-01-18T00:00,6.2,9.7,289,95
2025-01-18T01:00,5.7,8.3,303,93
2025-01-18T02:00,5.4,9.9,291,95
2025-01-18T03:00,4.5,10.8,270,97
2025-01-18T04:00,4.6,9.1,277,95
2025-01-18T05:00,4.1,7.9,269,95
2025-01-18T06:00,4.0,4.6,231,96
2025-01-18T07:00,6.5,3.0,197,87
2025-01-18T08:00,8.8,3.4,328,72
2025-01-18T09:00,11.1,6.2,352,58
2025-01-18T10:00,12.6,5.6,15,54
2025-01-18T11:00,13.8,4.7,50,54
2025-01-18T12:00,13.9,3.8,73,55
2025-01-18T13:00,15.3,3.8,109,50
2025-01-18T14:00,16.1,8.7,130,49
2025-01-18T15:00,12.3,15.2,101,58
2025-01-18T16:00,13.2,5.2,104,54
2025-01-18T17:00,13.1,4.7,83,51
2025-01-18T18:00,9.7,18.0,214,73
2025-01-18T19:00,7.1,10.3,203,91
2025-01-18T20:00,6.7,9.3,193,90
2025-01-18T21:00,6.7,8.5,178,90
2025-01-18T22:00,6.8,3.3,151,91
2025-01-18T23:00,6.9,6.9,157,90
2025-01-19T00:00,6.5,5.2,160,95
2025-01-19T01:00,6.5,4.8,228,94
2025-01-19T02:00,6.6,6.0,219,95
2025-01-19T03:00,6.5,7.3,196,96
2025-01-19T04:00,6.2,9.4,183,92
2025-01-19T05:00,6.0,7.8,222,93
2025-01-19T06:00,6.0,8.5,249,92
2025-01-19T07:00,6.8,6.6,241,86
2025-01-19T08:00,7.7,3.2,183,86
2025-01-19T09:00,8.8,4.3,175,80
2025-01-19T10:00,10.3,5.1,176,69
2025-01-19T11:00,12.4,2.6,164,63
2025-01-19T12:00,13.6,2.6,146,58
2025-01-19T13:00,14.2,4.8,149,54
2025-01-19T14:00,15.0,4.6,126,49
2025-01-19T15:00,10.4,15.3,105,72
2025-01-19T16:00,12.7,10.8,87,57
2025-01-19T17:00,12.3,8.8,79,55
2025-01-19T18:00,10.7,5.2,209,63
2025-01-19T19:00,7.8,4.1,322,88
2025-01-19T20:00,7.3,7.9,176,91
2025-01-19T21:00,7.3,2.1,149,91
2025-01-19T22:00,7.1,4.7,173,93
2025-01-19T23:00,6.8,10.9,192,93
2025-01-20T00:00,5.6,13.6,228,94
2025-01-20T01:00,5.1,9.6,223,93
2025-01-20T02:00,4.9,9.0,200,95
2025-01-20T03:00,4.9,7.0,206,94
2025-01-20T04:00,4.5,3.2,180,95
2025-01-20T05:00,4.5,2.2,189,96
2025-01-20T06:00,5.1,4.8,233,89
2025-01-20T07:00,6.3,3.8,245,87
2025-01-20T08:00,6.4,3.5,285,88
2025-01-20T09:00,8.4,5.6,274,77
2025-01-20T10:00,9.9,3.1,204,66
2025-01-20T11:00,10.7,8.3,164,65
2025-01-20T12:00,11.5,7.2,162,68
2025-01-20T13:00,14.5,5.6,117,56
2025-01-20T14:00,10.1,16.7,120,73
2025-01-20T15:00,12.0,10.7,98,61
2025-01-20T16:00,12.7,16.2,98,55
2025-01-20T17:00,9.6,5.0,109,77
2025-01-20T18:00,8.3,8.7,162,86
2025-01-20T19:00,7.7,8.4,233,90
2025-01-20T20:00,7.6,8.3,207,91
2025-01-20T21:00,7.1,5.8,202,98
2025-01-20T22:00,6.1,3.6,225,96
2025-01-20T23:00,6.2,6.6,235,98
2025-01-21T00:00,5.9,7.2,215,97
2025-01-21T01:00,5.9,5.5,216,94
2025-01-21T02:00,5.9,4.0,249,93
2025-01-21T03:00,5.6,5.3,303,95
2025-01-21T04:00,5.6,3.2,289,95
2025-01-21T05:00,5.8,6.1,247,92
2025-01-21T06:00,6.2,3.9,242,90
2025-01-21T07:00,7.1,3.0,256,87
2025-01-21T08:00,8.2,6.2,170,79
2025-01-21T09:00,9.8,4.7,178,68
2025-01-21T10:00,10.9,6.5,161,67
2025-01-21T11:00,11.4,7.1,156,66
2025-01-21T12:00,13.2,6.7,95,61
2025-01-21T13:00,14.2,4.7,118,59
2025-01-21T14:00,13.0,9.5,68,64
2025-01-21T15:00,12.2,7.6,7,65
2025-01-21T16:00,9.5,10.8,5,77
2025-01-21T17:00,9.0,5.8,248,82
2025-01-21T18:00,7.5,6.9,256,92
2025-01-21T19:00,7.3,11.4,206,94
2025-01-21T20:00,6.5,10.9,209,94
2025-01-21T21:00,5.9,11.6,204,95
2025-01-21T22:00,5.6,3.5,255,99
2025-01-21T23:00,6.2,1.7,221,97
2025-01-22T00:00,5.9,4.5,5,100
2025-01-22T01:00,5.9,5.6,6,98
2025-01-22T02:00,5.8,5.2,74,99
2025-01-22T03:00,5.1,7.1,105,96
2025-01-22T04:00,4.5,4.6,135,97
2025-01-22T05:00,4.7,5.9,207,96
2025-01-22T06:00,4.7,9.1,212,95
2025-01-22T07:00,5.6,7.2,231,89
2025-01-22T08:00,8.0,7.2,181,77
2025-01-22T09:00,9.6,5.5,148,70
2025-01-22T10:00,11.5,6.4,140,66
2025-01-22T11:00,12.9,3.7,133,61
2025-01-22T12:00,13.3,3.2,183,57
2025-01-22T13:00,13.3,4.2,137,57
2025-01-22T14:00,10.4,11.1,106,72
2025-01-22T15:00,13.4,7.8,94,59
2025-01-22T16:00,13.3,10.6,89,56
2025-01-22T17:00,12.3,8.0,117,56
2025-01-22T18:00,7.8,1.1,162,82
2025-01-22T19:00,7.7,6.5,193,85
2025-01-22T20:00,7.4,5.7,212,89
2025-01-22T21:00,6.9,4.6,324,91
2025-01-22T22:00,6.3,3.8,352,95
2025-01-22T23:00,5.4,8.3,349,99
2025-01-23T00:00,5.7,5.9,320,98
2025-01-23T01:00,6.0,6.9,319,98
2025-01-23T02:00,6.0,7.0,325,97
2025-01-23T03:00,6.1,5.8,296,97
2025-01-23T04:00,6.1,7.0,293,97
2025-01-23T05:00,5.6,5.7,316,98
2025-01-23T06:00,5.9,5.0,308,98
2025-01-23T07:00,7.1,3.8,245,93
2025-01-23T08:00,7.7,3.6,213,82
2025-01-23T09:00,8.8,1.1,180,78
2025-01-23T10:00,10.3,1.7,167,69
2025-01-23T11:00,11.4,3.6,183,66
2025-01-23T12:00,12.2,1.8,45,65
2025-01-23T13:00,8.3,13.4,95,87
2025-01-23T14:00,11.4,11.1,107,67
2025-01-23T15:00,11.0,9.9,89,71
2025-01-23T16:00,10.5,12.2,70,68
2025-01-23T17:00,8.9,4.5,310,80
2025-01-23T18:00,7.9,4.0,352,87
2025-01-23T19:00,7.7,4.9,266,87
2025-01-23T20:00,7.2,1.9,299,93
2025-01-23T21:00,6.9,6.4,234,97
2025-01-23T22:00,6.9,3.7,256,93
2025-01-23T23:00,6.7,2.7,262,93
2025-01-24T00:00,6.6,1.9,253,95
2025-01-24T01:00,6.4,2.3,238,97
2025-01-24T02:00,5.7,2.9,292,98
2025-01-24T03:00,5.1,1.8,24,99
2025-01-24T04:00,4.4,2.3,39,99
2025-01-24T05:00,4.0,2.9,30,99
2025-01-24T06:00,4.1,3.7,35,99
2025-01-24T07:00,6.5,2.6,25,92
2025-01-24T08:00,8.4,5.1,333,77
2025-01-24T09:00,10.3,6.8,3,67
2025-01-24T10:00,11.4,5.2,20,64
2025-01-24T11:00,13.2,2.9,349,58
2025-01-24T12:00,14.2,1.0,211,55
2025-01-24T13:00,14.4,4.1,67,51
2025-01-24T14:00,10.2,21.8,47,67
2025-01-24T15:00,11.5,7.8,37,64
2025-01-24T16:00,12.6,2.4,347,59
2025-01-24T17:00,10.7,6.7,341,66
2025-01-24T18:00,8.9,7.7,237,80
2025-01-24T19:00,8.2,5.1,276,86
2025-01-24T20:00,7.0,1.2,243,92
2025-01-24T21:00,6.4,2.7,48,97
2025-01-24T22:00,6.5,1.7,18,96
2025-01-24T23:00,6.1,2.3,321,96
2025-01-25T00:00,5.7,7.5,303,98
2025-01-25T01:00,4.5,4.7,286,99
2025-01-25T02:00,4.0,7.2,288,99
2025-01-25T03:00,3.8,4.5,247,99
2025-01-25T04:00,3.0,8.4,227,100
2025-01-25T05:00,3.0,4.6,283,100
2025-01-25T06:00,3.3,4.5,310,100
2025-01-25T07:00,5.4,4.5,331,89
2025-01-25T08:00,8.4,3.1,360,81
2025-01-25T09:00,10.0,5.8,14,69
2025-01-25T10:00,11.1,4.3,2,63
2025-01-25T11:00,12.8,1.7,342,58
2025-01-25T12:00,13.9,1.4,50,52
2025-01-25T13:00,14.9,3.1,114,52
2025-01-25T14:00,15.7,6.2,100,49
2025-01-25T15:00,15.0,12.9,78,46
2025-01-25T16:00,13.2,14.3,72,52
2025-01-25T17:00,12.7,9.9,78,55
2025-01-25T18:00,10.8,10.9,84,66
2025-01-25T19:00,8.5,3.0,322,83
2025-01-25T20:00,8.4,3.5,78,82
2025-01-25T21:00,6.4,10.9,276,96
2025-01-25T22:00,7.4,6.2,292,90
2025-01-25T23:00,6.2,3.0,194,97
2025-01-26T00:00,6.5,3.1,294,96
2025-01-26T01:00,5.8,5.6,287,98
2025-01-26T02:00,4.9,6.7,304,98
2025-01-26T03:00,4.4,4.7,317,98
2025-01-26T04:00,4.1,2.7,312,99
2025-01-26T05:00,3.9,2.2,336,99
2025-01-26T06:00,4.3,1.8,354,98
2025-01-26T07:00,5.9,3.0,335,91
2025-01-26T08:00,9.3,2.3,203,82
2025-01-26T09:00,11.0,3.6,81,68
2025-01-26T10:00,11.2,7.7,79,63
2025-01-26T11:00,12.3,7.9,79,61
2025-01-26T12:00,13.9,8.3,77,55
2025-01-26T13:00,14.1,8.5,89,51
2025-01-26T14:00,14.7,12.0,106,46
2025-01-26T15:00,14.2,12.0,104,47
2025-01-26T16:00,14.0,12.8,88,47
2025-01-26T17:00,12.2,13.0,80,58
2025-01-26T18:00,10.9,5.8,39,68
2025-01-26T19:00,8.7,12.4,33,86
2025-01-26T20:00,7.0,6.7,316,94
2025-01-26T21:00,6.8,1.1,189,97
2025-01-26T22:00,6.3,5.8,5,100
2025-01-26T23:00,6.0,7.4,321,98
2025-01-27T00:00,6.3,7.4,269,94
2025-01-27T01:00,5.5,6.0,241,96
2025-01-27T02:00,4.2,4.5,247,99
2025-01-27T03:00,3.4,0.2,360,99
2025-01-27T04:00,3.1,2.2,346,100
2025-01-27T05:00,3.8,3.0,14,100
2025-01-27T06:00,4.3,4.1,13,99
2025-01-27T07:00,6.1,6.8,333,90
2025-01-27T08:00,8.8,7.9,344,76
2025-01-27T09:00,10.7,7.8,337,66
2025-01-27T10:00,12.2,6.8,338,62
2025-01-27T11:00,13.5,4.2,353,56
2025-01-27T12:00,14.7,2.3,45,51
2025-01-27T13:00,15.0,2.5,98,50
2025-01-27T14:00,13.1,11.5,42,63
2025-01-27T15:00,13.9,4.9,73,56
2025-01-27T16:00,13.6,10.6,39,53
2025-01-27T17:00,12.2,7.7,33,61
2025-01-27T18:00,10.9,0.6,252,74
2025-01-27T19:00,8.9,3.3,324,81
2025-01-27T20:00,7.4,5.8,272,91
2025-01-27T21:00,6.6,2.6,245,96
2025-01-27T22:00,6.0,6.1,12,97
2025-01-27T23:00,6.1,9.1,342,97
2025-01-28T00:00,5.4,3.7,14,96
2025-01-28T01:00,5.2,2.6,344,99
2025-01-28T02:00,5.0,1.3,304,99
2025-01-28T03:00,5.1,2.8,315,100
2025-01-28T04:00,5.3,1.6,360,99
2025-01-28T05:00,5.1,0.4,117,100
2025-01-28T06:00,5.6,1.3,164,97
2025-01-28T07:00,7.0,2.1,15,88
2025-01-28T08:00,8.8,8.9,336,77
2025-01-28T09:00,10.1,8.6,352,66
2025-01-28T10:00,11.7,7.1,27,55
2025-01-28T11:00,13.2,6.8,48,49
2025-01-28T12:00,14.1,5.9,31,49
2025-01-28T13:00,15.5,3.2,90,46
2025-01-28T14:00,15.2,7.2,72,47
2025-01-28T15:00,14.1,15.7,66,50
2025-01-28T16:00,12.2,11.3,59,61
2025-01-28T17:00,12.0,3.2,43,64
2025-01-28T18:00,9.2,6.7,256,80
2025-01-28T19:00,7.6,11.0,152,91
2025-01-28T20:00,7.5,10.6,169,94
2025-01-28T21:00,7.0,5.7,235,94
2025-01-28T22:00,6.8,4.1,193,96
2025-01-28T23:00,6.4,1.4,203,96
2025-01-29T00:00,6.2,4.8,119,96
2025-01-29T01:00,6.1,3.4,108,97
2025-01-29T02:00,5.6,5.2,196,99
2025-01-29T03:00,6.3,4.0,275,94
2025-01-29T04:00,5.6,3.1,263,98
2025-01-29T05:00,5.1,2.0,270,99
2025-01-29T06:00,5.4,2.9,281,99
2025-01-29T07:00,6.9,3.0,232,89
2025-01-29T08:00,9.2,1.4,157,74
2025-01-29T09:00,11.3,1.7,58,69
2025-01-29T10:00,12.3,1.2,27,63
2025-01-29T11:00,13.9,0.0,270,58
2025-01-29T12:00,15.1,3.4,47,51
2025-01-29T13:00,15.0,6.6,35,50
2025-01-29T14:00,11.1,13.7,86,69
2025-01-29T15:00,12.8,8.0,85,62
2025-01-29T16:00,12.6,9.3,41,62
2025-01-29T17:00,11.4,2.8,79,66
2025-01-29T18:00,10.0,6.5,278,80
2025-01-29T19:00,8.0,12.7,226,89
2025-01-29T20:00,7.4,8.3,185,87
2025-01-29T21:00,6.8,10.1,139,92
2025-01-29T22:00,6.7,5.4,165,93
2025-01-29T23:00,6.1,3.4,196,94
2025-01-30T00:00,6.7,2.0,275,94
2025-01-30T01:00,6.6,1.3,188,96
2025-01-30T02:00,6.0,1.3,326,99
2025-01-30T03:00,5.4,0.6,342,100
2025-01-30T04:00,4.9,1.5,315,99
2025-01-30T05:00,5.2,1.6,264,100
2025-01-30T06:00,6.3,2.9,248,98
2025-01-30T07:00,7.6,3.2,254,92
2025-01-30T08:00,9.5,2.1,211,82
2025-01-30T09:00,11.5,2.9,137,68
2025-01-30T10:00,12.6,4.5,40,58
2025-01-30T11:00,10.9,3.4,273,73
2025-01-30T12:00,13.1,2.6,196,68
2025-01-30T13:00,15.0,3.6,127,58
2025-01-30T14:00,9.8,16.5,79,73
2025-01-30T15:00,12.3,7.8,64,61
2025-01-30T16:00,11.3,4.5,37,69
2025-01-30T17:00,11.5,3.5,231,67
2025-01-30T18:00,8.3,12.3,301,90
2025-01-30T19:00,7.9,3.9,223,91
2025-01-30T20:00,7.3,0.6,34,91
2025-01-30T21:00,7.6,7.7,300,92
2025-01-30T22:00,7.0,5.5,324,96
2025-01-30T23:00,6.9,1.9,311,97
2025-01-31T00:00,7.1,2.4,347,97
2025-01-31T01:00,6.7,6.4,333,96
2025-01-31T02:00,6.1,6.6,305,97
2025-01-31T03:00,6.0,3.3,193,96
2025-01-31T04:00,5.5,3.0,57,99
2025-01-31T05:00,5.1,5.0,46,100
2025-01-31T06:00,4.9,3.2,38,100
2025-01-31T07:00,7.1,2.4,27,93
2025-01-31T08:00,9.4,1.3,98,84
2025-01-31T09:00,11.5,2.9,79,72
2025-01-31T10:00,13.2,3.3,61,64
2025-01-31T11:00,13.9,5.8,68,59
2025-01-31T12:00,14.0,7.2,76,56
2025-01-31T13:00,15.6,8.3,103,51
2025-01-31T14:00,14.4,12.8,101,55
2025-01-31T15:00,14.1,7.5,127,56
2025-01-31T16:00,14.0,10.5,84,50
2025-01-31T17:00,12.4,6.0,63,59
2025-01-31T18:00,9.9,3.1,187,71
2025-01-31T19:00,8.4,0.6,198,88
2025-01-31T20:00,8.1,3.3,189,89
2025-01-31T21:00,8.0,7.1,135,92
2025-01-31T22:00,7.4,4.8,143,95
2025-01-31T23:00,7.1,2.9,169,95
2025-02-01T00:00,7.0,8.7,130,95
2025-02-01T01:00,6.5,9.3,153,94
2025-02-01T02:00,6.6,8.1,159,93
2025-02-01T03:00,6.0,11.0,170,97
2025-02-01T04:00,5.7,8.2,157,97
2025-02-01T05:00,5.8,9.6,154,97
2025-02-01T06:00,6.0,4.2,192,97
2025-02-01T07:00,7.3,3.9,214,91
2025-02-01T08:00,9.4,2.4,216,79
2025-02-01T09:00,11.3,2.2,85,66
2025-02-01T10:00,12.8,5.6,65,59
2025-02-01T11:00,14.7,8.9,83,51
2025-02-01T12:00,15.6,12.4,87,41
2025-02-01T13:00,16.2,14.1,88,36
2025-02-01T14:00,16.4,14.2,103,34
2025-02-01T15:00,15.5,17.1,122,40
2025-02-01T16:00,14.8,15.3,120,38
2025-02-01T17:00,13.9,13.2,122,44
2025-02-01T18:00,11.9,7.8,140,59
2025-02-01T19:00,9.9,1.1,198,74
2025-02-01T20:00,9.4,2.7,352,67
2025-02-01T21:00,8.2,6.4,252,75
2025-02-01T22:00,7.0,13.2,219,82
2025-02-01T23:00,5.4,1.0,158,85
2025-02-02T00:00,5.7,8.5,235,87
2025-02-02T01:00,4.3,5.4,236,93
2025-02-02T02:00,3.5,3.8,253,94
2025-02-02T03:00,3.3,4.0,21,98
2025-02-02T04:00,3.2,2.8,325,99
2025-02-02T05:00,2.7,5.6,50,99
2025-02-02T06:00,3.4,7.4,269,95
2025-02-02T07:00,4.9,5.2,250,94
2025-02-02T08:00,7.5,2.7,274,84
2025-02-02T09:00,10.9,2.4,343,66
2025-02-02T10:00,12.6,1.9,34,61
2025-02-02T11:00,14.1,0.9,90,58
2025-02-02T12:00,15.2,1.9,119,55
2025-02-02T13:00,15.8,6.0,95,54
2025-02-02T14:00,16.3,11.8,106,50
2025-02-02T15:00,14.3,14.2,171,47
2025-02-02T16:00,11.4,13.1,193,63
2025-02-02T17:00,11.6,13.2,212,62
2025-02-02T18:00,9.3,1.3,98,74
2025-02-02T19:00,8.0,13.0,84,82
2025-02-02T20:00,6.8,4.2,25,89
2025-02-02T21:00,6.7,4.9,262,94
2025-02-02T22:00,5.5,7.7,217,97
2025-02-02T23:00,5.6,7.9,267,97
2025-02-03T00:00,5.1,5.9,281,96
2025-02-03T01:00,4.1,3.1,315,98
2025-02-03T02:00,3.5,3.7,325,98
2025-02-03T03:00,3.3,4.5,355,99
2025-02-03T04:00,2.9,5.2,346,98
2025-02-03T05:00,3.0,5.2,340,97
2025-02-03T06:00,2.9,3.9,292,98
2025-02-03T07:00,5.7,4.3,292,88
2025-02-03T08:00,7.7,2.7,356,84
2025-02-03T09:00,10.7,3.5,321,64
2025-02-03T10:00,12.2,1.7,77,58
2025-02-03T11:00,13.8,3.0,115,52
2025-02-03T12:00,15.1,9.2,123,44
2025-02-03T13:00,15.8,14.2,119,39
2025-02-03T14:00,15.4,18.3,114,40
2025-02-03T15:00,15.2,21.5,127,39
2025-02-03T16:00,14.3,18.7,139,44
2025-02-03T17:00,10.8,17.0,147,70
2025-02-03T18:00,10.4,10.0,160,72
2025-02-03T19:00,7.6,10.3,168,85
2025-02-03T20:00,5.3,19.6,243,96
2025-02-03T21:00,5.2,7.4,276,94
2025-02-03T22:00,5.0,5.4,274,98
2025-02-03T23:00,4.2,2.7,293,99
2025-02-04T00:00,4.6,5.2,258,97
2025-02-04T01:00,3.9,5.9,301,97
2025-02-04T02:00,2.5,3.0,232,97
2025-02-04T03:00,2.7,2.7,208,100
2025-02-04T04:00,3.0,2.4,279,99
2025-02-04T05:00,2.5,1.7,252,100
2025-02-04T06:00,3.2,3.9,283,99
2025-02-04T07:00,4.1,5.5,302,97
2025-02-04T08:00,7.1,1.3,180,85
2025-02-04T09:00,9.1,4.4,111,77
2025-02-04T10:00,10.7,7.8,122,67
2025-02-04T11:00,12.2,10.1,109,55
2025-02-04T12:00,13.9,13.3,89,44
2025-02-04T13:00,14.5,15.2,95,39
2025-02-04T14:00,14.5,15.3,102,38
2025-02-04T15:00,14.2,14.8,112,38
2025-02-04T16:00,13.9,14.2,126,38
2025-02-04T17:00,12.9,14.8,130,39
2025-02-04T18:00,10.6,9.9,125,56
2025-02-04T19:00,8.1,5.4,105,72
2025-02-04T20:00,8.3,6.6,101,69
2025-02-04T21:00,7.6,7.9,35,74
2025-02-04T22:00,6.5,8.4,20,68
2025-02-04T23:00,4.8,5.2,16,68
2025-02-05T00:00,4.8,2.0,355,65
2025-02-05T01:00,3.4,11.9,170,82
2025-02-05T02:00,2.8,10.5,197,99
2025-02-05T03:00,2.9,10.1,200,100
2025-02-05T04:00,3.3,8.3,185,98
2025-02-05T05:00,2.9,8.3,185,100
2025-02-05T06:00,2.8,8.7,187,100
2025-02-05T07:00,5.8,7.2,143,95
2025-02-05T08:00,10.0,9.0,78,53
2025-02-05T09:00,11.3,10.3,68,48
2025-02-05T10:00,12.3,11.7,81,46
2025-02-05T11:00,12.4,13.0,94,47
2025-02-05T12:00,13.1,13.4,94,47
2025-02-05T13:00,14.2,10.7,103,40
2025-02-05T14:00,15.2,11.8,110,35
2025-02-05T15:00,15.0,13.0,107,37
2025-02-05T16:00,14.3,14.5,115,40
2025-02-05T17:00,13.2,13.7,113,45
2025-02-05T18:00,11.0,11.1,126,60
2025-02-05T19:00,8.6,5.5,117,74
2025-02-05T20:00,7.9,4.1,103,74
2025-02-05T21:00,8.0,1.3,34,73
2025-02-05T22:00,6.9,2.2,346,79
2025-02-05T23:00,5.6,0.7,256,83
2025-02-06T00:00,4.3,3.8,225,90
2025-02-06T01:00,3.6,2.0,225,93
2025-02-06T02:00,2.6,1.6,297,97
2025-02-06T03:00,2.7,0.9,233,97
2025-02-06T04:00,2.3,0.6,108,99
2025-02-06T05:00,1.7,0.4,90,100
2025-02-06T06:00,1.4,1.3,34,100
2025-02-06T07:00,3.8,2.7,352,98
2025-02-06T08:00,9.1,3.1,97,75
2025-02-06T09:00,11.2,5.8,64,67
2025-02-06T10:00,12.9,8.3,68,60
2025-02-06T11:00,13.4,8.1,73,58
2025-02-06T12:00,14.7,8.4,79,49
2025-02-06T13:00,15.3,10.9,96,41
2025-02-06T14:00,15.5,14.1,87,39
2025-02-06T15:00,15.3,15.1,92,41
2025-02-06T16:00,14.2,15.1,102,44
2025-02-06T17:00,13.5,15.3,115,47
2025-02-06T18:00,11.4,10.1,121,61
2025-02-06T19:00,10.0,8.7,104,71
2025-02-06T20:00,9.1,14.2,99,70
2025-02-06T21:00,8.6,14.2,90,76
2025-02-06T22:00,7.1,4.8,34,83
2025-02-06T23:00,6.2,4.9,237,90
2025-02-07T00:00,6.0,4.3,185,95
2025-02-07T01:00,5.0,0.8,27,97
2025-02-07T02:00,4.5,3.5,255,100
2025-02-07T03:00,4.4,8.3,204,99
2025-02-07T04:00,4.4,5.9,200,98
2025-02-07T05:00,3.8,5.0,206,98
2025-02-07T06:00,3.4,2.9,259,100
2025-02-07T07:00,5.9,3.5,235,94
2025-02-07T08:00,8.4,4.2,239,84
2025-02-07T09:00,11.1,3.4,137,70
2025-02-07T10:00,13.0,7.1,99,63
2025-02-07T11:00,14.7,10.0,104,53
2025-02-07T12:00,15.1,13.2,105,51
2025-02-07T13:00,15.3,13.3,106,50
2025-02-07T14:00,15.5,13.4,110,49
2025-02-07T15:00,15.0,14.9,111,47
2025-02-07T16:00,14.1,13.8,121,48
2025-02-07T17:00,12.9,16.8,139,50
2025-02-07T18:00,10.7,13.2,183,71
2025-02-07T19:00,7.3,11.0,232,88
2025-02-07T20:00,7.0,13.0,190,84
2025-02-07T21:00,6.2,8.7,197,94
2025-02-07T22:00,5.7,7.5,150,95
2025-02-07T23:00,4.6,3.1,220,98
2025-02-08T00:00,4.1,8.7,323,100
2025-02-08T01:00,4.8,4.3,294,100
2025-02-08T02:00,5.1,3.4,270,96
2025-02-08T03:00,4.5,4.7,164,96
2025-02-08T04:00,3.1,5.9,218,100
2025-02-08T05:00,3.3,7.6,245,99
2025-02-08T06:00,3.8,9.1,262,95
2025-02-08T07:00,4.7,10.8,260,91
2025-02-08T08:00,8.6,2.8,153,80
2025-02-08T09:00,10.3,1.6,84,73
2025-02-08T10:00,12.0,3.1,350,62
2025-02-08T11:00,10.9,9.1,150,66
2025-02-08T12:00,8.7,9.4,151,83
2025-02-08T13:00,12.0,10.7,113,70
2025-02-08T14:00,11.6,8.9,108,70
2025-02-08T15:00,13.1,9.2,110,57
2025-02-08T16:00,13.3,9.7,106,56
2025-02-08T17:00,11.3,10.9,74,62
2025-02-08T18:00,10.0,5.6,356,74
2025-02-08T19:00,8.0,3.5,152,89
2025-02-08T20:00,6.8,10.1,202,89
2025-02-08T21:00,6.4,5.4,111,92
2025-02-08T22:00,6.4,4.0,183,95
2025-02-08T23:00,6.4,3.1,177,97
2025-02-09T00:00,6.1,0.7,180,96
2025-02-09T01:00,5.7,1.7,122,94
2025-02-09T02:00,5.4,0.4,270,93
2025-02-09T03:00,4.3,1.5,225,100
2025-02-09T04:00,4.9,0.9,281,100
2025-02-09T05:00,5.3,0.6,56,99
2025-02-09T06:00,5.8,4.5,130,99
2025-02-09T07:00,6.1,11.7,93,89
2025-02-09T08:00,8.2,5.2,94,84
2025-02-09T09:00,9.7,8.9,98,75
2025-02-09T10:00,11.0,9.6,110,65
2025-02-09T11:00,12.1,12.7,82,60
2025-02-09T12:00,11.2,15.1,105,67
2025-02-09T13:00,12.8,15.1,90,59
2025-02-09T14:00,13.3,17.5,92,54
2025-02-09T15:00,13.6,16.3,115,52
2025-02-09T16:00,12.9,18.1,101,56
2025-02-09T17:00,11.9,17.3,93,59
2025-02-09T18:00,9.0,19.4,131,76
2025-02-09T19:00,6.4,14.5,191,94
2025-02-09T20:00,6.9,11.2,168,90
2025-02-09T21:00,7.2,13.1,124,90
2025-02-09T22:00,6.9,12.6,112,91
2025-02-09T23:00,6.9,11.9,94,88
2025-02-10T00:00,6.9,9.4,98,88
2025-02-10T01:00,6.8,9.9,102,86
2025-02-10T02:00,6.7,7.5,136,88
2025-02-10T03:00,6.3,5.2,182,94
2025-02-10T04:00,5.2,2.7,217,99
2025-02-10T05:00,5.2,5.1,219,100
2025-02-10T06:00,5.4,6.1,212,99
2025-02-10T07:00,6.9,4.6,206,91
2025-02-10T08:00,7.7,6.2,158,86
2025-02-10T09:00,10.4,12.6,88,66
2025-02-10T10:00,10.6,16.0,89,64
2025-02-10T11:00,12.1,18.9,93,61
2025-02-10T12:00,12.6,18.4,86,54
2025-02-10T13:00,13.0,17.6,96,51
2025-02-10T14:00,13.4,17.8,106,51
2025-02-10T15:00,14.1,16.8,106,49
2025-02-10T16:00,12.8,15.4,111,52
2025-02-10T17:00,12.4,16.1,126,53
2025-02-10T18:00,10.5,8.6,131,66
2025-02-10T19:00,7.8,16.3,212,87
2025-02-10T20:00,7.2,12.3,248,91
2025-02-10T21:00,6.9,3.7,191,94
2025-02-10T22:00,6.5,10.2,156,95
2025-02-10T23:00,5.7,9.2,187,96
2025-02-11T00:00,4.7,9.7,204,99
2025-02-11T01:00,4.6,8.9,214,99
2025-02-11T02:00,4.7,10.2,233,99
2025-02-11T03:00,4.5,8.2,244,98
2025-02-11T04:00,4.7,6.5,246,96
2025-02-11T05:00,4.6,4.5,214,98
2025-02-11T06:00,5.0,2.4,207,96
2025-02-11T07:00,5.4,4.5,178,93
2025-02-11T08:00,5.9,7.8,199,90
2025-02-11T09:00,7.4,7.9,223,83
2025-02-11T10:00,9.4,7.5,246,71
2025-02-11T11:00,11.6,5.7,252,62
2025-02-11T12:00,13.4,4.1,214,60
2025-02-11T13:00,14.0,6.4,198,56
2025-02-11T14:00,15.1,5.3,172,53
2025-02-11T15:00,12.7,10.3,94,64
2025-02-11T16:00,13.5,10.4,72,57
2025-02-11T17:00,12.6,9.5,68,55
2025-02-11T18:00,11.2,4.2,31,64
2025-02-11T19:00,7.6,8.2,279,86
2025-02-11T20:00,6.8,7.9,41,92
2025-02-11T21:00,7.1,7.6,282,94
2025-02-11T22:00,6.6,4.5,313,95
2025-02-11T23:00,6.0,6.2,287,96
2025-02-12T00:00,4.7,3.5,242,98
2025-02-12T01:00,5.3,3.4,198,99
2025-02-12T02:00,5.3,3.0,237,100
2025-02-12T03:00,5.0,3.4,198,99
2025-02-12T04:00,4.8,3.1,183,99
2025-02-12T05:00,4.4,3.4,198,99
2025-02-12T06:00,4.6,2.1,160,97
2025-02-12T07:00,5.6,2.2,5,94
2025-02-12T08:00,8.3,3.1,140,88
2025-02-12T09:00,10.2,1.8,101,72
2025-02-12T10:00,11.2,1.9,73,65
2025-02-12T11:00,12.3,1.0,68,60
2025-02-12T12:00,13.7,1.7,108,56
2025-02-12T13:00,14.8,2.1,165,53
2025-02-12T14:00,14.7,5.4,82,51
2025-02-12T15:00,10.4,14.4,41,75
2025-02-12T16:00,12.1,9.0,142,67
2025-02-12T17:00,9.9,1.1,171,73
2025-02-12T18:00,8.4,14.3,239,85
2025-02-12T19:00,7.6,6.5,188,87
2025-02-12T20:00,7.2,4.3,265,92
2025-02-12T21:00,6.8,2.5,339,95
2025-02-12T22:00,6.7,2.4,324,96
2025-02-12T23:00,6.6,4.8,248,97
2025-02-13T00:00,6.0,7.7,298,98
2025-02-13T01:00,5.5,7.3,254,95
2025-02-13T02:00,5.0,2.7,180,96
2025-02-13T03:00,5.4,0.5,315,97
2025-02-13T04:00,5.7,3.4,223,95
2025-02-13T05:00,6.0,3.7,223,93
2025-02-13T06:00,6.1,3.0,295,93
2025-02-13T07:00,7.2,1.7,302,86
2025-02-13T08:00,9.0,3.4,133,83
2025-02-13T09:00,10.9,2.2,90,71
2025-02-13T10:00,11.8,1.3,344,64
2025-02-13T11:00,12.4,3.6,288,61
2025-02-13T12:00,12.1,5.2,106,63
2025-02-13T13:00,10.5,7.4,131,77
2025-02-13T14:00,12.3,11.2,105,62
2025-02-13T15:00,10.5,10.1,2,76
2025-02-13T16:00,9.9,1.0,248,79
2025-02-13T17:00,9.7,11.0,349,77
2025-02-13T18:00,8.6,5.6,266,84
2025-02-13T19:00,7.0,3.3,283,93
2025-02-13T20:00,7.3,3.1,167,93
2025-02-13T21:00,6.6,1.7,212,94
2025-02-13T22:00,6.1,6.9,25,99
2025-02-13T23:00,6.2,0.6,342,99
2025-02-14T00:00,6.1,3.5,325,99
2025-02-14T01:00,6.3,5.1,228,97
2025-02-14T02:00,6.3,2.3,122,98
2025-02-14T03:00,6.3,1.3,196,96
2025-02-14T04:00,6.2,2.8,243,97
2025-02-14T05:00,6.0,2.0,225,96
2025-02-14T06:00,5.7,0.5,90,95
2025-02-14T07:00,7.1,3.3,151,90
2025-02-14T08:00,8.7,4.3,165,86
2025-02-14T09:00,10.5,6.6,145,73
2025-02-14T10:00,8.7,10.5,149,79
2025-02-14T11:00,8.2,6.5,174,87
2025-02-14T12:00,10.1,5.5,63,82
2025-02-14T13:00,13.3,5.0,235,65
2025-02-14T14:00,14.0,4.8,250,62
2025-02-14T15:00,14.1,4.6,225,59
2025-02-14T16:00,10.9,15.4,238,72
2025-02-14T17:00,10.2,6.2,163,78
2025-02-14T18:00,7.9,13.9,229,88
2025-02-14T19:00,7.3,12.2,178,92
2025-02-14T20:00,6.8,10.1,231,96
2025-02-14T21:00,5.1,0.6,108,99
2025-02-14T22:00,5.1,2.1,149,100
2025-02-14T23:00,5.4,3.1,118,96
2025-02-15T00:00,5.4,1.8,276,98
2025-02-15T01:00,5.2,6.7,268,97
2025-02-15T02:00,5.1,4.3,336,96
2025-02-15T03:00,4.7,2.5,352,98
2025-02-15T04:00,5.3,2.2,336,97
2025-02-15T05:00,5.0,1.9,326,99
2025-02-15T06:00,5.2,2.0,360,100
2025-02-15T07:00,6.3,0.7,346,96
2025-02-15T08:00,8.5,8.8,215,78
2025-02-15T09:00,10.2,9.4,206,65
2025-02-15T10:00,11.6,7.0,181,62
2025-02-15T11:00,12.7,4.5,164,61
2025-02-15T12:00,14.0,4.2,175,58
2025-02-15T13:00,13.5,4.0,129,57
2025-02-15T14:00,10.5,13.6,55,71
2025-02-15T15:00,12.9,8.2,112,63
2025-02-15T16:00,9.6,8.0,172,76
2025-02-15T17:00,9.6,13.3,212,80
2025-02-15T18:00,7.7,7.2,212,89
2025-02-15T19:00,7.5,3.4,227,94
2025-02-15T20:00,7.3,5.9,288,94
2025-02-15T21:00,7.3,3.1,257,96
2025-02-15T22:00,7.5,3.2,357,96
2025-02-15T23:00,7.2,6.0,353,98
2025-02-16T00:00,6.8,6.4,335,98
2025-02-16T01:00,6.5,5.6,320,98
2025-02-16T02:00,6.2,4.0,333,98
2025-02-16T03:00,6.0,3.5,351,99
2025-02-16T04:00,6.1,3.2,27,99
2025-02-16T05:00,5.6,2.7,23,100
2025-02-16T06:00,5.4,4.9,350,100
2025-02-16T07:00,6.9,4.0,360,93
2025-02-16T08:00,9.1,3.1,173,80
2025-02-16T09:00,11.0,5.4,172,64
2025-02-16T10:00,11.2,10.9,121,62
2025-02-16T11:00,11.6,10.8,93,66
2025-02-16T12:00,12.7,9.4,93,65
2025-02-16T13:00,13.9,9.2,101,59
2025-02-16T14:00,12.9,12.9,106,62
2025-02-16T15:00,11.2,7.8,140,73
2025-02-16T16:00,10.4,2.0,265,76
2025-02-16T17:00,8.3,8.5,274,86
2025-02-16T18:00,7.3,5.5,216,88
2025-02-16T19:00,7.2,3.0,284,95
2025-02-16T20:00,7.5,6.5,240,95
2025-02-16T21:00,7.2,4.2,245,97
2025-02-16T22:00,7.2,5.0,235,96
2025-02-16T23:00,7.0,10.2,224,95
2025-02-17T00:00,6.5,11.2,225,91
2025-02-17T01:00,6.1,7.0,228,90
2025-02-17T02:00,6.1,6.5,222,91
2025-02-17T03:00,6.2,7.8,222,92
2025-02-17T04:00,6.1,7.9,231,92
2025-02-17T05:00,5.7,6.2,226,93
2025-02-17T06:00,5.9,3.8,245,93
2025-02-17T07:00,6.7,4.7,220,89
2025-02-17T08:00,9.4,1.3,254,73
2025-02-17T09:00,11.0,2.8,310,67
2025-02-17T10:00,12.2,2.2,351,64
2025-02-17T11:00,12.8,3.3,331,59
2025-02-17T12:00,14.1,6.5,300,54
2025-02-17T13:00,14.9,5.2,256,55
2025-02-17T14:00,14.7,1.1,351,55
2025-02-17T15:00,10.3,17.0,105,78
2025-02-17T16:00,11.7,10.8,87,73
2025-02-17T17:00,11.3,1.8,246,73
2025-02-17T18:00,9.0,2.3,122,89
2025-02-17T19:00,8.2,8.7,238,96
2025-02-17T20:00,8.2,8.5,181,94
2025-02-17T21:00,7.4,3.6,120,92
2025-02-17T22:00,7.5,0.6,124,95
2025-02-17T23:00,7.4,2.4,234,96
2025-02-18T00:00,7.3,2.1,345,98
2025-02-18T01:00,7.3,3.4,354,96
2025-02-18T02:00,7.2,2.8,72,92
2025-02-18T03:00,6.7,6.5,124,96
2025-02-18T04:00,6.3,7.3,169,95
2025-02-18T05:00,5.9,6.7,161,94
2025-02-18T06:00,5.5,6.1,150,97
2025-02-18T07:00,6.3,3.9,152,93
2025-02-18T08:00,8.2,3.0,218,82
2025-02-18T09:00,9.9,1.3,352,76
2025-02-18T10:00,11.3,3.8,25,68
2025-02-18T11:00,12.9,4.3,24,59
2025-02-18T12:00,12.7,2.4,103,59
2025-02-18T13:00,11.6,11.3,63,65
2025-02-18T14:00,11.3,13.5,95,69
2025-02-18T15:00,11.9,12.9,71,68
2025-02-18T16:00,10.3,7.9,117,80
2025-02-18T17:00,9.7,4.6,21,81
2025-02-18T18:00,7.7,2.7,222,91
2025-02-18T19:00,7.6,3.8,355,94
2025-02-18T20:00,7.4,5.1,356,96
2025-02-18T21:00,7.5,3.7,11,97
2025-02-18T22:00,7.4,3.4,354,97
2025-02-18T23:00,7.3,3.7,309,97
2025-02-19T00:00,7.3,5.0,270,97
2025-02-19T01:00,7.1,8.2,293,93
2025-02-19T02:00,6.5,10.9,297,91
2025-02-19T03:00,6.0,9.3,294,91
2025-02-19T04:00,5.9,6.6,307,91
2025-02-19T05:00,5.5,5.2,329,94
2025-02-19T06:00,5.4,7.4,326,94
2025-02-19T07:00,6.7,5.6,318,91
2025-02-19T08:00,8.8,6.5,332,82
2025-02-19T09:00,11.1,9.9,350,64
2025-02-19T10:00,12.3,8.6,348,58
2025-02-19T11:00,13.5,6.5,352,55
2025-02-19T12:00,14.6,3.0,343,56
2025-02-19T13:00,14.9,2.2,261,56
2025-02-19T14:00,12.4,13.6,31,66
2025-02-19T15:00,11.9,6.6,41,69
2025-02-19T16:00,10.5,3.1,31,75
2025-02-19T17:00,10.2,10.2,208,75
2025-02-19T18:00,9.0,6.6,311,81
2025-02-19T19:00,7.4,2.0,355,93
2025-02-19T20:00,7.3,0.3,45,95
2025-02-19T21:00,6.8,2.4,36,96
2025-02-19T22:00,7.4,0.6,198,96
2025-02-19T23:00,6.9,5.1,98,96
2025-02-20T00:00,6.7,1.9,214,95
2025-02-20T01:00,5.8,5.6,292,98
2025-02-20T02:00,4.7,6.1,326,99
2025-02-20T03:00,4.9,2.8,315,100
2025-02-20T04:00,5.3,4.4,297,98
2025-02-20T05:00,5.5,3.8,262,97
2025-02-20T06:00,5.7,6.3,219,97
2025-02-20T07:00,6.7,1.6,243,94
2025-02-20T08:00,8.2,7.7,155,82
2025-02-20T09:00,10.3,4.8,169,69
2025-02-20T10:00,11.8,1.7,229,66
2025-02-20T11:00,13.3,1.3,214,64
2025-02-20T12:00,14.1,2.0,153,58
2025-02-20T13:00,14.5,5.4,140,53
2025-02-20T14:00,12.6,10.1,107,60
2025-02-20T15:00,13.4,5.3,45,60
2025-02-20T16:00,11.9,6.8,25,65
2025-02-20T17:00,11.3,8.7,174,67
2025-02-20T18:00,8.7,9.3,22,81
2025-02-20T19:00,7.9,1.3,278,89
2025-02-20T20:00,7.2,1.8,281,95
2025-02-20T21:00,7.1,1.5,256,96
2025-02-20T22:00,7.1,3.2,232,97
2025-02-20T23:00,6.3,4.9,182,98
2025-02-21T00:00,5.5,2.1,232,98
2025-02-21T01:00,5.2,3.1,270,99
2025-02-21T02:00,5.9,4.1,311,99
2025-02-21T03:00,5.8,8.6,209,99
2025-02-21T04:00,5.6,7.7,217,97
2025-02-21T05:00,5.7,1.4,247,95
2025-02-21T06:00,5.9,2.0,207,96
2025-02-21T07:00,6.7,1.3,315,95
2025-02-21T08:00,8.1,1.5,21,87
2025-02-21T09:00,10.2,4.0,72,73
2025-02-21T10:00,11.8,3.9,53,63
2025-02-21T11:00,13.6,4.6,69,56
2025-02-21T12:00,14.4,4.3,88,60
2025-02-21T13:00,15.1,7.0,108,55
2025-02-21T14:00,15.1,12.8,118,53
2025-02-21T15:00,15.1,10.3,87,49
2025-02-21T16:00,13.6,13.5,78,55
2025-02-21T17:00,13.2,2.6,286,58
2025-02-21T18:00,10.1,6.7,358,77
2025-02-21T19:00,8.6,4.4,279,89
2025-02-21T20:00,8.5,11.2,40,92
2025-02-21T21:00,7.0,5.1,321,95
2025-02-21T22:00,6.8,7.1,277,96
2025-02-21T23:00,7.0,7.1,156,95
2025-02-22T00:00,6.7,5.2,205,97
2025-02-22T01:00,6.0,2.7,48,98
2025-02-22T02:00,5.8,1.9,56,99
2025-02-22T03:00,5.6,6.3,180,99
2025-02-22T04:00,5.7,4.3,202,97
2025-02-22T05:00,4.8,4.0,238,99
2025-02-22T06:00,4.9,6.8,215,100
2025-02-22T07:00,6.0,6.5,226,95
2025-02-22T08:00,9.0,4.9,172,82
2025-02-22T09:00,11.0,11.1,124,71
2025-02-22T10:00,8.5,14.1,115,89
2025-02-22T11:00,10.6,12.5,96,74
2025-02-22T12:00,9.0,16.6,92,79
2025-02-22T13:00,10.9,13.7,87,76
2025-02-22T14:00,10.9,12.7,83,72
2025-02-22T15:00,12.5,11.7,67,64
2025-02-22T16:00,13.1,12.2,81,58
2025-02-22T17:00,11.8,13.0,85,63
2025-02-22T18:00,9.7,4.2,100,74
2025-02-22T19:00,7.6,1.8,354,80
2025-02-22T20:00,6.7,3.6,252,95
2025-02-22T21:00,6.3,9.1,232,98
2025-02-22T22:00,5.6,7.1,234,97
2025-02-22T23:00,5.4,4.5,230,97
2025-02-23T00:00,4.7,4.2,234,98
2025-02-23T01:00,4.6,5.8,231,98
2025-02-23T02:00,3.9,3.3,229,100
2025-02-23T03:00,3.6,1.0,225,100
2025-02-23T04:00,4.0,0.4,207,100
2025-02-23T05:00,3.3,1.5,284,100
2025-02-23T06:00,4.1,1.3,236,99
2025-02-23T07:00,5.6,1.5,173,94
2025-02-23T08:00,7.3,4.0,159,93
2025-02-23T09:00,9.2,9.5,92,75
2025-02-23T10:00,8.7,10.1,106,77
2025-02-23T11:00,11.6,8.7,98,65
2025-02-23T12:00,13.4,9.7,91,59
2025-02-23T13:00,13.9,13.5,85,52
2025-02-23T14:00,14.0,16.9,91,50
2025-02-23T15:00,13.7,16.9,101,49
2025-02-23T16:00,13.0,18.5,111,50
2025-02-23T17:00,12.3,17.2,118,51
2025-02-23T18:00,10.2,13.9,128,62
2025-02-23T19:00,9.0,14.1,113,67
2025-02-23T20:00,8.4,15.3,142,71
2025-02-23T21:00,7.3,12.0,156,80
2025-02-23T22:00,6.6,7.7,162,87
2025-02-23T23:00,5.9,7.5,111,92
2025-02-24T00:00,4.8,2.7,270,100
2025-02-24T01:00,4.0,8.7,284,98
2025-02-24T02:00,4.1,7.4,225,99
2025-02-24T03:00,3.6,7.8,218,100
2025-02-24T04:00,3.6,7.5,233,99
2025-02-24T05:00,3.3,6.2,249,100
2025-02-24T06:00,3.3,5.4,284,100
2025-02-24T07:00,5.0,4.5,284,89
2025-02-24T08:00,8.3,7.8,127,75
2025-02-24T09:00,10.2,8.7,104,58
2025-02-24T10:00,11.5,8.4,100,53
2025-02-24T11:00,12.2,8.0,99,51
2025-02-24T12:00,13.1,9.2,93,48
2025-02-24T13:00,13.6,12.4,92,46
2025-02-24T14:00,13.9,13.7,95,45
2025-02-24T15:00,13.9,15.5,100,47
2025-02-24T16:00,13.1,15.9,100,50
2025-02-24T17:00,12.1,14.2,97,55
2025-02-24T18:00,10.3,7.9,123,67
2025-02-24T19:00,8.7,10.3,106,80
2025-02-24T20:00,8.4,12.8,119,72
2025-02-24T21:00,7.9,12.1,110,79
2025-02-24T22:00,6.6,4.3,92,88
2025-02-24T23:00,5.9,6.4,295,92
2025-02-25T00:00,4.4,15.8,173,100
2025-02-25T01:00,4.8,6.1,133,97
2025-02-25T02:00,4.0,10.9,231,100
2025-02-25T03:00,3.9,3.7,241,97
2025-02-25T04:00,3.6,4.2,250,99
2025-02-25T05:00,2.9,2.7,290,99
2025-02-25T06:00,3.1,4.6,306,99
2025-02-25T07:00,4.6,4.2,301,91
2025-02-25T08:00,7.0,4.4,328,87
2025-02-25T09:00,9.7,5.4,26,72
2025-02-25T10:00,11.8,7.3,48,58
2025-02-25T11:00,13.3,7.6,86,51
2025-02-25T12:00,14.1,9.4,95,48
2025-02-25T13:00,14.6,10.7,98,47
2025-02-25T14:00,14.8,10.8,101,46
2025-02-25T15:00,14.3,12.2,124,48
2025-02-25T16:00,14.1,15.4,114,48
2025-02-25T17:00,12.1,13.7,92,58
2025-02-25T18:00,10.8,7.4,67,67
2025-02-25T19:00,9.3,0.8,207,76
2025-02-25T20:00,6.4,9.2,312,98
2025-02-25T21:00,5.5,9.0,337,98
2025-02-25T22:00,5.9,8.4,337,94
2025-02-25T23:00,5.7,4.0,360,94
2025-02-26T00:00,5.4,2.7,113,95
2025-02-26T01:00,4.5,1.5,97,97
2025-02-26T02:00,4.3,4.3,182,99
2025-02-26T03:00,3.5,1.8,180,100
2025-02-26T04:00,3.3,1.0,149,100
2025-02-26T05:00,2.9,1.1,252,100
2025-02-26T06:00,3.6,4.1,315,100
2025-02-26T07:00,4.9,4.5,326,97
2025-02-26T08:00,8.1,5.4,334,84
2025-02-26T09:00,10.3,5.9,45,72
2025-02-26T10:00,12.4,5.7,53,59
2025-02-26T11:00,13.7,5.7,72,52
2025-02-26T12:00,14.6,9.6,84,47
2025-02-26T13:00,15.1,10.3,92,43
2025-02-26T14:00,15.5,9.9,102,40
2025-02-26T15:00,15.0,10.7,98,41
2025-02-26T16:00,14.9,9.1,98,40
2025-02-26T17:00,13.6,10.1,112,44
2025-02-26T18:00,11.2,10.9,130,60
2025-02-26T19:00,9.4,7.6,135,69
2025-02-26T20:00,8.6,5.3,147,76
2025-02-26T21:00,7.8,1.8,169,80
2025-02-26T22:00,7.0,6.1,203,82
2025-02-26T23:00,5.8,14.9,188,92
2025-02-27T00:00,5.7,6.8,207,90
2025-02-27T01:00,4.9,5.8,178,95
2025-02-27T02:00,4.9,10.0,162,97
2025-02-27T03:00,4.7,7.2,194,100
2025-02-27T04:00,3.6,3.8,169,100
2025-02-27T05:00,3.9,3.2,218,100
2025-02-27T06:00,3.9,2.7,247,100
2025-02-27T07:00,5.2,2.9,259,93
2025-02-27T08:00,7.5,4.6,249,88
2025-02-27T09:00,10.5,2.8,252,74
2025-02-27T10:00,12.3,0.8,63,69
2025-02-27T11:00,13.7,3.3,81,63
2025-02-27T12:00,14.6,2.5,120,58
2025-02-27T13:00,15.6,2.3,122,55
2025-02-27T14:00,15.4,3.2,183,54
2025-02-27T15:00,13.0,12.8,185,63
2025-02-27T16:00,11.9,5.9,108,70
2025-02-27T17:00,9.9,15.2,158,76
2025-02-27T18:00,8.5,10.4,259,84
2025-02-27T19:00,8.2,2.3,119,82
2025-02-27T20:00,7.0,5.3,325,86
2025-02-27T21:00,6.7,7.6,333,95
2025-02-27T22:00,6.5,3.6,354,97
2025-02-27T23:00,6.1,2.0,350,99
2025-02-28T00:00,5.8,0.2,360,99
2025-02-28T01:00,5.4,3.6,288,100
2025-02-28T02:00,4.8,5.5,316,100
2025-02-28T03:00,4.6,4.6,315,100
2025-02-28T04:00,4.6,2.9,281,99
2025-02-28T05:00,4.4,6.0,207,100
2025-02-28T06:00,4.2,6.4,220,98
2025-02-28T07:00,4.8,7.3,250,93
2025-02-28T08:00,6.8,5.5,261,81
2025-02-28T09:00,8.8,5.2,297,73
2025-02-28T10:00,11.5,2.9,266,60
2025-02-28T11:00,13.4,0.4,90,56
2025-02-28T12:00,14.8,3.0,73,54
2025-02-28T13:00,15.4,5.0,111,53
2025-02-28T14:00,16.0,7.0,111,53
2025-02-28T15:00,15.0,9.5,80,56
2025-02-28T16:00,11.8,5.7,81,68
2025-02-28T17:00,12.0,1.3,180,64
2025-02-28T18:00,9.1,6.2,221,87
2025-02-28T19:00,7.6,16.4,212,92
2025-02-28T20:00,7.0,4.6,239,93
2025-02-28T21:00,6.6,3.8,135,98
2025-02-28T22:00,5.9,2.7,176,97
2025-02-28T23:00,5.9,9.4,90,98
2025-03-01T00:00,5.3,2.3,356,100
2025-03-01T01:00,4.8,3.5,279,100
2025-03-01T02:00,4.6,2.7,290,100
2025-03-01T03:00,4.6,3.8,287,100
2025-03-01T04:00,4.2,4.4,300,99
2025-03-01T05:00,4.4,4.2,288,100
2025-03-01T06:00,3.9,1.4,220,100
2025-03-01T07:00,5.2,4.5,241,99
2025-03-01T08:00,8.3,4.1,255,83
2025-03-01T09:00,10.2,2.4,193,69
2025-03-01T10:00,12.1,4.7,130,65
2025-03-01T11:00,13.5,6.4,122,61
2025-03-01T12:00,13.8,4.6,138,60
2025-03-01T13:00,14.3,6.8,158,57
2025-03-01T14:00,14.6,5.5,136,56
2025-03-01T15:00,8.8,13.8,55,86
2025-03-01T16:00,10.5,7.0,356,72
2025-03-01T17:00,8.7,3.3,22,85
2025-03-01T18:00,8.4,8.2,218,88
2025-03-01T19:00,8.0,6.0,231,92
2025-03-01T20:00,6.9,2.0,153,95
2025-03-01T21:00,6.8,2.8,11,97
2025-03-01T22:00,7.3,6.0,261,94
2025-03-01T23:00,7.1,4.2,277,93
2025-03-02T00:00,7.2,5.2,301,94
2025-03-02T01:00,7.1,3.9,13,95
2025-03-02T02:00,6.9,4.3,338,95
2025-03-02T03:00,6.8,6.8,333,95
2025-03-02T04:00,6.3,9.3,351,93
2025-03-02T05:00,6.1,5.6,33,95
2025-03-02T06:00,5.9,5.8,95,97
2025-03-02T07:00,6.8,5.5,122,90
2025-03-02T08:00,7.4,9.9,192,85
2025-03-02T09:00,9.2,9.4,193,74
2025-03-02T10:00,11.2,7.4,180,69
2025-03-02T11:00,12.2,7.9,167,67
2025-03-02T12:00,13.1,8.9,155,63
2025-03-02T13:00,12.8,8.9,132,65
2025-03-02T14:00,13.6,8.1,62,61
2025-03-02T15:00,9.7,8.1,62,80
2025-03-02T16:00,11.0,6.3,7,73
2025-03-02T17:00,8.9,11.2,258,84
2025-03-02T18:00,8.2,4.0,240,88
2025-03-02T19:00,7.2,0.7,256,94
2025-03-02T20:00,7.3,2.7,184,95
2025-03-02T21:00,7.2,5.0,161,94
2025-03-02T22:00,7.1,6.8,151,97
2025-03-02T23:00,7.2,8.4,173,96
2025-03-03T00:00,6.6,10.4,203,92
2025-03-03T01:00,6.4,8.8,215,95
2025-03-03T02:00,6.3,6.0,226,97
2025-03-03T03:00,6.3,4.2,200,98
2025-03-03T04:00,6.3,3.1,167,98
2025-03-03T05:00,6.4,2.8,285,97
2025-03-03T06:00,6.0,1.9,248,98
2025-03-03T07:00,7.1,3.0,245,87
2025-03-03T08:00,8.1,4.8,248,86
2025-03-03T09:00,9.7,3.4,252,76
2025-03-03T10:00,11.2,2.2,246,70
2025-03-03T11:00,12.3,3.4,177,65
2025-03-03T12:00,12.9,5.2,160,62
2025-03-03T13:00,11.8,8.5,77,70
2025-03-03T14:00,10.1,8.1,85,77
2025-03-03T15:00,10.5,7.1,109,73
2025-03-03T16:00,10.2,2.1,290,76
2025-03-03T17:00,8.2,7.1,190,83
2025-03-03T18:00,7.4,2.2,104,94
2025-03-03T19:00,7.4,3.6,110,97
2025-03-03T20:00,7.6,4.5,95,97
2025-03-03T21:00,7.2,5.6,159,98
2025-03-03T22:00,7.0,3.9,143,99
2025-03-03T23:00,7.1,3.6,174,97
2025-03-04T00:00,7.2,3.8,191,95
2025-03-04T01:00,7.1,4.3,265,96
2025-03-04T02:00,6.8,6.0,309,94
2025-03-04T03:00,6.7,6.9,340,95
2025-03-04T04:00,6.4,6.0,5,95
2025-03-04T05:00,5.9,7.2,357,93
2025-03-04T06:00,5.5,7.1,353,91
2025-03-04T07:00,6.0,5.8,2,89
2025-03-04T08:00,7.2,2.3,302,88
2025-03-04T09:00,10.2,5.0,15,73
2025-03-04T10:00,11.1,5.3,10,68
2025-03-04T11:00,11.3,7.9,86,67
2025-03-04T12:00,9.6,10.6,133,83
2025-03-04T13:00,12.5,6.3,53,67
2025-03-04T14:00,12.3,3.9,66,64
2025-03-04T15:00,9.6,6.8,22,81
2025-03-04T16:00,9.8,3.4,313,81
2025-03-04T17:00,9.8,5.5,191,79
2025-03-04T18:00,7.3,4.9,327,89
2025-03-04T19:00,7.5,2.9,259,93
2025-03-04T20:00,7.4,6.5,48,98
2025-03-04T21:00,7.6,3.7,129,97
2025-03-04T22:00,7.4,1.5,240,99
2025-03-04T23:00,7.3,3.0,256,96
2025-03-05T00:00,6.9,5.5,238,98
2025-03-05T01:00,6.2,4.0,252,98
2025-03-05T02:00,5.7,4.0,240,97
2025-03-05T03:00,5.3,4.5,265,97
2025-03-05T04:00,4.6,4.4,300,99
2025-03-05T05:00,4.8,3.1,360,98
2025-03-05T06:00,4.8,4.8,45,99
2025-03-05T07:00,6.8,4.5,29,89
2025-03-05T08:00,9.0,2.4,36,85
2025-03-05T09:00,10.7,6.4,32,74
2025-03-05T10:00,12.3,7.0,40,64
2025-03-05T11:00,13.8,6.6,35,58
2025-03-05T12:00,14.0,6.6,45,57
2025-03-05T13:00,14.9,6.4,54,53
2025-03-05T14:00,14.5,8.6,79,51
2025-03-05T15:00,14.5,13.4,73,50
2025-03-05T16:00,10.3,8.8,26,78
2025-03-05T17:00,10.6,2.7,20,71
2025-03-05T18:00,7.8,1.6,276,84
2025-03-05T19:00,7.8,4.0,321,89
2025-03-05T20:00,7.7,7.0,258,88
2025-03-05T21:00,7.1,7.6,243,87
2025-03-05T22:00,6.8,5.4,244,88
2025-03-05T23:00,6.8,3.0,295,90
2025-03-06T00:00,6.7,5.4,228,92
2025-03-06T01:00,6.4,7.6,214,95
2025-03-06T02:00,6.4,7.4,257,95
2025-03-06T03:00,6.0,11.3,290,94
2025-03-06T04:00,5.3,10.7,286,92
2025-03-06T05:00,4.7,9.9,289,96
2025-03-06T06:00,4.6,10.3,268,97
2025-03-06T07:00,5.4,9.5,259,95
2025-03-06T08:00,6.8,5.6,272,86
2025-03-06T09:00,8.9,4.0,270,77
2025-03-06T10:00,10.7,5.2,295,66
2025-03-06T11:00,12.5,4.9,298,65
2025-03-06T12:00,13.8,2.3,302,60
2025-03-06T13:00,13.7,5.9,268,58
2025-03-06T14:00,9.9,15.4,123,77
2025-03-06T15:00,11.1,4.5,50,72
2025-03-06T16:00,9.0,8.7,52,83
2025-03-06T17:00,8.7,2.2,222,85
2025-03-06T18:00,7.7,6.0,241,91
2025-03-06T19:00,7.5,6.5,210,92
2025-03-06T20:00,6.9,6.4,292,98
2025-03-06T21:00,7.1,7.8,266,98
2025-03-06T22:00,6.7,11.4,254,95
2025-03-06T23:00,6.1,10.7,261,93
2025-03-07T00:00,5.6,11.2,260,94
2025-03-07T01:00,5.3,11.4,241,95
2025-03-07T02:00,5.2,8.7,240,95
2025-03-07T03:00,5.3,6.1,242,94
2025-03-07T04:00,5.3,3.5,255,93
2025-03-07T05:00,5.2,1.6,297,95
2025-03-07T06:00,5.1,0.8,27,97
2025-03-07T07:00,5.7,3.4,245,94
2025-03-07T08:00,6.8,7.6,266,81
2025-03-07T09:00,9.0,5.4,244,69
2025-03-07T10:00,11.0,3.5,168,64
2025-03-07T11:00,11.8,3.7,76,59
2025-03-07T12:00,12.4,6.7,82,61
2025-03-07T13:00,12.8,6.7,88,59
2025-03-07T14:00,11.9,9.0,90,62
2025-03-07T15:00,11.3,12.2,65,67
2025-03-07T16:00,11.0,10.8,69,66
2025-03-07T17:00,10.7,8.7,82,65
2025-03-07T18:00,9.0,1.8,156,78
2025-03-07T19:00,7.5,5.4,268,88
2025-03-07T20:00,7.2,7.0,170,93
2025-03-07T21:00,6.9,4.0,238,96
2025-03-07T22:00,6.6,4.2,258,96
2025-03-07T23:00,6.3,0.6,18,97
2025-03-08T00:00,6.5,6.0,333,99
2025-03-08T01:00,5.8,3.4,264,99
2025-03-08T02:00,5.8,2.1,301,97
2025-03-08T03:00,5.5,0.8,315,98
2025-03-08T04:00,4.9,2.4,347,99
2025-03-08T05:00,3.6,1.5,69,99
2025-03-08T06:00,4.2,6.6,22,100
2025-03-08T07:00,5.8,3.6,30,97
2025-03-08T08:00,7.5,11.5,331,85
2025-03-08T09:00,10.1,12.7,333,67
2025-03-08T10:00,12.1,9.2,344,57
2025-03-08T11:00,13.1,6.5,3,53
2025-03-08T12:00,14.0,4.3,42,52
2025-03-08T13:00,13.9,4.1,75,51
2025-03-08T14:00,14.2,5.4,64,52
2025-03-08T15:00,13.8,8.4,59,56
2025-03-08T16:00,12.0,4.9,144,66
2025-03-08T17:00,8.3,15.4,346,86
2025-03-08T18:00,7.8,7.6,248,90
2025-03-08T19:00,7.5,4.4,339,92
2025-03-08T20:00,7.1,3.7,256,99
2025-03-08T21:00,7.0,8.4,290,98
2025-03-08T22:00,6.8,7.6,265,95
2025-03-08T23:00,6.6,6.9,261,95
2025-03-09T00:00,6.2,8.5,271,96
2025-03-09T01:00,6.0,8.7,275,95
2025-03-09T02:00,5.8,9.0,275,96
2025-03-09T03:00,5.7,6.5,278,95
2025-03-09T04:00,5.7,6.0,263,95
2025-03-09T05:00,5.7,7.0,244,94
2025-03-09T06:00,4.9,3.1,267,97
2025-03-09T07:00,6.4,0.6,342,92
2025-03-09T08:00,8.1,2.2,261,82
2025-03-09T09:00,10.0,3.4,360,75
2025-03-09T10:00,11.2,3.6,351,68
2025-03-09T11:00,11.6,4.7,4,64
2025-03-09T12:00,11.4,4.8,34,66
2025-03-09T13:00,12.7,3.8,90,65
2025-03-09T14:00,12.5,3.7,119,67
2025-03-09T15:00,12.9,6.8,182,66
2025-03-09T16:00,8.8,10.9,20,80
2025-03-09T17:00,8.9,0.6,162,82
2025-03-09T18:00,6.7,7.7,298,90
2025-03-09T19:00,6.9,2.5,300,93
2025-03-09T20:00,7.1,4.9,278,91
2025-03-09T21:00,7.0,5.3,225,95
2025-03-09T22:00,7.1,7.7,219,93
2025-03-09T23:00,6.0,12.4,222,93
2025-03-10T00:00,5.3,9.9,235,94
2025-03-10T01:00,5.2,7.6,242,93
2025-03-10T02:00,5.2,5.4,214,94
2025-03-10T03:00,5.4,8.1,205,92
2025-03-10T04:00,5.5,7.4,198,94
2025-03-10T05:00,5.4,5.8,210,96
2025-03-10T06:00,5.4,6.1,214,96
2025-03-10T07:00,5.9,7.1,221,94
2025-03-10T08:00,7.8,6.9,223,80
2025-03-10T09:00,9.7,7.0,193,70
2025-03-10T10:00,11.1,3.6,177,67
2025-03-10T11:00,12.7,1.8,217,56
2025-03-10T12:00,6.9,13.7,101,91
2025-03-10T13:00,7.6,14.1,350,89
2025-03-10T14:00,8.0,8.6,307,90
2025-03-10T15:00,6.9,10.1,273,93
2025-03-10T16:00,7.8,8.3,269,88
2025-03-10T17:00,7.0,7.0,280,92
2025-03-10T18:00,6.7,8.2,292,94
2025-03-10T19:00,6.8,7.2,288,95
2025-03-10T20:00,5.7,7.6,273,95
2025-03-10T21:00,5.6,5.2,276,97
2025-03-10T22:00,6.2,5.0,289,95
2025-03-10T23:00,6.1,5.6,320,93
2025-03-11T00:00,5.8,4.2,335,93
2025-03-11T01:00,4.8,3.4,317,95
2025-03-11T02:00,4.8,4.0,270,96
2025-03-11T03:00,4.9,4.7,274,97
2025-03-11T04:00,4.8,2.9,263,98
2025-03-11T05:00,5.1,5.1,207,95
2025-03-11T06:00,5.3,6.8,209,88
2025-03-11T07:00,5.9,7.4,219,80
2025-03-11T08:00,7.1,7.3,222,75
2025-03-11T09:00,9.3,6.0,231,67
2025-03-11T10:00,11.2,3.1,211,58
2025-03-11T11:00,12.4,1.5,210,53
2025-03-11T12:00,12.9,1.5,201,50
2025-03-11T13:00,13.5,3.1,201,48
2025-03-11T14:00,14.0,2.1,128,51
2025-03-11T15:00,14.0,3.8,90,52
2025-03-11T16:00,12.0,13.4,78,59
2025-03-11T17:00,7.7,8.3,316,89
2025-03-11T18:00,7.1,7.6,277,91
2025-03-11T19:00,6.9,6.7,239,94
2025-03-11T20:00,6.9,3.1,190,95
2025-03-11T21:00,7.2,3.8,245,94
2025-03-11T22:00,6.4,10.2,193,96
2025-03-11T23:00,5.8,7.6,208,96
2025-03-12T00:00,5.3,9.4,241,96
2025-03-12T01:00,4.9,4.6,228,96
2025-03-12T02:00,5.2,2.7,217,94
2025-03-12T03:00,5.4,4.2,220,96
2025-03-12T04:00,5.7,3.2,333,95
2025-03-12T05:00,5.7,0.7,256,94
2025-03-12T06:00,5.5,0.9,53,96
2025-03-12T07:00,6.6,0.8,45,91
2025-03-12T08:00,8.2,2.9,47,88
2025-03-12T09:00,10.0,5.9,27,77
2025-03-12T10:00,11.6,5.9,20,68
2025-03-12T11:00,12.9,5.6,6,62
2025-03-12T12:00,13.7,6.0,350,57
2025-03-12T13:00,13.5,3.1,332,55
2025-03-12T14:00,13.8,2.8,297,56
2025-03-12T15:00,9.6,16.4,89,77
2025-03-12T16:00,10.7,3.7,51,71
2025-03-12T17:00,8.8,5.6,25,79
2025-03-12T18:00,7.6,12.6,251,92
2025-03-12T19:00,6.7,1.8,24,97
2025-03-12T20:00,7.4,5.0,240,94
2025-03-12T21:00,7.1,6.6,257,93
2025-03-12T22:00,6.9,8.9,257,94
2025-03-12T23:00,5.7,9.5,248,91
2025-03-13T00:00,4.8,9.3,229,94
2025-03-13T01:00,4.7,9.4,238,95
2025-03-13T02:00,4.4,9.3,233,98
2025-03-13T03:00,4.2,8.2,229,98
2025-03-13T04:00,4.1,7.6,243,98
2025-03-13T05:00,3.8,8.9,245,97
2025-03-13T06:00,3.7,7.4,241,98
2025-03-13T07:00,4.3,5.8,248,96
2025-03-13T08:00,7.7,3.3,311,81
2025-03-13T09:00,9.6,6.8,349,74
2025-03-13T10:00,11.1,7.1,350,69
2025-03-13T11:00,11.4,3.8,315,64
2025-03-13T12:00,9.7,6.6,261,76
2025-03-13T13:00,11.7,3.5,55,68
2025-03-13T14:00,9.9,13.9,73,77
2025-03-13T15:00,9.4,15.5,80,81
2025-03-13T16:00,10.1,5.2,41,78
2025-03-13T17:00,8.6,3.2,93,79
2025-03-13T18:00,7.7,11.0,274,90
2025-03-13T19:00,7.0,5.2,256,91
2025-03-13T20:00,6.9,6.7,254,96
2025-03-13T21:00,7.0,4.6,189,90
2025-03-13T22:00,6.5,8.6,211,95
2025-03-13T23:00,5.9,9.8,230,96
2025-03-14T00:00,5.3,11.6,238,95
2025-03-14T01:00,5.1,10.9,254,95
2025-03-14T02:00,4.7,10.7,254,97
2025-03-14T03:00,4.2,8.9,241,99
2025-03-14T04:00,4.2,8.1,233,97
2025-03-14T05:00,3.6,5.8,236,98
2025-03-14T06:00,3.1,3.6,252,98
2025-03-14T07:00,5.1,3.3,283,94
2025-03-14T08:00,7.7,4.4,302,82
2025-03-14T09:00,9.2,9.3,332,70
2025-03-14T10:00,10.5,9.2,344,65
2025-03-14T11:00,12.8,10.4,349,57
2025-03-14T12:00,12.4,9.8,328,55
2025-03-14T13:00,12.0,9.5,58,64
2025-03-14T14:00,10.2,8.6,64,78
2025-03-14T15:00,11.9,1.8,349,66
2025-03-14T16:00,9.5,7.3,106,78
2025-03-14T17:00,8.3,8.7,312,84
2025-03-14T18:00,7.1,2.7,82,92
2025-03-14T19:00,6.4,6.2,260,97
2025-03-14T20:00,6.3,9.3,226,95
2025-03-14T21:00,4.9,9.3,195,97
2025-03-14T22:00,3.6,4.1,225,100
2025-03-14T23:00,4.6,5.0,334,98
2025-03-15T00:00,4.8,4.8,25,99
2025-03-15T01:00,5.1,4.7,353,98
2025-03-15T02:00,5.0,2.9,356,99
2025-03-15T03:00,4.8,4.3,318,99
2025-03-15T04:00,4.7,4.8,323,98
2025-03-15T05:00,4.8,5.4,340,96
2025-03-15T06:00,4.7,3.8,3,97
2025-03-15T07:00,5.6,1.5,315,89
2025-03-15T08:00,6.9,1.9,119,82
2025-03-15T09:00,8.4,3.7,137,74
2025-03-15T10:00,10.2,4.0,185,67
2025-03-15T11:00,11.5,4.8,191,62
2025-03-15T12:00,12.6,3.1,173,65
2025-03-15T13:00,13.7,2.3,198,63
2025-03-15T14:00,14.2,2.9,173,61
2025-03-15T15:00,12.3,11.2,106,65
2025-03-15T16:00,9.9,3.8,5,76
2025-03-15T17:00,8.8,5.8,60,82
2025-03-15T18:00,7.0,7.6,245,94
2025-03-15T19:00,6.9,5.5,351,97
2025-03-15T20:00,7.1,6.7,200,92
2025-03-15T21:00,7.1,6.4,245,93
2025-03-15T22:00,6.1,4.6,234,98
2025-03-15T23:00,5.7,8.1,235,96
2025-03-16T00:00,5.9,4.9,268,94
2025-03-16T01:00,5.8,2.6,282,96
2025-03-16T02:00,5.2,3.9,204,100
2025-03-16T03:00,5.2,5.9,225,99
2025-03-16T04:00,5.2,4.7,212,98
2025-03-16T05:00,5.2,0.3,315,98
2025-03-16T06:00,4.7,3.6,351,99
2025-03-16T07:00,6.2,5.2,311,91
2025-03-16T08:00,9.4,2.7,94,79
2025-03-16T09:00,10.9,5.1,39,71
2025-03-16T10:00,12.2,6.3,39,65
2025-03-16T11:00,12.8,6.0,51,62
2025-03-16T12:00,14.0,3.3,61,57
2025-03-16T13:00,14.1,4.7,72,58
2025-03-16T14:00,12.9,11.8,65,61
2025-03-16T15:00,12.8,8.7,63,62
2025-03-16T16:00,10.2,5.6,6,75
2025-03-16T17:00,10.0,7.0,252,74
2025-03-16T18:00,8.4,6.5,262,86
2025-03-16T19:00,7.6,5.4,182,90
2025-03-16T20:00,6.9,6.0,87,96
2025-03-16T21:00,6.7,3.2,56,94
2025-03-16T22:00,6.3,1.7,221,96
2025-03-16T23:00,5.9,4.5,175,96
2025-03-17T00:00,5.3,5.9,215,99
2025-03-17T01:00,4.4,7.8,226,99
2025-03-17T02:00,4.1,5.2,250,98
2025-03-17T03:00,3.9,4.7,263,100
2025-03-17T04:00,3.6,3.9,304,100
2025-03-17T05:00,3.3,3.0,335,100
2025-03-17T06:00,4.0,4.4,341,100
2025-03-17T07:00,5.1,6.2,345,93
2025-03-17T08:00,6.7,7.0,316,88
2025-03-17T09:00,9.2,8.1,317,74
2025-03-17T10:00,11.3,7.4,326,61
2025-03-17T11:00,13.0,3.6,20,54
2025-03-17T12:00,14.1,3.6,57,50
2025-03-17T13:00,14.9,6.3,75,49
2025-03-17T14:00,14.9,8.5,103,51
2025-03-17T15:00,14.4,14.4,94,52
2025-03-17T16:00,12.5,15.1,82,59
2025-03-17T17:00,11.9,9.7,94,62
2025-03-17T18:00,9.5,2.7,352,78
2025-03-17T19:00,8.4,11.0,244,87
2025-03-17T20:00,7.3,6.8,215,93
2025-03-17T21:00,6.8,6.4,205,94
2025-03-17T22:00,6.6,6.8,162,94
2025-03-17T23:00,6.1,2.2,194,94
2025-03-18T00:00,5.8,2.9,277,96
2025-03-18T01:00,4.8,0.5,360,99
2025-03-18T02:00,6.0,3.3,13,95
2025-03-18T03:00,5.6,3.0,346,96
2025-03-18T04:00,5.4,4.3,285,99
2025-03-18T05:00,5.2,4.4,297,99
2025-03-18T06:00,4.6,4.0,240,99
2025-03-18T07:00,6.5,1.8,281,95
2025-03-18T08:00,7.7,1.6,153,88
2025-03-18T09:00,8.7,6.3,88,82
2025-03-18T10:00,11.2,6.4,61,64
2025-03-18T11:00,12.8,7.7,59,57
2025-03-18T12:00,13.8,6.7,84,53
2025-03-18T13:00,14.1,7.8,97,51
2025-03-18T14:00,14.1,10.3,96,50
2025-03-18T15:00,14.2,13.5,90,50
2025-03-18T16:00,13.7,12.2,109,51
2025-03-18T17:00,10.7,13.7,117,70
2025-03-18T18:00,9.0,3.0,147,83
2025-03-18T19:00,8.7,5.9,117,81
2025-03-18T20:00,7.6,3.8,107,88
2025-03-18T21:00,7.6,5.4,186,88
2025-03-18T22:00,6.7,11.8,153,91
2025-03-18T23:00,6.3,4.0,141,93
2025-03-19T00:00,5.1,1.5,187,96
2025-03-19T01:00,5.7,3.9,208,97
2025-03-19T02:00,3.9,2.9,274,99
2025-03-19T03:00,4.0,3.2,308,99
2025-03-19T04:00,4.8,4.4,322,98
2025-03-19T05:00,4.7,5.6,360,99
2025-03-19T06:00,4.7,8.8,12,100
2025-03-19T07:00,5.6,8.8,355,93
2025-03-19T08:00,6.0,9.9,10,88
2025-03-19T09:00,9.0,7.9,3,72
2025-03-19T10:00,11.6,5.1,10,59
2025-03-19T11:00,13.3,7.0,55,49
2025-03-19T12:00,13.7,8.0,56,48
2025-03-19T13:00,14.3,7.9,73,46
2025-03-19T14:00,14.5,8.5,83,46
2025-03-19T15:00,14.5,10.7,85,47
2025-03-19T16:00,13.6,13.4,83,50
2025-03-19T17:00,11.9,13.8,83,60
2025-03-19T18:00,10.1,7.2,102,74
2025-03-19T19:00,9.6,10.2,122,77
2025-03-19T20:00,9.0,11.7,101,78
2025-03-19T21:00,8.5,11.5,79,81
2025-03-19T22:00,7.1,5.7,66,85
2025-03-19T23:00,5.5,3.8,163,92
2025-03-20T00:00,5.5,3.8,169,94
2025-03-20T01:00,5.5,6.9,194,95
2025-03-20T02:00,5.2,3.8,149,96
2025-03-20T03:00,5.4,6.3,200,98
2025-03-20T04:00,5.2,5.9,207,98
2025-03-20T05:00,3.9,2.0,275,99
2025-03-20T06:00,4.9,4.2,280,99
2025-03-20T07:00,6.5,3.9,254,90
2025-03-20T08:00,8.6,4.0,80,84
2025-03-20T09:00,10.7,5.1,84,74
2025-03-20T10:00,12.1,8.0,74,64
2025-03-20T11:00,12.5,7.9,78,59
2025-03-20T12:00,14.0,8.5,84,54
2025-03-20T13:00,14.5,9.2,93,50
2025-03-20T14:00,14.2,9.8,114,50
2025-03-20T15:00,12.9,15.1,82,58
2025-03-20T16:00,11.7,5.2,70,64
2025-03-20T17:00,10.4,0.6,304,69
2025-03-20T18:00,8.8,2.2,284,82
2025-03-20T19:00,8.4,3.1,270,87
2025-03-20T20:00,6.5,11.0,339,97
2025-03-20T21:00,6.3,5.4,64,95
2025-03-20T22:00,6.9,7.4,284,92
2025-03-20T23:00,5.7,5.3,262,96
2025-03-21T00:00,5.7,3.2,333,98
2025-03-21T01:00,4.5,3.1,310,100
2025-03-21T02:00,3.5,2.9,313,100
2025-03-21T03:00,3.6,3.6,323,100
2025-03-21T04:00,3.8,4.2,355,99
2025-03-21T05:00,3.7,5.2,340,100
2025-03-21T06:00,3.4,5.6,338,100
2025-03-21T07:00,4.3,6.7,341,98
2025-03-21T08:00,7.2,6.2,353,88
2025-03-21T09:00,9.9,7.9,1,77
2025-03-21T10:00,12.6,7.7,349,59
2025-03-21T11:00,13.9,6.2,348,50
2025-03-21T12:00,15.0,4.9,352,49
2025-03-21T13:00,15.8,3.7,14,47
2025-03-21T14:00,16.2,1.8,37,46
2025-03-21T15:00,16.6,5.2,74,44
2025-03-21T16:00,14.2,11.3,76,51
2025-03-21T17:00,13.3,11.3,98,55
2025-03-21T18:00,11.0,9.9,99,69
2025-03-21T19:00,9.1,4.3,107,80
2025-03-21T20:00,8.6,6.7,189,87
2025-03-21T21:00,7.7,4.6,169,86
2025-03-21T22:00,7.5,3.7,317,91
2025-03-21T23:00,6.8,7.1,294,96
2025-03-22T00:00,6.1,5.7,294,96
2025-03-22T01:00,4.8,1.9,326,97
2025-03-22T02:00,4.1,3.8,343,99
2025-03-22T03:00,3.4,2.6,348,100
2025-03-22T04:00,3.9,7.2,4,100
2025-03-22T05:00,3.6,7.3,350,99
2025-03-22T06:00,3.5,8.5,339,98
2025-03-22T07:00,3.7,7.6,332,98
2025-03-22T08:00,6.5,7.1,319,87
2025-03-22T09:00,9.4,7.0,334,76
2025-03-22T10:00,12.2,8.0,326,60
2025-03-22T11:00,13.9,6.8,338,56
2025-03-22T12:00,15.3,6.1,337,49
2025-03-22T13:00,16.2,5.4,334,44
2025-03-22T14:00,16.6,4.8,326,42
2025-03-22T15:00,17.2,3.5,339,41
2025-03-22T16:00,16.0,2.1,218,42
2025-03-22T17:00,12.4,8.6,129,71
2025-03-22T18:00,9.4,14.6,212,85
2025-03-22T19:00,8.2,17.7,199,85
2025-03-22T20:00,7.4,11.7,190,88
2025-03-22T21:00,7.1,11.7,203,87
2025-03-22T22:00,6.8,8.3,222,89
2025-03-22T23:00,6.2,6.2,308,92
2025-03-23T00:00,5.1,3.6,311,97
2025-03-23T01:00,4.9,6.5,321,99
2025-03-23T02:00,4.5,5.5,319,100
2025-03-23T03:00,4.4,4.7,337,100
2025-03-23T04:00,4.3,5.7,323,100
2025-03-23T05:00,4.0,5.8,326,100
2025-03-23T06:00,3.7,5.4,320,100
2025-03-23T07:00,4.6,5.0,319,97
2025-03-23T08:00,5.9,3.5,348,94
2025-03-23T09:00,10.5,2.6,25,79
2025-03-23T10:00,13.2,2.3,4,63
2025-03-23T11:00,14.8,1.3,326,59
2025-03-23T12:00,15.8,0.5,90,56
2025-03-23T13:00,16.3,4.1,113,52
2025-03-23T14:00,12.2,6.4,82,67
2025-03-23T15:00,11.3,3.9,106,70
2025-03-23T16:00,9.3,3.5,55,79
2025-03-23T17:00,8.0,8.2,261,86
2025-03-23T18:00,8.0,6.4,223,88
2025-03-23T19:00,7.6,10.4,238,93
2025-03-23T20:00,7.3,9.1,243,90
2025-03-23T21:00,6.7,2.9,270,92
2025-03-23T22:00,6.4,6.2,314,95
2025-03-23T23:00,5.9,7.8,351,97
2025-03-24T00:00,5.2,6.3,342,96
2025-03-24T01:00,5.1,8.3,340,94
2025-03-24T02:00,4.7,5.9,340,95
2025-03-24T03:00,4.3,6.5,314,96
2025-03-24T04:00,2.8,3.1,324,100
2025-03-24T05:00,3.3,4.8,318,99
2025-03-24T06:00,3.0,1.2,39,100
2025-03-24T07:00,4.9,4.2,320,98
2025-03-24T08:00,7.1,5.3,327,86
2025-03-24T09:00,10.1,3.1,332,76
2025-03-24T10:00,12.9,2.3,309,65
2025-03-24T11:00,14.7,3.3,257,53
2025-03-24T12:00,15.7,3.2,243,50
2025-03-24T13:00,16.6,1.2,141,48
2025-03-24T14:00,16.3,5.1,264,45
2025-03-24T15:00,13.9,16.5,231,58
2025-03-24T16:00,10.2,10.5,149,77
2025-03-24T17:00,9.2,10.7,211,82
2025-03-24T18:00,8.4,9.8,60,86
2025-03-24T19:00,8.2,2.5,4,86
2025-03-24T20:00,7.5,11.1,36,96
2025-03-24T21:00,7.2,5.8,184,98
2025-03-24T22:00,6.9,8.3,283,100
2025-03-24T23:00,6.4,6.3,235,99
2025-03-25T00:00,5.7,2.7,247,99
2025-03-25T01:00,5.4,3.1,291,100
2025-03-25T02:00,5.1,0.6,326,100
2025-03-25T03:00,5.1,1.8,11,99
2025-03-25T04:00,5.3,2.4,297,99
2025-03-25T05:00,4.2,5.0,272,100
2025-03-25T06:00,4.0,5.9,270,100
2025-03-25T07:00,4.9,5.2,254,98
2025-03-25T08:00,7.9,5.6,249,82
2025-03-25T09:00,10.8,3.8,265,67
2025-03-25T10:00,12.8,3.4,357,59
2025-03-25T11:00,13.8,3.1,31,59
2025-03-25T12:00,14.6,2.6,34,58
2025-03-25T13:00,15.6,2.2,114,54
2025-03-25T14:00,15.7,5.8,110,51
2025-03-25T15:00,10.7,9.6,78,74
2025-03-25T16:00,11.3,5.2,276,70
2025-03-25T17:00,9.9,9.4,241,78
2025-03-25T18:00,8.9,7.3,239,85
2025-03-25T19:00,7.6,8.8,206,92
2025-03-25T20:00,7.5,7.0,201,95
2025-03-25T21:00,7.5,7.5,215,92
2025-03-25T22:00,6.0,2.9,266,95
2025-03-25T23:00,5.5,3.0,346,97
2025-03-26T00:00,5.3,3.0,322,98
2025-03-26T01:00,4.5,3.3,351,99
2025-03-26T02:00,4.2,3.3,354,100
2025-03-26T03:00,3.3,2.3,328,100
2025-03-26T04:00,3.1,1.3,56,100
2025-03-26T05:00,3.4,1.4,23,99
2025-03-26T06:00,3.6,2.2,5,99
2025-03-26T07:00,4.6,4.8,335,97
2025-03-26T08:00,6.3,4.5,307,96
2025-03-26T09:00,8.8,3.5,309,83
2025-03-26T10:00,11.5,1.1,360,67
2025-03-26T11:00,13.2,4.5,97,57
2025-03-26T12:00,14.0,5.8,92,55
2025-03-26T13:00,14.6,5.8,104,52
2025-03-26T14:00,15.0,7.8,105,50
2025-03-26T15:00,14.6,6.2,98,49
2025-03-26T16:00,14.3,10.5,94,48
2025-03-26T17:00,12.9,8.4,97,55
2025-03-26T18:00,9.4,14.5,228,82
2025-03-26T19:00,7.3,16.0,226,91
2025-03-26T20:00,7.1,6.0,175,88
2025-03-26T21:00,7.0,10.4,234,92
2025-03-26T22:00,6.5,9.5,237,94
2025-03-26T23:00,6.1,7.9,207,95
2025-03-27T00:00,5.9,9.3,216,94
2025-03-27T01:00,5.3,7.3,205,94
2025-03-27T02:00,4.1,4.3,237,95
2025-03-27T03:00,3.4,2.7,266,98
2025-03-27T04:00,3.2,3.2,297,100
2025-03-27T05:00,2.9,3.5,285,100
2025-03-27T06:00,2.8,2.3,270,100
2025-03-27T07:00,5.3,3.9,236,96
2025-03-27T08:00,7.6,4.5,304,88
2025-03-27T09:00,10.6,4.3,332,76
2025-03-27T10:00,12.7,2.3,337,66
2025-03-27T11:00,14.1,0.6,162,62
2025-03-27T12:00,14.9,1.5,187,58
2025-03-27T13:00,15.5,3.5,156,54
2025-03-27T14:00,15.7,5.8,106,52
2025-03-27T15:00,11.2,13.6,68,71
2025-03-27T16:00,12.9,6.5,77,62
2025-03-27T17:00,10.9,6.7,24,72
2025-03-27T18:00,8.6,14.9,245,87
2025-03-27T19:00,7.2,9.4,253,89
2025-03-27T20:00,7.2,7.1,280,95
2025-03-27T21:00,6.9,2.5,266,97
2025-03-27T22:00,6.6,4.5,241,98
2025-03-27T23:00,7.0,4.2,258,95
2025-03-28T00:00,5.1,3.5,219,99
2025-03-28T01:00,5.6,2.8,195,99
2025-03-28T02:00,6.1,0.2,360,97
2025-03-28T03:00,5.9,7.3,136,94
2025-03-28T04:00,5.3,6.3,92,96
2025-03-28T05:00,4.9,6.5,71,97
2025-03-28T06:00,4.4,6.5,30,97
2025-03-28T07:00,5.3,5.9,360,94
2025-03-28T08:00,7.0,2.2,215,88
2025-03-28T09:00,10.0,1.8,127,75
2025-03-28T10:00,10.9,5.8,54,67
2025-03-28T11:00,12.4,3.9,24,65
2025-03-28T12:00,13.8,3.2,317,60
2025-03-28T13:00,14.4,0.6,288,57
2025-03-28T14:00,14.5,1.7,162,56
2025-03-28T15:00,14.8,1.4,40,53
2025-03-28T16:00,12.1,11.7,127,65
2025-03-28T17:00,8.8,11.5,338,84
2025-03-28T18:00,8.3,2.8,195,88
2025-03-28T19:00,8.0,5.2,274,90
2025-03-28T20:00,7.2,3.6,210,94
2025-03-28T21:00,6.6,3.8,251,96
2025-03-28T22:00,6.3,2.8,191,95
2025-03-28T23:00,6.3,5.7,221,96
2025-03-29T00:00,5.7,7.9,266,93
2025-03-29T01:00,5.1,7.4,271,97
2025-03-29T02:00,4.2,6.4,313,100
2025-03-29T03:00,4.5,5.2,354,99
2025-03-29T04:00,5.1,7.6,360,96
2025-03-29T05:00,4.9,4.0,273,98
2025-03-29T06:00,5.1,5.6,255,96
2025-03-29T07:00,6.2,4.2,301,92
2025-03-29T08:00,8.4,3.3,221,80
2025-03-29T09:00,10.3,1.7,229,73
2025-03-29T10:00,12.2,0.3,135,68
2025-03-29T11:00,13.2,1.7,342,62
2025-03-29T12:00,14.1,4.1,270,56
2025-03-29T13:00,14.5,3.7,259,53
2025-03-29T14:00,15.6,3.3,216,50
2025-03-29T15:00,11.0,13.2,95,73
2025-03-29T16:00,11.9,7.7,91,69
2025-03-29T17:00,11.4,6.6,145,69
2025-03-29T18:00,8.6,0.9,79,89
2025-03-29T19:00,8.1,5.7,217,93
2025-03-29T20:00,7.1,3.9,137,93
2025-03-29T21:00,6.5,0.8,315,99
2025-03-29T22:00,6.7,3.7,241,96
2025-03-29T23:00,6.0,5.7,305,98
2025-03-30T00:00,6.0,5.7,305,98
2025-03-30T01:00,6.1,5.6,297,95
2025-03-30T02:00,5.9,6.1,317,98
2025-03-30T03:00,5.5,1.4,337,98
2025-03-30T04:00,5.6,3.1,24,99
2025-03-30T05:00,5.5,3.8,343,98
2025-03-30T06:00,5.6,5.7,314,98
2025-03-30T07:00,6.6,3.8,329,94
2025-03-30T08:00,8.5,3.8,253,84
2025-03-30T09:00,10.1,2.7,242,78
2025-03-30T10:00,11.9,1.4,220,70
2025-03-30T11:00,13.0,4.5,180,64
2025-03-30T12:00,14.0,3.1,204,59
2025-03-30T13:00,14.8,2.5,150,56
2025-03-30T14:00,15.0,7.9,91,54
2025-03-30T15:00,12.1,10.2,104,68
2025-03-30T16:00,9.4,14.5,236,80
2025-03-30T17:00,8.7,5.8,210,85
2025-03-30T18:00,8.2,7.3,190,91
2025-03-30T19:00,7.9,4.9,219,95
2025-03-30T20:00,7.0,5.2,214,95
2025-03-30T21:00,5.6,2.7,157,97
2025-03-30T22:00,5.0,2.0,260,98
2025-03-30T23:00,4.5,3.5,305,100
2025-03-31T00:00,3.8,1.5,300,100
2025-03-31T01:00,4.1,2.6,286,100
2025-03-31T02:00,4.1,4.0,260,100
2025-03-31T03:00,4.2,3.3,311,100
2025-03-31T04:00,4.2,4.6,334,98
2025-03-31T05:00,4.3,4.9,336,96
2025-03-31T06:00,4.2,3.7,309,97
2025-03-31T07:00,4.5,4.5,286,98
2025-03-31T08:00,6.6,3.8,221,87
2025-03-31T09:00,9.8,1.7,32,72
2025-03-31T10:00,12.1,4.3,45,68
2025-03-31T11:00,13.6,4.9,51,64
2025-03-31T12:00,14.5,6.7,85,58
2025-03-31T13:00,14.0,11.1,58,57
2025-03-31T14:00,14.0,11.2,64,54
2025-03-31T15:00,13.2,10.5,86,57
2025-03-31T16:00,11.4,9.3,41,61
2025-03-31T17:00,10.2,3.0,253,73
2025-03-31T18:00,8.8,5.9,272,83
2025-03-31T19:00,7.5,9.6,175,91
2025-03-31T20:00,7.0,10.5,174,95
2025-03-31T21:00,6.6,1.5,263,96
2025-03-31T22:00,6.3,7.9,269,98
2025-03-31T23:00,5.8,4.3,275,97
2025-04-01T00:00,5.7,3.7,317,98
2025-04-01T01:00,5.5,1.9,338,99
2025-04-01T02:00,4.8,3.6,60,99
2025-04-01T03:00,4.6,3.0,52,100
2025-04-01T04:00,4.0,1.1,189,100
2025-04-01T05:00,4.3,2.8,310,100
2025-04-01T06:00,4.3,4.4,7,99
2025-04-01T07:00,4.8,6.2,348,99
2025-04-01T08:00,8.0,2.5,30,90
2025-04-01T09:00,10.2,4.8,37,78
2025-04-01T10:00,11.8,6.0,355,69
2025-04-01T11:00,12.8,5.3,303,62
2025-04-01T12:00,13.4,5.0,283,58
2025-04-01T13:00,13.0,5.6,360,59
2025-04-01T14:00,11.9,15.9,76,65
2025-04-01T15:00,11.8,12.6,76,66
2025-04-01T16:00,11.1,7.8,34,68
2025-04-01T17:00,9.0,8.7,297,80
2025-04-01T18:00,7.7,8.9,256,89
2025-04-01T19:00,7.5,8.0,316,94
2025-04-01T20:00,6.9,8.6,254,98
2025-04-01T21:00,7.0,7.1,276,96
2025-04-01T22:00,7.0,7.6,278,95
2025-04-01T23:00,6.7,7.5,233,95
2025-04-02T00:00,6.3,5.0,255,95
2025-04-02T01:00,6.0,5.2,268,96
2025-04-02T02:00,6.0,5.4,236,92
2025-04-02T03:00,5.8,5.8,216,94
2025-04-02T04:00,5.7,5.6,220,95
2025-04-02T05:00,5.7,4.8,211,94
2025-04-02T06:00,5.4,5.1,203,96
2025-04-02T07:00,5.9,5.4,200,93
2025-04-02T08:00,6.9,5.4,230,84
2025-04-02T09:00,9.0,6.0,233,73
2025-04-02T10:00,10.3,3.3,248,69
2025-04-02T11:00,11.8,3.2,227,66
2025-04-02T12:00,13.0,5.9,243,61
2025-04-02T13:00,13.4,1.8,323,60
2025-04-02T14:00,11.9,7.3,28,66
2025-04-02T15:00,10.3,5.4,92,74
2025-04-02T16:00,9.8,12.0,17,78
2025-04-02T17:00,9.7,3.2,360,77
2025-04-02T18:00,8.1,3.1,315,89
2025-04-02T19:00,7.1,1.9,229,94
2025-04-02T20:00,7.0,6.8,192,95
2025-04-02T21:00,6.3,4.1,180,96
2025-04-02T22:00,6.2,1.7,212,95
2025-04-02T23:00,5.4,1.4,270,97
2025-04-03T00:00,5.2,4.2,263,97
2025-04-03T01:00,4.6,4.2,263,100
2025-04-03T02:00,4.2,4.4,240,99
2025-04-03T03:00,4.2,5.8,240,99
2025-04-03T04:00,3.9,4.6,228,99
2025-04-03T05:00,4.3,3.5,285,98
2025-04-03T06:00,4.6,2.6,236,99
2025-04-03T07:00,5.5,3.2,297,94
2025-04-03T08:00,5.9,1.8,246,89
2025-04-03T09:00,8.2,3.6,360,80
2025-04-03T10:00,10.3,5.1,352,70
2025-04-03T11:00,12.3,4.2,5,65
2025-04-03T12:00,14.1,2.7,20,59
2025-04-03T13:00,15.1,1.4,50,56
2025-04-03T14:00,14.8,3.6,70,54
2025-04-03T15:00,12.1,13.0,47,67
2025-04-03T16:00,11.7,8.1,51,68
2025-04-03T17:00,11.2,3.5,12,69
2025-04-03T18:00,9.3,4.4,302,86
2025-04-03T19:00,8.4,3.2,270,91
2025-04-03T20:00,7.5,7.5,233,93
2025-04-03T21:00,7.0,9.7,177,94
2025-04-03T22:00,5.8,0.9,11,96
2025-04-03T23:00,6.3,4.1,347,99
2025-04-04T00:00,6.1,3.2,297,98
2025-04-04T01:00,5.5,9.1,324,100
2025-04-04T02:00,3.7,9.5,324,98
2025-04-04T03:00,4.2,4.8,241,98
2025-04-04T04:00,3.7,8.3,256,99
2025-04-04T05:00,3.9,4.1,322,98
2025-04-04T06:00,3.8,5.6,310,99
2025-04-04T07:00,5.1,4.8,312,95
2025-04-04T08:00,8.2,7.5,320,84
2025-04-04T09:00,10.4,10.5,347,64
2025-04-04T10:00,11.7,9.0,3,56
2025-04-04T11:00,13.0,7.2,360,50
2025-04-04T12:00,13.9,5.4,360,48
2025-04-04T13:00,14.6,5.2,29,47
2025-04-04T14:00,14.5,8.8,78,47
2025-04-04T15:00,13.7,11.0,80,51
2025-04-04T16:00,12.9,11.0,76,55
2025-04-04T17:00,11.1,10.2,76,66
2025-04-04T18:00,8.9,1.4,320,83
2025-04-04T19:00,7.6,1.9,139,92
2025-04-04T20:00,7.1,1.7,131,93
2025-04-04T21:00,7.0,4.4,240,93
2025-04-04T22:00,5.5,4.6,244,100
2025-04-04T23:00,4.8,8.6,231,99
2025-04-05T00:00,5.1,4.5,275,97
2025-04-05T01:00,3.6,0.6,162,100
2025-04-05T02:00,3.4,1.4,360,100
2025-04-05T03:00,3.0,0.6,56,100
2025-04-05T04:00,3.5,2.1,20,100
2025-04-05T05:00,3.7,2.9,360,99
2025-04-05T06:00,4.3,4.3,332,99
2025-04-05T07:00,4.7,5.0,314,98
2025-04-05T08:00,7.7,1.7,283,86
2025-04-05T09:00,9.3,4.0,87,72
2025-04-05T10:00,10.6,4.4,102,63
2025-04-05T11:00,12.1,3.2,90,60
2025-04-05T12:00,13.3,3.2,71,58
2025-04-05T13:00,14.2,5.9,67,53
2025-04-05T14:00,14.2,7.2,93,52
2025-04-05T15:00,11.5,7.7,115,60
2025-04-05T16:00,11.8,5.4,15,62
2025-04-05T17:00,8.7,8.4,301,80
2025-04-05T18:00,7.0,8.8,227,93
2025-04-05T19:00,6.9,8.2,229,97
2025-04-05T20:00,6.7,8.5,232,96
2025-04-05T21:00,6.4,5.5,251,96
2025-04-05T22:00,6.3,1.7,252,96
2025-04-05T23:00,5.6,0.4,360,97
2025-04-06T00:00,4.5,0.9,360,99
2025-04-06T01:00,3.8,2.8,325,100
2025-04-06T02:00,5.1,6.9,315,100
2025-04-06T03:00,5.2,3.9,37,99
2025-04-06T04:00,3.5,2.7,20,100
2025-04-06T05:00,3.4,2.7,8,100
2025-04-06T06:00,3.9,3.5,24,100
2025-04-06T07:00,5.3,2.5,352,98
2025-04-06T08:00,8.9,7.5,343,77
2025-04-06T09:00,10.8,9.2,343,60
2025-04-06T10:00,12.3,7.2,348,52
2025-04-06T11:00,13.1,3.7,23,48
2025-04-06T12:00,13.8,1.8,79,48
2025-04-06T13:00,14.2,3.2,19,47
2025-04-06T14:00,14.8,2.8,45,47
2025-04-06T15:00,14.7,5.1,108,49
2025-04-06T16:00,11.9,11.9,142,60
2025-04-06T17:00,11.3,12.3,148,61
2025-04-06T18:00,8.8,13.3,216,79
2025-04-06T19:00,8.0,14.9,200,82
2025-04-06T20:00,6.6,15.8,214,87
2025-04-06T21:00,6.1,8.7,222,88
2025-04-06T22:00,5.0,3.2,214,91
2025-04-06T23:00,5.2,0.9,233,91
2025-04-07T00:00,4.4,3.2,322,96
2025-04-07T01:00,3.6,4.1,347,100
2025-04-07T02:00,3.3,5.4,356,100
2025-04-07T03:00,2.8,4.8,338,100
2025-04-07T04:00,2.7,4.2,335,99
2025-04-07T05:00,2.9,4.3,327,99
2025-04-07T06:00,2.9,4.6,309,98
2025-04-07T07:00,3.4,3.8,311,98
2025-04-07T08:00,7.5,3.5,325,85
2025-04-07T09:00,10.7,4.0,342,68
2025-04-07T10:00,12.3,4.0,18,56
2025-04-07T11:00,13.5,2.2,24,53
2025-04-07T12:00,14.6,0.9,53,52
2025-04-07T13:00,15.4,3.2,133,50
2025-04-07T14:00,15.3,3.9,127,50
2025-04-07T15:00,13.5,6.8,42,53
2025-04-07T16:00,12.3,12.4,141,54
2025-04-07T17:00,8.7,11.5,280,80
2025-04-07T18:00,6.7,12.2,237,92
2025-04-07T19:00,6.8,11.1,228,90
2025-04-07T20:00,6.8,8.1,253,90
2025-04-07T21:00,6.6,8.3,246,93
2025-04-07T22:00,6.1,3.4,238,96
2025-04-07T23:00,5.7,3.5,351,98
2025-04-08T00:00,5.4,2.6,25,99
2025-04-08T01:00,4.6,3.1,315,100
2025-04-08T02:00,4.9,1.4,293,100
2025-04-08T03:00,4.8,2.3,315,100
2025-04-08T04:00,4.9,3.6,37,100
2025-04-08T05:00,4.7,4.8,347,98
2025-04-08T06:00,4.0,2.2,125,100
2025-04-08T07:00,5.0,1.9,299,94
2025-04-08T08:00,7.7,4.2,211,78
2025-04-08T09:00,9.9,2.3,299,66
2025-04-08T10:00,11.5,4.6,315,57
2025-04-08T11:00,13.1,3.4,313,56
2025-04-08T12:00,14.4,4.2,306,52
2025-04-08T13:00,15.0,6.7,275,48
2025-04-08T14:00,14.7,4.5,310,48
2025-04-08T15:00,10.2,13.9,155,68
2025-04-08T16:00,11.6,7.1,186,65
2025-04-08T17:00,8.4,0.8,135,78
2025-04-08T18:00,7.5,7.2,76,87
2025-04-08T19:00,6.6,8.6,29,90
2025-04-08T20:00,6.5,8.7,248,91
2025-04-08T21:00,5.9,3.5,21,95
2025-04-08T22:00,4.9,1.7,58,99
2025-04-08T23:00,5.1,4.2,12,100
2025-04-09T00:00,5.0,6.0,351,100
2025-04-09T01:00,5.0,4.8,338,99
2025-04-09T02:00,4.6,4.1,293,100
2025-04-09T03:00,4.5,4.2,301,99
2025-04-09T04:00,4.5,4.8,312,98
2025-04-09T05:00,4.2,5.1,297,99
2025-04-09T06:00,3.9,4.0,270,100
2025-04-09T07:00,4.7,5.6,277,95
2025-04-09T08:00,7.0,6.5,256,83
2025-04-09T09:00,9.5,3.8,262,73
2025-04-09T10:00,11.3,2.6,245,66
2025-04-09T11:00,12.9,1.0,315,59
2025-04-09T12:00,13.9,1.1,261,55
2025-04-09T13:00,14.3,2.8,195,52
2025-04-09T14:00,14.7,4.8,205,49
2025-04-09T15:00,13.0,9.7,135,53
2025-04-09T16:00,10.9,6.9,41,67
2025-04-09T17:00,10.4,3.5,78,69
2025-04-09T18:00,6.7,14.7,319,87
2025-04-09T19:00,6.5,7.7,270,91
2025-04-09T20:00,4.6,12.3,292,93
2025-04-09T21:00,4.3,8.7,198,95
2025-04-09T22:00,3.6,2.2,42,99
2025-04-09T23:00,2.3,6.0,46,99
2025-04-10T00:00,2.2,6.3,309,99
2025-04-10T01:00,2.2,4.3,318,99
2025-04-10T02:00,2.2,4.0,306,100
2025-04-10T03:00,2.3,5.6,301,99
2025-04-10T04:00,2.4,4.4,308,100
2025-04-10T05:00,2.5,5.4,312,100
2025-04-10T06:00,2.4,6.0,295,99
2025-04-10T07:00,3.0,5.8,292,98
2025-04-10T08:00,4.4,5.6,277,89
2025-04-10T09:00,7.2,4.1,319,78
2025-04-10T10:00,10.3,4.5,344,66
2025-04-10T11:00,12.3,4.3,315,55
2025-04-10T12:00,13.6,3.1,277,48
2025-04-10T13:00,14.0,3.8,281,47
2025-04-10T14:00,14.5,1.3,254,45
2025-04-10T15:00,12.2,8.7,328,59
2025-04-10T16:00,10.6,9.1,8,67
2025-04-10T17:00,8.7,10.9,279,76
2025-04-10T18:00,5.9,9.4,250,92
2025-04-10T19:00,6.0,5.6,318,92
2025-04-10T20:00,5.1,6.1,236,100
2025-04-10T21:00,4.8,2.0,225,99
2025-04-10T22:00,4.4,1.0,211,100
2025-04-10T23:00,3.4,1.4,360,100
2025-04-11T00:00,3.6,6.0,333,100
2025-04-11T01:00,3.7,5.7,319,100
2025-04-11T02:00,3.5,6.0,321,100
2025-04-11T03:00,3.4,5.4,323,100
2025-04-11T04:00,3.5,4.5,317,99
2025-04-11T05:00,3.4,5.3,315,98
2025-04-11T06:00,3.3,4.9,324,98
2025-04-11T07:00,3.5,6.2,306,98
2025-04-11T08:00,5.4,4.5,275,88
2025-04-11T09:00,7.7,4.3,285,74
2025-04-11T10:00,10.5,4.9,276,56
2025-04-11T11:00,12.2,5.0,300,53
2025-04-11T12:00,13.5,6.4,308,54
2025-04-11T13:00,14.5,7.5,285,49
2025-04-11T14:00,10.4,13.4,275,69
2025-04-11T15:00,12.8,4.6,129,56
2025-04-11T16:00,11.3,7.3,30,64
2025-04-11T17:00,9.7,13.1,360,77
2025-04-11T18:00,7.3,5.7,325,89
2025-04-11T19:00,6.5,8.8,343,94
2025-04-11T20:00,5.5,6.9,14,97
2025-04-11T21:00,5.0,4.6,321,96
2025-04-11T22:00,5.0,9.7,241,87
2025-04-11T23:00,4.6,12.0,216,75
2025-04-12T00:00,3.8,12.1,221,78
2025-04-12T01:00,3.0,11.0,221,82
2025-04-12T02:00,2.1,8.7,236,86
2025-04-12T03:00,1.1,7.5,249,92
2025-04-12T04:00,0.8,5.3,282,94
2025-04-12T05:00,0.4,4.3,327,99
2025-04-12T06:00,0.8,5.4,340,100
2025-04-12T07:00,2.3,5.9,313,97
2025-04-12T08:00,4.4,5.9,310,85
2025-04-12T09:00,7.7,6.2,330,72
2025-04-12T10:00,10.0,6.5,328,63
2025-04-12T11:00,11.3,7.8,307,55
2025-04-12T12:00,12.7,8.1,276,50
2025-04-12T13:00,13.6,8.5,268,48
2025-04-12T14:00,13.8,5.1,262,47
2025-04-12T15:00,13.9,2.8,15,45
2025-04-12T16:00,14.6,2.2,312,40
2025-04-12T17:00,12.7,2.6,348,60
2025-04-12T18:00,9.4,2.3,266,73
2025-04-12T19:00,7.3,2.0,297,89
2025-04-12T20:00,7.9,8.7,217,75
2025-04-12T21:00,6.4,5.0,193,81
2025-04-12T22:00,5.0,5.6,180,83
2025-04-12T23:00,4.0,3.8,197,79
2025-04-13T00:00,3.8,6.9,194,73
2025-04-13T01:00,3.2,6.7,186,78
2025-04-13T02:00,1.8,2.7,172,89
2025-04-13T03:00,2.0,3.6,207,86
2025-04-13T04:00,1.3,3.7,203,88
2025-04-13T05:00,0.9,1.8,294,87
2025-04-13T06:00,0.8,4.0,291,92
2025-04-13T07:00,4.1,3.6,300,82
2025-04-13T08:00,7.0,2.3,302,70
2025-04-13T09:00,9.9,2.6,344,58
2025-04-13T10:00,11.7,5.6,358,55
2025-04-13T11:00,12.5,5.6,327,51
2025-04-13T12:00,13.6,7.2,328,44
2025-04-13T13:00,14.4,8.6,319,41
2025-04-13T14:00,14.5,8.9,312,41
2025-04-13T15:00,14.7,5.8,306,40
2025-04-13T16:00,14.5,5.0,291,40
2025-04-13T17:00,12.2,11.3,20,56
2025-04-13T18:00,9.5,9.4,54,76
2025-04-13T19:00,8.3,3.7,313,83
2025-04-13T20:00,6.4,2.7,228,93
2025-04-13T21:00,6.8,5.1,247,91
2025-04-13T22:00,6.0,5.9,232,77
2025-04-13T23:00,6.6,12.7,198,69
2025-04-14T00:00,6.3,10.4,201,71
2025-04-14T01:00,6.3,10.0,198,70
2025-04-14T02:00,6.1,9.7,196,71
2025-04-14T03:00,5.9,4.4,192,74
2025-04-14T04:00,5.4,5.8,184,77
2025-04-14T05:00,4.5,7.5,197,81
2025-04-14T06:00,3.5,7.4,194,84
2025-04-14T07:00,5.3,6.3,217,78
2025-04-14T08:00,6.8,5.6,245,74
2025-04-14T09:00,9.6,3.4,273,63
2025-04-14T10:00,11.7,2.9,259,53
2025-04-14T11:00,13.3,1.4,230,47
2025-04-14T12:00,14.1,0.5,270,45
2025-04-14T13:00,14.6,1.2,297,45
2025-04-14T14:00,14.8,1.8,315,47
2025-04-14T15:00,14.8,1.8,217,47
2025-04-14T16:00,13.7,4.8,127,48
2025-04-14T17:00,10.9,9.8,58,74
2025-04-14T18:00,7.0,19.4,320,86
2025-04-14T19:00,7.2,9.6,304,86
2025-04-14T20:00,6.9,11.2,308,82
2025-04-14T21:00,6.0,10.3,299,89
2025-04-14T22:00,5.7,10.5,258,81
2025-04-14T23:00,4.9,6.2,240,74
2025-04-15T00:00,3.1,4.1,257,82
2025-04-15T01:00,2.3,5.5,302,93
2025-04-15T02:00,1.8,4.6,318,96
2025-04-15T03:00,1.9,5.9,320,100
2025-04-15T04:00,2.2,5.5,328,100
2025-04-15T05:00,2.2,5.0,311,99
2025-04-15T06:00,2.1,4.2,313,97
2025-04-15T07:00,2.8,4.1,322,97
2025-04-15T08:00,5.0,3.5,332,88
2025-04-15T09:00,8.5,4.5,346,74
2025-04-15T10:00,11.8,4.0,330,60
2025-04-15T11:00,14.0,5.1,302,46
2025-04-15T12:00,15.6,5.3,288,35
2025-04-15T13:00,16.4,6.1,256,33
2025-04-15T14:00,16.2,7.5,243,34
2025-04-15T15:00,16.3,3.9,236,34
2025-04-15T16:00,16.0,1.5,300,33
2025-04-15T17:00,14.4,0.3,135,53
2025-04-15T18:00,10.7,1.1,108,58
2025-04-15T19:00,8.4,4.6,216,68
2025-04-15T20:00,9.0,13.7,224,47
2025-04-15T21:00,7.2,13.4,207,52
2025-04-15T22:00,6.4,14.4,198,52
2025-04-15T23:00,5.4,12.5,205,55
2025-04-16T00:00,4.2,8.8,197,59
2025-04-16T01:00,2.2,4.7,212,68
2025-04-16T02:00,1.8,5.1,234,72
2025-04-16T03:00,0.7,3.3,279,80
2025-04-16T04:00,0.8,4.9,260,86
2025-04-16T05:00,0.6,6.8,248,85
2025-04-16T06:00,-0.6,3.8,259,86
2025-04-16T07:00,2.7,4.0,240,73
2025-04-16T08:00,7.4,2.1,250,59
2025-04-16T09:00,10.9,1.5,300,45
2025-04-16T10:00,13.3,6.5,2,43
2025-04-16T11:00,15.0,7.8,352,39
2025-04-16T12:00,16.3,8.4,335,36
2025-04-16T13:00,17.0,7.7,298,34
2025-04-16T14:00,17.2,7.1,286,34
2025-04-16T15:00,17.0,5.1,266,33
2025-04-16T16:00,16.5,2.1,218,34
2025-04-16T17:00,14.6,7.0,55,46
2025-04-16T18:00,11.3,16.1,55,63
2025-04-16T19:00,9.1,3.6,200,73
2025-04-16T20:00,9.1,14.2,212,66
2025-04-16T21:00,8.8,12.7,220,46
2025-04-16T22:00,6.9,12.4,213,48
2025-04-16T23:00,5.9,10.9,209,52
2025-04-17T00:00,5.2,9.4,220,58
2025-04-17T01:00,4.1,8.1,238,67
2025-04-17T02:00,1.9,4.0,262,85
2025-04-17T03:00,0.7,2.4,261,95
2025-04-17T04:00,-0.1,2.4,283,100
2025-04-17T05:00,-0.5,1.7,342,100
2025-04-17T06:00,-0.5,2.4,306,100
2025-04-17T07:00,1.6,3.6,311,98
2025-04-17T08:00,6.6,1.9,326,70
2025-04-17T09:00,10.6,1.7,347,54
2025-04-17T10:00,13.2,4.0,18,52
2025-04-17T11:00,14.5,4.3,2,48
2025-04-17T12:00,15.7,4.7,353,45
2025-04-17T13:00,16.2,4.2,353,44
2025-04-17T14:00,16.7,2.7,307,42
2025-04-17T15:00,16.2,3.6,120,43
2025-04-17T16:00,14.2,9.0,20,47
2025-04-17T17:00,11.0,10.4,315,75
2025-04-17T18:00,8.8,10.1,253,87
2025-04-17T19:00,7.9,8.1,241,92
2025-04-17T20:00,6.0,8.2,241,90
2025-04-17T21:00,5.2,5.0,270,93
2025-04-17T22:00,4.5,4.6,259,95
2025-04-17T23:00,3.6,3.1,298,98
2025-04-18T00:00,4.0,6.5,318,99
2025-04-18T01:00,3.7,7.6,322,100
2025-04-18T02:00,3.3,5.9,317,100
2025-04-18T03:00,2.5,0.9,349,100
2025-04-18T04:00,2.3,0.8,27,100
2025-04-18T05:00,2.9,4.5,2,100
2025-04-18T06:00,2.9,5.7,351,100
2025-04-18T07:00,3.5,6.5,337,98
2025-04-18T08:00,6.3,4.1,315,89
2025-04-18T09:00,10.3,3.3,315,72
2025-04-18T10:00,13.4,3.0,335,57
2025-04-18T11:00,15.2,3.3,347,47
2025-04-18T12:00,16.4,3.2,326,42
2025-04-18T13:00,17.2,3.6,303,39
2025-04-18T14:00,17.6,4.2,252,39
2025-04-18T15:00,16.6,2.2,48,40
2025-04-18T16:00,13.3,10.8,88,56
2025-04-18T17:00,12.6,12.5,105,59
2025-04-18T18:00,10.1,13.2,186,73
2025-04-18T19:00,6.9,6.0,185,88
2025-04-18T20:00,8.4,8.6,244,80
2025-04-18T21:00,7.4,8.8,224,84
2025-04-18T22:00,6.3,7.2,215,88
2025-04-18T23:00,5.1,9.3,217,93
2025-04-19T00:00,3.7,6.6,254,100
2025-04-19T01:00,3.1,4.3,242,100
2025-04-19T02:00,2.8,4.8,281,99
2025-04-19T03:00,2.7,2.4,343,100
2025-04-19T04:00,2.2,5.6,7,97
2025-04-19T05:00,2.6,6.0,3,96
2025-04-19T06:00,2.7,8.0,346,98
2025-04-19T07:00,4.1,4.2,348,97
2025-04-19T08:00,7.2,9.5,359,85
2025-04-19T09:00,10.5,10.1,320,68
2025-04-19T10:00,12.7,6.9,295,58
2025-04-19T11:00,14.1,2.7,360,56
2025-04-19T12:00,14.6,3.4,43,54
2025-04-19T13:00,15.1,5.0,71,53
2025-04-19T14:00,15.2,2.7,20,51
2025-04-19T15:00,15.4,1.5,21,49
2025-04-19T16:00,11.9,9.8,139,65
2025-04-19T17:00,9.3,11.9,76,75
2025-04-19T18:00,5.9,18.7,211,95
2025-04-19T19:00,4.7,3.4,186,98
2025-04-19T20:00,6.5,4.9,57,95
2025-04-19T21:00,7.1,4.5,95,90
2025-04-19T22:00,6.4,3.1,121,91
2025-04-19T23:00,6.4,0.7,270,93
2025-04-20T00:00,6.3,5.8,263,94
2025-04-20T01:00,5.4,1.0,301,95
2025-04-20T02:00,4.9,1.5,315,93
2025-04-20T03:00,4.3,3.1,291,95
2025-04-20T04:00,3.7,5.2,276,99
2025-04-20T05:00,2.7,5.3,305,100
2025-04-20T06:00,2.3,7.6,355,100
2025-04-20T07:00,3.9,8.4,341,97
2025-04-20T08:00,7.8,11.2,330,77
2025-04-20T09:00,9.7,10.1,320,65
2025-04-20T10:00,11.0,9.7,313,59
2025-04-20T11:00,12.7,8.1,313,50
2025-04-20T12:00,14.5,7.3,314,46
2025-04-20T13:00,15.5,7.2,321,42
2025-04-20T14:00,15.7,6.5,326,41
2025-04-20T15:00,14.1,11.9,355,41
2025-04-20T16:00,12.5,15.5,36,55
2025-04-20T17:00,11.3,14.3,31,62
2025-04-20T18:00,10.0,12.0,351,69
2025-04-20T19:00,8.6,10.2,318,80
2025-04-20T20:00,7.8,0.9,233,86
2025-04-20T21:00,7.4,5.1,216,94
2025-04-20T22:00,6.2,3.6,200,97
2025-04-20T23:00,5.5,0.6,108,99
2025-04-21T00:00,5.0,0.7,104,100
2025-04-21T01:00,4.4,1.8,294,100
2025-04-21T02:00,3.7,2.0,243,100
2025-04-21T03:00,4.1,2.4,222,100
2025-04-21T04:00,4.2,0.9,127,100
2025-04-21T05:00,4.8,1.9,326,100
2025-04-21T06:00,5.1,3.6,315,99
2025-04-21T07:00,5.9,4.6,321,95
2025-04-21T08:00,5.9,6.4,324,91
2025-04-21T09:00,9.3,9.9,335,70
2025-04-21T10:00,11.7,13.3,327,55
2025-04-21T11:00,13.2,15.8,336,47
2025-04-21T12:00,14.4,17.7,335,41
2025-04-21T13:00,15.2,17.8,328,37
2025-04-21T14:00,15.3,18.7,324,36
2025-04-21T15:00,15.2,14.5,323,39
2025-04-21T16:00,14.5,12.6,327,39
2025-04-21T17:00,12.6,7.2,266,49
2025-04-21T18:00,9.5,12.3,226,70
2025-04-21T19:00,8.4,13.2,217,73
2025-04-21T20:00,6.2,16.7,218,85
2025-04-21T21:00,4.4,12.1,190,96
2025-04-21T22:00,3.7,7.0,192,99
2025-04-21T23:00,2.9,2.5,291,99
2025-04-22T00:00,2.9,7.4,311,98
2025-04-22T01:00,3.4,6.5,318,95
2025-04-22T02:00,3.6,4.4,328,96
2025-04-22T03:00,2.3,4.0,321,99
2025-04-22T04:00,3.1,4.4,330,99
2025-04-22T05:00,3.9,7.6,338,98
2025-04-22T06:00,4.1,5.7,328,96
2025-04-22T07:00,4.9,4.6,315,94
2025-04-22T08:00,8.1,3.3,264,78
2025-04-22T09:00,10.1,8.3,318,62
2025-04-22T10:00,11.4,11.5,326,55
2025-04-22T11:00,13.4,13.6,329,45
2025-04-22T12:00,14.4,14.2,320,42
2025-04-22T13:00,15.0,14.0,314,37
2025-04-22T14:00,15.9,7.7,319,32
2025-04-22T15:00,16.3,5.4,272,28
2025-04-22T16:00,15.9,8.8,250,28
2025-04-22T17:00,13.2,5.7,226,48
2025-04-22T18:00,10.3,20.9,213,51
2025-04-22T19:00,8.5,17.5,212,56
2025-04-22T20:00,7.3,16.9,202,60
2025-04-22T21:00,5.9,15.9,190,65
2025-04-22T22:00,5.1,15.5,190,69
2025-04-22T23:00,4.5,13.1,193,72
2025-04-23T00:00,3.9,10.4,201,77
2025-04-23T01:00,2.9,7.6,211,83
2025-04-23T02:00,1.7,4.3,242,90
2025-04-23T03:00,1.0,4.9,268,96
2025-04-23T04:00,0.2,4.5,286,99
2025-04-23T05:00,-0.2,4.4,308,100
2025-04-23T06:00,-0.4,3.3,319,100
2025-04-23T07:00,1.0,3.5,298,95
2025-04-23T08:00,2.0,4.5,293,88
2025-04-23T09:00,5.5,4.9,332,77
2025-04-23T10:00,9.2,6.6,311,63
2025-04-23T11:00,11.4,8.5,283,52
2025-04-23T12:00,12.9,9.9,254,47
2025-04-23T13:00,13.1,9.1,236,45
2025-04-23T14:00,14.4,4.6,261,38
2025-04-23T15:00,15.8,8.3,264,28
2025-04-23T16:00,15.4,15.2,235,27
2025-04-23T17:00,12.6,16.8,209,38
2025-04-23T18:00,9.9,17.7,217,39
2025-04-23T19:00,8.3,17.5,219,41
2025-04-23T20:00,7.2,13.9,224,46
2025-04-23T21:00,6.0,14.1,217,52
2025-04-23T22:00,4.8,13.8,213,58
2025-04-23T23:00,3.8,12.3,209,64
2025-04-24T00:00,2.9,10.6,210,69
2025-04-24T01:00,1.0,5.6,225,80
2025-04-24T02:00,-0.5,4.0,234,89
2025-04-24T03:00,-1.1,6.1,230,94
2025-04-24T04:00,-1.5,6.9,264,97
2025-04-24T05:00,-1.9,5.1,302,95
2025-04-24T06:00,-1.9,5.4,323,95
2025-04-24T07:00,-0.8,4.6,321,98
2025-04-24T08:00,2.8,2.3,299,81
2025-04-24T09:00,7.6,2.0,275,60
2025-04-24T10:00,10.5,1.7,328,54
2025-04-24T11:00,12.6,2.6,344,41
2025-04-24T12:00,13.9,2.9,266,34
2025-04-24T13:00,14.7,5.1,238,32
2025-04-24T14:00,14.9,6.2,237,31
2025-04-24T15:00,14.6,4.7,238,31
2025-04-24T16:00,14.1,1.6,297,31
2025-04-24T17:00,11.7,3.1,21,54
2025-04-24T18:00,9.3,9.6,87,61
2025-04-24T19:00,7.0,4.7,133,77
2025-04-24T20:00,5.9,3.6,210,78
2025-04-24T21:00,5.2,6.1,251,80
2025-04-24T22:00,4.5,6.1,236,75
2025-04-24T23:00,4.2,10.1,235,65
2025-04-25T00:00,3.0,11.5,231,66
2025-04-25T01:00,2.2,11.9,215,67
2025-04-25T02:00,1.2,9.3,226,70
2025-04-25T03:00,0.1,8.2,232,74
2025-04-25T04:00,-1.2,3.4,302,81
2025-04-25T05:00,-1.0,5.3,348,89
2025-04-25T06:00,-1.6,5.2,326,94
2025-04-25T07:00,0.5,4.3,312,88
2025-04-25T08:00,5.1,2.9,313,69
2025-04-25T09:00,9.5,2.9,313,53
2025-04-25T10:00,12.3,2.4,343,42
2025-04-25T11:00,14.0,1.4,337,38
2025-04-25T12:00,15.1,2.2,279,34
2025-04-25T13:00,15.8,1.4,270,32
2025-04-25T14:00,15.9,4.5,247,31
2025-04-25T15:00,15.5,7.5,222,31
2025-04-25T16:00,15.3,3.5,255,31
2025-04-25T17:00,13.4,5.8,330,44
2025-04-25T18:00,8.9,4.1,221,65
2025-04-25T19:00,8.0,9.9,181,71
2025-04-25T20:00,8.3,14.0,221,51
2025-04-25T21:00,7.9,14.5,232,43
2025-04-25T22:00,6.2,16.2,231,46
2025-04-25T23:00,4.7,13.4,226,50
2025-04-26T00:00,4.0,14.2,220,49
2025-04-26T01:00,3.1,11.7,232,51
2025-04-26T02:00,0.9,5.5,261,63
2025-04-26T03:00,-0.9,4.0,280,80
2025-04-26T04:00,-2.1,3.7,293,91
2025-04-26T05:00,-2.7,4.7,298,95
2025-04-26T06:00,-3.0,4.2,306,95
2025-04-26T07:00,-1.0,4.1,319,91
2025-04-26T08:00,4.0,3.4,317,62
2025-04-26T09:00,9.2,3.0,327,41
2025-04-26T10:00,12.3,3.8,335,32
2025-04-26T11:00,14.0,2.2,265,30
2025-04-26T12:00,15.1,2.6,214,29
2025-04-26T13:00,15.8,4.7,196,29
2025-04-26T14:00,16.0,7.6,194,29
2025-04-26T15:00,15.9,8.2,195,29
2025-04-26T16:00,15.3,6.0,173,29
2025-04-26T17:00,12.4,12.3,67,47
2025-04-26T18:00,10.2,14.7,63,57
2025-04-26T19:00,8.5,4.4,63,66
2025-04-26T20:00,7.1,3.6,221,68
2025-04-26T21:00,6.6,7.3,242,74
2025-04-26T22:00,6.3,6.8,222,66
2025-04-26T23:00,5.7,10.8,201,54
2025-04-27T00:00,5.2,11.6,201,58
2025-04-27T01:00,4.4,10.1,205,64
2025-04-27T02:00,3.8,8.2,229,68
2025-04-27T03:00,3.2,4.3,248,74
2025-04-27T04:00,2.6,4.1,241,79
2025-04-27T05:00,1.6,4.4,235,84
2025-04-27T06:00,0.9,3.6,288,87
2025-04-27T07:00,2.5,3.4,302,83
2025-04-27T08:00,7.6,2.6,205,66
2025-04-27T09:00,10.4,4.9,204,50
2025-04-27T10:00,12.3,3.2,218,44
2025-04-27T11:00,13.6,1.2,243,42
2025-04-27T12:00,14.4,3.4,276,41
2025-04-27T13:00,15.6,4.0,302,40
2025-04-27T14:00,15.9,2.2,305,40
2025-04-27T15:00,15.6,3.4,286,40
2025-04-27T16:00,14.3,3.3,241,43
2025-04-27T17:00,11.5,2.2,125,59
2025-04-27T18:00,9.9,13.7,355,71
2025-04-27T19:00,7.3,6.9,343,81
2025-04-27T20:00,7.4,0.8,333,90
2025-04-27T21:00,6.3,3.6,171,94
2025-04-27T22:00,5.6,3.1,144,93
2025-04-27T23:00,5.4,0.2,360,96
2025-04-28T00:00,4.7,3.0,232,98
2025-04-28T01:00,4.2,3.3,264,98
2025-04-28T02:00,3.2,0.6,214,99
2025-04-28T03:00,2.9,0.3,45,99
2025-04-28T04:00,3.0,2.0,10,100
2025-04-28T05:00,3.1,0.7,14,100
2025-04-28T06:00,2.7,0.6,342,100
2025-04-28T07:00,4.1,1.5,346,97
2025-04-28T08:00,6.8,1.2,333,81
2025-04-28T09:00,10.1,1.8,37,64
2025-04-28T10:00,12.0,3.5,12,55
2025-04-28T11:00,13.7,5.0,358,48
2025-04-28T12:00,14.7,5.5,322,46
2025-04-28T13:00,15.7,3.1,310,46
2025-04-28T14:00,16.0,1.9,236,45
2025-04-28T15:00,12.6,13.1,71,61
2025-04-28T16:00,10.8,8.8,70,68
2025-04-28T17:00,10.9,5.2,311,66
2025-04-28T18:00,7.3,6.2,237,86
2025-04-28T19:00,7.0,2.8,255,89
2025-04-28T20:00,7.3,6.0,286,94
2025-04-28T21:00,5.6,10.2,252,95
2025-04-28T22:00,4.4,7.6,270,96
2025-04-28T23:00,4.3,2.3,274,96
2025-04-29T00:00,3.1,4.7,268,100
2025-04-29T01:00,2.6,3.1,306,100
2025-04-29T02:00,1.9,2.0,10,100
2025-04-29T03:00,2.3,5.2,360,100
2025-04-29T04:00,2.6,4.4,302,99
2025-04-29T05:00,2.6,5.2,314,99
2025-04-29T06:00,2.7,3.4,317,99
2025-04-29T07:00,3.1,5.9,310,99
2025-04-29T08:00,4.9,3.9,294,96
2025-04-29T09:00,8.6,3.5,321,77
2025-04-29T10:00,11.3,2.3,225,60
2025-04-29T11:00,13.0,4.0,177,50
2025-04-29T12:00,13.9,4.1,167,47
2025-04-29T13:00,14.9,5.8,166,44
2025-04-29T14:00,15.3,4.8,158,44
2025-04-29T15:00,14.8,7.8,136,44
2025-04-29T16:00,12.6,12.2,98,54
2025-04-29T17:00,11.2,12.1,75,66
2025-04-29T18:00,7.9,11.6,223,90
2025-04-29T19:00,6.6,9.6,273,93
2025-04-29T20:00,6.3,4.2,144,94
2025-04-29T21:00,5.3,8.5,198,97
2025-04-29T22:00,4.0,4.3,195,97
2025-04-29T23:00,4.0,3.7,309,97
2025-04-30T00:00,3.8,7.7,301,98
2025-04-30T01:00,3.8,5.2,331,98
2025-04-30T02:00,4.0,5.4,358,97
2025-04-30T03:00,3.8,7.0,32,97
2025-04-30T04:00,3.5,4.0,297,97
2025-04-30T05:00,2.3,3.7,235,99
2025-04-30T06:00,2.2,1.4,337,100
2025-04-30T07:00,3.1,3.6,307,96
2025-04-30T08:00,6.7,0.3,315,82
2025-04-30T09:00,9.5,2.1,31,67
2025-04-30T10:00,11.6,5.3,350,56
2025-04-30T11:00,12.7,5.7,351,51
2025-04-30T12:00,14.3,4.1,2,46
2025-04-30T13:00,15.6,3.1,50,44
2025-04-30T14:00,15.8,2.9,120,43
2025-04-30T15:00,13.4,14.0,68,49
2025-04-30T16:00,12.5,5.1,23,55
2025-04-30T17:00,11.0,6.0,51,64
2025-04-30T18:00,8.8,0.4,270,77
2025-04-30T19:00,7.2,15.1,230,87
2025-04-30T20:00,6.2,12.0,208,94
2025-04-30T21:00,5.1,8.7,207,95
2025-04-30T22:00,4.6,2.8,288,92
2025-04-30T23:00,4.2,3.5,294,97
2025-05-01T00:00,3.0,3.1,140,100
2025-05-01T01:00,2.8,3.3,292,99
2025-05-01T02:00,2.2,3.6,323,100
2025-05-01T03:00,1.8,6.7,286,100
2025-05-01T04:00,2.1,4.5,331,99
2025-05-01T05:00,2.1,5.6,353,99
2025-05-01T06:00,2.4,6.4,352,98
2025-05-01T07:00,2.7,8.1,329,98
2025-05-01T08:00,4.8,4.0,321,92
2025-05-01T09:00,7.5,3.9,313,77
2025-05-01T10:00,10.4,7.2,321,63
2025-05-01T11:00,12.3,8.3,318,53
2025-05-01T12:00,13.9,7.0,312,48
2025-05-01T13:00,14.8,6.7,290,44
2025-05-01T14:00,15.7,3.8,273,40
2025-05-01T15:00,15.8,0.9,143,40
2025-05-01T16:00,13.5,7.6,104,49
2025-05-01T17:00,6.8,19.5,225,84
2025-05-01T18:00,6.9,11.8,234,91
2025-05-01T19:00,7.2,12.3,212,91
2025-05-01T20:00,5.4,8.8,199,95
2025-05-01T21:00,4.5,2.1,142,95
2025-05-01T22:00,5.2,3.3,171,95
2025-05-01T23:00,4.7,1.3,172,94
2025-05-02T00:00,5.1,1.1,288,95
2025-05-02T01:00,4.5,1.8,11,99
2025-05-02T02:00,3.4,1.6,354,100
2025-05-02T03:00,3.6,2.5,330,100
2025-05-02T04:00,2.2,2.8,281,100
2025-05-02T05:00,1.6,3.7,281,100
2025-05-02T06:00,1.4,2.8,288,100
2025-05-02T07:00,3.3,4.8,297,99
2025-05-02T08:00,5.1,5.1,278,97
2025-05-02T09:00,8.8,4.2,280,76
2025-05-02T10:00,11.4,3.6,319,60
2025-05-02T11:00,12.6,3.3,331,57
2025-05-02T12:00,13.7,2.7,340,53
2025-05-02T13:00,14.4,3.2,317,49
2025-05-02T14:00,14.8,4.0,30,46
2025-05-02T15:00,11.6,19.0,70,62
2025-05-02T16:00,11.2,8.7,40,62
2025-05-02T17:00,9.2,7.9,253,72
2025-05-02T18:00,7.7,7.0,273,85
2025-05-02T19:00,6.0,13.0,209,94
2025-05-02T20:00,6.2,10.2,217,92
2025-05-02T21:00,5.3,2.7,340,94
2025-05-02T22:00,5.5,2.3,94,98
2025-05-02T23:00,5.1,1.7,139,99
2025-05-03T00:00,4.8,2.5,21,99
2025-05-03T01:00,4.3,2.1,340,100
2025-05-03T02:00,3.6,6.6,215,100
2025-05-03T03:00,3.2,2.7,318,100
2025-05-03T04:00,2.8,1.7,311,100
2025-05-03T05:00,3.3,1.4,270,100
2025-05-03T06:00,3.3,2.5,240,100
2025-05-03T07:00,3.9,1.5,249,99
2025-05-03T08:00,7.3,6.3,333,80
2025-05-03T09:00,9.5,7.9,343,66
2025-05-03T10:00,11.5,8.5,335,54
2025-05-03T11:00,12.9,9.9,335,45
2025-05-03T12:00,13.8,8.7,336,42
2025-05-03T13:00,14.6,6.9,332,39
2025-05-03T14:00,15.3,6.9,327,37
2025-05-03T15:00,15.4,6.6,315,36
2025-05-03T16:00,14.7,3.8,329,38
2025-05-03T17:00,12.1,4.7,58,53
2025-05-03T18:00,9.8,11.7,76,70
2025-05-03T19:00,7.0,14.4,222,91
2025-05-03T20:00,5.3,1.9,319,95
2025-05-03T21:00,5.0,8.0,332,97
2025-05-03T22:00,4.8,6.5,316,97
2025-05-03T23:00,4.8,7.5,345,97
2025-05-04T00:00,4.8,5.6,15,95
2025-05-04T01:00,5.1,1.4,90,95
2025-05-04T02:00,5.2,3.6,198,95
2025-05-04T03:00,5.2,2.8,165,94
2025-05-04T04:00,5.1,2.0,63,95
2025-05-04T05:00,5.0,4.7,23,97
2025-05-04T06:00,5.0,3.6,33,96
2025-05-04T07:00,5.4,3.8,360,92
2025-05-04T08:00,7.6,2.2,14,79
2025-05-04T09:00,9.6,1.4,50,66
2025-05-04T10:00,10.6,2.7,20,59
2025-05-04T11:00,11.3,2.6,34,57
2025-05-04T12:00,12.4,1.3,360,54
2025-05-04T13:00,13.7,0.8,135,50
2025-05-04T14:00,12.3,7.4,56,55
2025-05-04T15:00,13.2,5.1,96,56
2025-05-04T16:00,10.1,13.8,59,72
2025-05-04T17:00,8.2,8.3,252,81
2025-05-04T18:00,7.7,1.1,180,87
2025-05-04T19:00,6.5,9.5,209,95
2025-05-04T20:00,6.2,3.3,234,94
2025-05-04T21:00,5.9,6.0,189,95
2025-05-04T22:00,5.2,5.6,153,97
2025-05-04T23:00,4.6,0.9,270,97
2025-05-05T00:00,3.9,7.6,326,100
2025-05-05T01:00,3.2,7.5,323,100
2025-05-05T02:00,3.6,6.7,8,99
2025-05-05T03:00,3.6,3.1,357,99
2025-05-05T04:00,3.9,3.4,205,99
2025-05-05T05:00,3.6,1.7,252,100
2025-05-05T06:00,3.6,2.1,211,99
2025-05-05T07:00,4.7,1.4,293,96
2025-05-05T08:00,7.4,2.5,315,83
2025-05-05T09:00,9.1,3.1,360,77
2025-05-05T10:00,10.5,6.7,346,68
2025-05-05T11:00,12.2,7.0,337,60
2025-05-05T12:00,13.6,5.7,323,53
2025-05-05T13:00,14.7,5.2,340,48
2025-05-05T14:00,15.2,5.5,314,46
2025-05-05T15:00,14.2,4.6,45,48
2025-05-05T16:00,9.3,12.3,108,80
2025-05-05T17:00,9.5,10.7,77,74
2025-05-05T18:00,7.1,15.1,220,95
2025-05-05T19:00,6.7,6.8,241,90
2025-05-05T20:00,4.8,12.4,219,97
2025-05-05T21:00,4.4,7.1,263,98
2025-05-05T22:00,3.8,4.0,324,97
2025-05-05T23:00,3.4,9.3,347,99
2025-05-06T00:00,3.5,4.8,335,97
2025-05-06T01:00,4.0,7.6,355,96
2025-05-06T02:00,3.7,6.7,352,99
2025-05-06T03:00,4.0,5.2,340,99
2025-05-06T04:00,3.8,5.4,15,99
2025-05-06T05:00,3.7,5.0,2,100
2025-05-06T06:00,3.6,3.4,295,100
2025-05-06T07:00,4.3,4.9,268,96
2025-05-06T08:00,6.6,5.1,297,85
2025-05-06T09:00,8.6,6.6,259,74
2025-05-06T10:00,9.7,5.0,218,68
2025-05-06T11:00,10.9,2.5,172,64
2025-05-06T12:00,12.4,2.0,170,59
2025-05-06T13:00,13.5,2.5,135,55
2025-05-06T14:00,13.9,1.9,112,51
2025-05-06T15:00,14.4,3.3,158,45
2025-05-06T16:00,12.3,8.9,83,52
2025-05-06T17:00,10.2,9.2,87,70
2025-05-06T18:00,7.6,11.1,214,87
2025-05-06T19:00,6.4,10.4,234,91
2025-05-06T20:00,6.1,14.0,239,91
2025-05-06T21:00,5.1,7.0,193,90
2025-05-06T22:00,4.5,3.4,273,92
2025-05-06T23:00,4.2,5.0,316,95
2025-05-07T00:00,3.0,3.4,3,98
2025-05-07T01:00,3.0,5.4,354,98
2025-05-07T02:00,2.6,6.0,331,100
2025-05-07T03:00,2.2,4.5,299,100
2025-05-07T04:00,2.2,3.7,293,99
2025-05-07T05:00,2.2,4.4,333,100
2025-05-07T06:00,2.1,5.6,329,100
2025-05-07T07:00,2.5,7.0,314,98
2025-05-07T08:00,4.1,4.6,329,96
2025-05-07T09:00,7.2,5.9,337,80
2025-05-07T10:00,11.1,6.5,332,59
2025-05-07T11:00,13.1,4.4,322,55
2025-05-07T12:00,14.4,4.0,333,51
2025-05-07T13:00,15.4,3.9,336,47
2025-05-07T14:00,15.6,4.2,324,45
2025-05-07T15:00,15.1,4.2,47,46
2025-05-07T16:00,11.3,15.5,99,73
2025-05-07T17:00,9.1,5.5,229,81
2025-05-07T18:00,8.2,9.5,181,89
2025-05-07T19:00,6.8,12.9,189,88
2025-05-07T20:00,6.1,12.5,221,83
2025-05-07T21:00,5.0,12.0,220,88
2025-05-07T22:00,4.1,0.9,143,91
2025-05-07T23:00,3.5,2.0,5,96
2025-05-08T00:00,2.8,1.5,14,98
2025-05-08T01:00,3.3,5.6,312,98
2025-05-08T02:00,2.4,4.4,353,98
2025-05-08T03:00,2.5,4.7,317,98
2025-05-08T04:00,1.5,3.1,267,100
2025-05-08T05:00,0.9,3.6,252,100
2025-05-08T06:00,0.9,1.0,22,100
2025-05-08T07:00,2.8,3.3,9,99
2025-05-08T08:00,5.3,3.6,330,89
2025-05-08T09:00,9.1,4.6,318,73
2025-05-08T10:00,11.9,6.0,316,61
2025-05-08T11:00,13.8,6.4,313,52
2025-05-08T12:00,15.1,5.8,309,47
2025-05-08T13:00,15.9,6.1,282,43
2025-05-08T14:00,16.5,4.8,283,39
2025-05-08T15:00,11.9,17.7,239,62
2025-05-08T16:00,10.4,11.2,174,66
2025-05-08T17:00,5.2,3.5,118,97
2025-05-08T18:00,5.9,1.6,354,98
2025-05-08T19:00,5.0,2.3,122,99
2025-05-08T20:00,6.5,6.1,247,95
2025-05-08T21:00,5.1,1.3,45,98
2025-05-08T22:00,5.1,4.6,347,99
2025-05-08T23:00,4.1,5.5,319,99
2025-05-09T00:00,3.8,5.1,312,98
2025-05-09T01:00,3.3,3.0,322,98
2025-05-09T02:00,2.9,3.0,308,99
2025-05-09T03:00,2.7,4.0,297,97
2025-05-09T04:00,2.3,4.3,303,95
2025-05-09T05:00,2.0,4.6,318,94
2025-05-09T06:00,1.9,5.1,321,93
2025-05-09T07:00,2.1,5.5,333,95
2025-05-09T08:00,3.1,4.2,317,95
2025-05-09T09:00,7.1,2.2,325,76
2025-05-09T10:00,10.1,1.5,346,63
2025-05-09T11:00,12.3,1.5,60,51
2025-05-09T12:00,13.7,2.9,112,43
2025-05-09T13:00,14.3,4.2,100,41
2025-05-09T14:00,14.8,5.6,112,40
2025-05-09T15:00,13.8,9.6,95,45
2025-05-09T16:00,12.7,13.5,86,46
2025-05-09T17:00,10.5,10.3,74,55
2025-05-09T18:00,8.1,8.6,70,68
2025-05-09T19:00,7.6,9.1,58,75
2025-05-09T20:00,6.9,10.7,31,84
2025-05-09T21:00,5.1,4.0,352,89
2025-05-09T22:00,4.1,3.8,281,92
2025-05-09T23:00,3.5,2.3,270,92
2025-05-10T00:00,3.4,1.1,288,90
2025-05-10T01:00,2.6,3.5,291,91
2025-05-10T02:00,1.9,3.3,306,90
2025-05-10T03:00,1.4,0.9,11,93
2025-05-10T04:00,0.6,2.5,30,96
2025-05-10T05:00,0.9,4.4,27,94
2025-05-10T06:00,0.8,5.4,8,98
2025-05-10T07:00,1.7,7.7,348,97
2025-05-10T08:00,5.5,7.2,346,85
2025-05-10T09:00,9.0,8.7,343,66
2025-05-10T10:00,12.1,7.4,353,50
2025-05-10T11:00,14.1,7.9,20,37
2025-05-10T12:00,15.2,7.2,19,31
2025-05-10T13:00,16.1,6.2,350,28
2025-05-10T14:00,16.1,6.8,2,29
2025-05-10T15:00,15.7,9.8,35,31
2025-05-10T16:00,13.7,15.9,81,44
2025-05-10T17:00,11.4,15.5,91,60
2025-05-10T18:00,9.3,12.9,97,70
2025-05-10T19:00,8.6,13.5,87,76
2025-05-10T20:00,6.5,5.8,74,84
2025-05-10T21:00,6.6,8.8,71,86
2025-05-10T22:00,5.1,2.7,118,91
2025-05-10T23:00,4.1,2.9,202,96
2025-05-11T00:00,5.2,7.4,209,99
2025-05-11T01:00,5.3,7.9,191,99
2025-05-11T02:00,5.2,7.1,187,98
2025-05-11T03:00,4.8,8.2,188,94
2025-05-11T04:00,4.9,9.1,170,97
2025-05-11T05:00,4.1,6.7,185,98
2025-05-11T06:00,3.7,4.4,201,98
2025-05-11T07:00,5.5,4.2,198,96
2025-05-11T08:00,7.4,5.6,209,84
2025-05-11T09:00,9.8,2.0,153,66
2025-05-11T10:00,11.6,1.1,72,56
2025-05-11T11:00,12.1,1.0,135,53
2025-05-11T12:00,13.1,1.5,76,51
2025-05-11T13:00,13.2,1.3,56,49
2025-05-11T14:00,13.3,3.5,171,48
2025-05-11T15:00,13.4,5.7,134,47
2025-05-11T16:00,12.8,7.4,104,49
2025-05-11T17:00,11.0,10.5,94,58
2025-05-11T18:00,8.5,8.2,109,71
2025-05-11T19:00,7.5,8.5,118,77
2025-05-11T20:00,7.6,10.8,123,78
2025-05-11T21:00,6.5,5.7,143,89
2025-05-11T22:00,5.3,3.6,210,92
2025-05-11T23:00,4.3,7.3,234,93
2025-05-12T00:00,3.2,4.6,249,94
2025-05-12T01:00,3.0,4.2,277,92
2025-05-12T02:00,2.7,3.8,281,94
2025-05-12T03:00,2.6,1.5,263,97
2025-05-12T04:00,1.9,1.1,360,100
2025-05-12T05:00,2.1,4.1,38,100
2025-05-12T06:00,1.8,1.7,122,100
2025-05-12T07:00,2.7,1.5,14,99
2025-05-12T08:00,6.4,0.9,169,85
2025-05-12T09:00,9.6,1.1,108,72
2025-05-12T10:00,11.3,5.0,111,60
2025-05-12T11:00,13.0,7.8,122,49
2025-05-12T12:00,14.4,9.5,126,43
2025-05-12T13:00,14.9,10.8,108,42
2025-05-12T14:00,14.9,13.2,116,37
2025-05-12T15:00,14.2,14.9,109,34
2025-05-12T16:00,12.9,14.4,106,36
2025-05-12T17:00,10.9,7.1,106,53
2025-05-12T18:00,7.6,5.4,104,74
2025-05-12T19:00,7.0,4.2,110,77
2025-05-12T20:00,6.1,3.7,231,78
2025-05-12T21:00,4.5,5.1,264,82
2025-05-12T22:00,3.8,2.2,284,79
2025-05-12T23:00,3.7,2.3,241,76
2025-05-13T00:00,2.8,4.9,237,78
2025-05-13T01:00,2.1,5.2,250,80
2025-05-13T02:00,1.6,4.0,265,81
2025-05-13T03:00,1.2,3.5,298,84
2025-05-13T04:00,0.9,2.3,342,90
2025-05-13T05:00,0.3,2.7,23,94
2025-05-13T06:00,0.3,5.0,19,93
2025-05-13T07:00,3.0,6.0,10,81
2025-05-13T08:00,7.5,3.0,343,66
2025-05-13T09:00,10.1,3.3,338,55
2025-05-13T10:00,12.2,3.6,9,40
2025-05-13T11:00,13.7,5.0,49,38
2025-05-13T12:00,14.5,6.9,75,34
2025-05-13T13:00,15.1,8.7,94,28
2025-05-13T14:00,15.2,9.7,102,27
2025-05-13T15:00,14.6,11.9,93,29
2025-05-13T16:00,13.4,13.0,101,33
2025-05-13T17:00,11.1,11.2,116,47
2025-05-13T18:00,8.6,9.9,135,59
2025-05-13T19:00,7.5,8.8,139,63
2025-05-13T20:00,5.9,5.6,130,73
2025-05-13T21:00,4.8,3.6,200,77
2025-05-13T22:00,4.1,6.3,252,79
2025-05-13T23:00,3.8,2.3,252,74
2025-05-14T00:00,3.4,3.8,253,73
2025-05-14T01:00,2.5,4.7,268,77
2025-05-14T02:00,1.3,4.4,300,84
2025-05-14T03:00,1.3,4.1,319,89
2025-05-14T04:00,0.3,2.9,356,93
2025-05-14T05:00,0.4,2.7,337,93
2025-05-14T06:00,0.2,3.3,351,92
2025-05-14T07:00,3.0,5.1,8,82
2025-05-14T08:00,7.6,2.2,346,61
2025-05-14T09:00,10.6,1.0,292,50
2025-05-14T10:00,12.2,1.8,135,48
2025-05-14T11:00,13.4,3.5,111,40
2025-05-14T12:00,14.3,4.9,100,33
2025-05-14T13:00,14.9,6.7,95,25
2025-05-14T14:00,15.3,8.0,96,20
2025-05-14T15:00,15.1,9.0,93,23
2025-05-14T16:00,14.1,11.4,103,28
2025-05-14T17:00,11.3,13.6,119,45
2025-05-14T18:00,8.6,13.4,127,57
2025-05-14T19:00,7.7,10.8,120,63
2025-05-14T20:00,7.2,7.7,123,69
2025-05-14T21:00,5.6,2.2,194,77
2025-05-14T22:00,4.2,3.5,258,81
2025-05-14T23:00,2.5,3.8,281,86
2025-05-15T00:00,2.4,2.2,270,82
2025-05-15T01:00,1.5,4.0,262,84
2025-05-15T02:00,1.1,4.3,265,84
2025-05-15T03:00,0.6,2.9,313,84
2025-05-15T04:00,-0.2,3.9,338,90
2025-05-15T05:00,-0.7,2.9,7,91
2025-05-15T06:00,-1.0,3.5,21,91
2025-05-15T07:00,1.7,5.2,25,85
2025-05-15T08:00,5.9,3.0,38,70
2025-05-15T09:00,9.8,1.5,30,46
2025-05-15T10:00,12.1,0.8,135,32
2025-05-15T11:00,13.4,2.8,105,26
2025-05-15T12:00,14.3,4.5,106,22
2025-05-15T13:00,15.0,5.8,110,19
2025-05-15T14:00,15.1,6.4,112,16
2025-05-15T15:00,14.8,7.0,113,16
2025-05-15T16:00,13.8,8.6,120,18
2025-05-15T17:00,10.8,11.8,114,34
2025-05-15T18:00,8.3,15.9,118,48
2025-05-15T19:00,7.4,11.0,113,57
2025-05-15T20:00,5.9,5.4,105,70
2025-05-15T21:00,5.0,3.4,252,72
2025-05-15T22:00,3.5,5.6,255,67
2025-05-15T23:00,3.1,4.9,262,64
2025-05-16T00:00,3.4,5.7,257,60
2025-05-16T01:00,2.7,6.0,243,60
2025-05-16T02:00,1.4,4.2,234,64
2025-05-16T03:00,1.1,2.0,297,63
2025-05-16T04:00,-0.2,2.5,330,77
2025-05-16T05:00,-1.2,3.0,343,87
2025-05-16T06:00,-1.6,3.6,342,89
2025-05-16T07:00,2.0,5.5,337,80
2025-05-16T08:00,6.9,1.7,311,57
2025-05-16T09:00,10.3,2.5,274,43
2025-05-16T10:00,12.7,2.4,283,36
2025-05-16T11:00,14.2,3.0,256,32
2025-05-16T12:00,15.2,4.1,241,30
2025-05-16T13:00,15.7,5.2,245,29
2025-05-16T14:00,16.2,6.9,231,27
2025-05-16T15:00,15.9,8.8,229,28
2025-05-16T16:00,15.1,7.4,221,29
2025-05-16T17:00,12.5,1.0,112,46
2025-05-16T18:00,8.8,3.8,90,66
2025-05-16T19:00,7.3,3.3,229,75
2025-05-16T20:00,8.4,14.4,217,46
2025-05-16T21:00,7.3,18.5,221,49
2025-05-16T22:00,6.4,18.2,211,54
2025-05-16T23:00,5.6,14.8,212,60
2025-05-17T00:00,4.6,11.4,211,66
2025-05-17T01:00,3.7,10.9,214,71
2025-05-17T02:00,2.7,10.1,226,75
2025-05-17T03:00,1.4,9.4,252,80
2025-05-17T04:00,-0.3,6.5,278,89
2025-05-17T05:00,-1.6,4.2,320,98
2025-05-17T06:00,-2.5,3.6,327,100
2025-05-17T07:00,-1.0,4.5,310,97
2025-05-17T08:00,4.0,5.1,266,72
2025-05-17T09:00,8.9,5.3,246,47
2025-05-17T10:00,11.4,7.2,231,37
2025-05-17T11:00,13.4,8.2,218,32
2025-05-17T12:00,14.9,8.1,217,27
2025-05-17T13:00,16.1,9.9,224,24
2025-05-17T14:00,16.9,14.8,225,22
2025-05-17T15:00,15.9,14.1,222,22
2025-05-17T16:00,15.1,13.2,214,21
2025-05-17T17:00,12.0,10.5,186,33
2025-05-17T18:00,8.9,10.6,198,43
2025-05-17T19:00,7.8,17.3,209,38
2025-05-17T20:00,6.4,14.8,214,42
2025-05-17T21:00,5.5,15.8,203,47
2025-05-17T22:00,4.4,15.7,185,53
2025-05-17T23:00,3.6,13.0,182,57
2025-05-18T00:00,3.1,10.7,188,59
2025-05-18T01:00,2.1,6.8,212,66
2025-05-18T02:00,0.2,3.8,281,78
2025-05-18T03:00,-0.7,4.1,299,85
2025-05-18T04:00,-1.3,4.5,284,88
2025-05-18T05:00,-1.1,6.4,280,87
2025-05-18T06:00,-1.6,5.8,286,86
2025-05-18T07:00,0.5,4.8,292,76
2025-05-18T08:00,4.2,1.9,236,59
2025-05-18T09:00,7.8,2.1,290,46
2025-05-18T10:00,10.5,3.1,24,37
2025-05-18T11:00,12.3,4.8,56,32
2025-05-18T12:00,13.6,4.9,54,31
2025-05-18T13:00,14.5,5.6,65,30
2025-05-18T14:00,14.8,6.5,88,30
2025-05-18T15:00,14.0,10.0,99,34
2025-05-18T16:00,12.1,14.0,110,42
2025-05-18T17:00,10.3,12.7,111,47
2025-05-18T18:00,8.0,10.7,113,51
2025-05-18T19:00,6.1,4.9,129,63
2025-05-18T20:00,5.8,1.5,210,61
2025-05-18T21:00,4.8,4.3,213,68
2025-05-18T22:00,4.0,5.0,235,73
2025-05-18T23:00,3.0,6.0,241,76
2025-05-19T00:00,2.4,5.9,225,77
2025-05-19T01:00,2.0,5.1,238,77
2025-05-19T02:00,1.8,3.9,298,77
2025-05-19T03:00,1.3,4.2,317,81
2025-05-19T04:00,1.0,4.6,351,86
2025-05-19T05:00,0.7,4.5,2,87
2025-05-19T06:00,0.2,4.0,3,89
2025-05-19T07:00,2.1,4.5,29,84
2025-05-19T08:00,6.6,4.3,28,67
2025-05-19T09:00,9.8,3.8,355,53
2025-05-19T10:00,11.8,4.0,342,47
2025-05-19T11:00,13.5,4.5,360,41
2025-05-19T12:00,14.6,4.2,12,37
2025-05-19T13:00,15.6,3.2,3,34
2025-05-19T14:00,15.9,2.4,261,33
2025-05-19T15:00,16.2,4.5,209,33
2025-05-19T16:00,14.4,7.3,247,38
2025-05-19T17:00,11.6,2.6,164,60
2025-05-19T18:00,10.0,8.4,138,64
2025-05-19T19:00,8.8,6.8,140,67
2025-05-19T20:00,7.0,3.9,167,79
2025-05-19T21:00,6.5,3.9,202,83
2025-05-19T22:00,5.7,6.9,217,89
2025-05-19T23:00,4.3,3.9,257,91
2025-05-20T00:00,4.0,3.1,273,90
2025-05-20T01:00,3.6,2.8,235,89
2025-05-20T02:00,3.1,4.2,216,89
2025-05-20T03:00,3.4,2.5,225,86
2025-05-20T04:00,3.1,1.2,321,87
2025-05-20T05:00,2.4,2.6,348,93
2025-05-20T06:00,2.0,4.2,7,94
2025-05-20T07:00,4.9,5.9,23,87
2025-05-20T08:00,8.0,2.7,8,71
2025-05-20T09:00,10.7,1.3,225,61
2025-05-20T10:00,12.8,2.8,162,51
2025-05-20T11:00,14.2,5.0,128,45
2025-05-20T12:00,15.1,6.4,108,38
2025-05-20T13:00,15.7,8.7,104,35
2025-05-20T14:00,15.7,10.7,102,34
2025-05-20T15:00,14.8,13.6,97,36
2025-05-20T16:00,13.7,16.7,98,39
2025-05-20T17:00,11.6,13.0,86,52
2025-05-20T18:00,10.1,11.0,104,65
2025-05-20T19:00,9.2,0.2,270,73
2025-05-20T20:00,7.3,3.6,311,82
2025-05-20T21:00,7.7,8.8,282,73
2025-05-20T22:00,5.5,4.2,245,79
2025-05-20T23:00,4.4,5.5,157,86
2025-05-21T00:00,3.9,0.9,270,92
2025-05-21T01:00,3.2,2.4,216,97
2025-05-21T02:00,3.2,3.8,205,97
2025-05-21T03:00,3.1,3.6,250,97
2025-05-21T04:00,2.3,1.2,321,99
2025-05-21T05:00,1.7,2.5,8,99
2025-05-21T06:00,1.4,4.4,27,100
2025-05-21T07:00,2.7,6.1,50,98
2025-05-21T08:00,6.5,2.4,36,87
2025-05-21T09:00,10.2,1.5,60,68
2025-05-21T10:00,12.3,0.7,90,57
2025-05-21T11:00,13.7,1.1,180,51
2025-05-21T12:00,14.6,2.8,191,47
2025-05-21T13:00,15.3,3.9,202,44
2025-05-21T14:00,15.4,4.4,215,42
2025-05-21T15:00,14.6,11.6,187,40
2025-05-21T16:00,12.4,7.4,89,51
2025-05-21T17:00,10.8,10.4,79,63
2025-05-21T18:00,9.3,8.3,46,70
2025-05-21T19:00,7.7,13.5,2,82
2025-05-21T20:00,5.8,3.5,255,90
2025-05-21T21:00,5.0,1.2,231,93
2025-05-21T22:00,4.8,3.6,311,93
2025-05-21T23:00,4.5,4.6,279,90
2025-05-22T00:00,3.5,1.7,288,91
2025-05-22T01:00,2.7,1.9,319,94
2025-05-22T02:00,2.0,2.7,340,96
2025-05-22T03:00,2.4,6.0,357,96
2025-05-22T04:00,1.6,6.7,341,100
2025-05-22T05:00,0.9,4.9,327,100
2025-05-22T06:00,0.7,3.8,335,100
2025-05-22T07:00,1.8,4.3,343,98
2025-05-22T08:00,3.8,1.9,343,95
2025-05-22T09:00,8.5,0.7,360,74
2025-05-22T10:00,11.6,0.6,162,58
2025-05-22T11:00,13.4,0.6,162,47
2025-05-22T12:00,14.4,1.0,211,42
2025-05-22T13:00,15.5,1.4,130,37
2025-05-22T14:00,15.7,2.9,133,35
2025-05-22T15:00,15.3,3.5,111,35
2025-05-22T16:00,14.4,6.5,71,38
2025-05-22T17:00,11.5,13.9,79,56
2025-05-22T18:00,9.2,12.7,78,70
2025-05-22T19:00,8.6,8.3,74,75
2025-05-22T20:00,7.4,2.2,99,83
2025-05-22T21:00,6.3,4.5,241,88
2025-05-22T22:00,5.8,8.8,199,89
2025-05-22T23:00,5.3,9.2,211,93
2025-05-23T00:00,4.6,8.2,213,94
2025-05-23T01:00,3.9,6.4,223,94
2025-05-23T02:00,3.1,4.3,242,94
2025-05-23T03:00,3.2,3.1,291,95
2025-05-23T04:00,2.7,4.4,289,100
2025-05-23T05:00,2.8,2.1,290,100
2025-05-23T06:00,3.4,3.1,10,99
2025-05-23T07:00,4.7,3.3,338,94
2025-05-23T08:00,7.0,2.2,351,79
2025-05-23T09:00,10.0,2.0,350,62
2025-05-23T10:00,12.2,1.8,276,52
2025-05-23T11:00,13.5,2.6,295,44
2025-05-23T12:00,15.0,2.1,285,38
2025-05-23T13:00,15.7,4.2,245,35
2025-05-23T14:00,16.1,4.5,233,32
2025-05-23T15:00,16.0,3.3,225,30
2025-05-23T16:00,14.8,6.3,114,34
2025-05-23T17:00,11.9,13.6,82,58
2025-05-23T18:00,9.6,6.0,119,69
2025-05-23T19:00,8.3,0.7,194,78
2025-05-23T20:00,5.9,4.2,280,81
2025-05-23T21:00,5.3,6.1,203,88
2025-05-23T22:00,5.9,7.0,130,92
2025-05-23T23:00,4.3,0.8,225,96
2025-05-24T00:00,3.7,6.1,317,99
2025-05-24T01:00,2.9,1.5,291,99
2025-05-24T02:00,2.1,3.6,276,100
2025-05-24T03:00,1.8,1.6,297,100
2025-05-24T04:00,1.1,3.5,258,99
2025-05-24T05:00,0.5,1.1,288,97
2025-05-24T06:00,0.4,2.9,349,99
2025-05-24T07:00,2.3,5.5,351,99
2025-05-24T08:00,4.5,6.3,345,92
2025-05-24T09:00,8.2,5.7,349,75
2025-05-24T10:00,11.2,3.8,352,57
2025-05-24T11:00,13.3,1.1,9,44
2025-05-24T12:00,14.8,0.9,143,38
2025-05-24T13:00,15.6,1.3,172,35
2025-05-24T14:00,15.8,2.1,160,34
2025-05-24T15:00,15.7,3.6,147,33
2025-05-24T16:00,14.7,10.5,114,35
2025-05-24T17:00,12.1,12.4,109,53
2025-05-24T18:00,8.9,10.3,258,75
2025-05-24T19:00,7.5,6.1,298,83
2025-05-24T20:00,6.7,6.6,315,85
2025-05-24T21:00,6.2,7.2,274,87
2025-05-24T22:00,5.0,3.9,248,91
2025-05-24T23:00,4.1,0.8,315,93
2025-05-25T00:00,3.4,3.2,308,97
2025-05-25T01:00,2.6,4.4,277,99
2025-05-25T02:00,2.1,4.1,293,98
2025-05-25T03:00,1.5,4.1,311,99
2025-05-25T04:00,0.5,2.6,326,100
2025-05-25T05:00,0.2,3.6,3,99
2025-05-25T06:00,-0.1,3.9,22,99
2025-05-25T07:00,2.4,5.3,28,95
2025-05-25T08:00,5.0,1.2,39,87
2025-05-25T09:00,9.3,1.6,27,64
2025-05-25T10:00,11.9,2.8,35,53
2025-05-25T11:00,13.8,1.8,66,47
2025-05-25T12:00,14.9,2.1,128,43
2025-05-25T13:00,14.6,4.5,164,42
2025-05-25T14:00,14.9,2.8,135,39
2025-05-25T15:00,9.9,16.7,47,70
2025-05-25T16:00,7.5,8.5,193,87
2025-05-25T17:00,6.0,11.1,82,93
2025-05-25T18:00,5.9,4.9,327,94
2025-05-25T19:00,5.3,6.3,309,97
2025-05-25T20:00,2.3,3.3,189,95
2025-05-25T21:00,2.4,2.4,144,97
2025-05-25T22:00,2.3,1.8,246,98
2025-05-25T23:00,1.9,2.2,325,97
2025-05-26T00:00,1.7,2.4,306,98
2025-05-26T01:00,1.4,2.4,279,99
2025-05-26T02:00,1.3,1.0,292,100
2025-05-26T03:00,1.0,1.4,320,100
2025-05-26T04:00,-0.3,2.3,299,100
2025-05-26T05:00,-0.4,3.2,308,98
2025-05-26T06:00,-0.6,2.9,317,100
2025-05-26T07:00,1.4,5.9,322,99
2025-05-26T08:00,3.5,0.6,304,95
2025-05-26T09:00,5.5,0.6,326,86
2025-05-26T10:00,7.0,1.8,354,72
2025-05-26T11:00,13.0,3.9,323,42
2025-05-26T12:00,14.3,5.4,262,31
2025-05-26T13:00,14.1,8.3,266,33
2025-05-26T14:00,14.2,3.0,284,30
2025-05-26T15:00,15.4,9.9,258,24
2025-05-26T16:00,13.7,15.0,256,26
2025-05-26T17:00,11.4,9.6,278,30
2025-05-26T18:00,10.5,13.6,255,32
2025-05-26T19:00,8.6,16.8,228,33
2025-05-26T20:00,8.4,18.6,228,33
2025-05-26T21:00,7.6,18.5,220,35
2025-05-26T22:00,6.5,15.7,222,39
2025-05-26T23:00,5.4,11.6,231,43
2025-05-27T00:00,4.5,9.6,223,45
2025-05-27T01:00,3.0,9.1,210,50
2025-05-27T02:00,1.2,7.0,209,56
2025-05-27T03:00,-0.3,6.1,214,62
2025-05-27T04:00,-1.5,5.4,222,66
2025-05-27T05:00,-2.5,4.2,263,68
2025-05-27T06:00,-2.9,4.1,304,75
2025-05-27T07:00,-0.4,5.5,293,76
2025-05-27T08:00,4.3,3.4,273,54
2025-05-27T09:00,8.0,3.6,297,38
2025-05-27T10:00,10.4,3.8,287,31
2025-05-27T11:00,12.0,3.2,273,28
2025-05-27T12:00,13.0,4.0,243,22
2025-05-27T13:00,13.7,4.0,216,18
2025-05-27T14:00,13.9,3.4,155,16
2025-05-27T15:00,14.1,7.0,157,14
2025-05-27T16:00,13.7,8.9,172,14
2025-05-27T17:00,9.9,10.0,108,37
2025-05-27T18:00,7.1,10.3,96,48
2025-05-27T19:00,5.0,3.6,99,57
2025-05-27T20:00,4.1,7.2,208,63
2025-05-27T21:00,2.2,5.7,224,70
2025-05-27T22:00,1.5,5.8,202,64
2025-05-27T23:00,0.7,5.7,204,57
2025-05-28T00:00,-0.4,5.3,246,56
2025-05-28T01:00,-0.7,6.4,262,56
2025-05-28T02:00,-1.7,5.2,266,59
2025-05-28T03:00,-2.5,4.1,331,72
2025-05-28T04:00,-2.5,4.3,332,79
2025-05-28T05:00,-2.8,4.2,306,81
2025-05-28T06:00,-3.1,1.7,311,83
2025-05-28T07:00,-0.9,2.3,29,83
2025-05-28T08:00,3.6,0.8,27,57
2025-05-28T09:00,7.5,1.6,354,38
2025-05-28T10:00,10.5,0.7,360,31
2025-05-28T11:00,12.2,0.9,90,26
2025-05-28T12:00,13.3,1.2,207,22
2025-05-28T13:00,14.0,2.3,212,19
2025-05-28T14:00,14.5,3.2,254,17
2025-05-28T15:00,14.2,5.1,280,16
2025-05-28T16:00,13.5,4.4,282,17
2025-05-28T17:00,9.8,2.7,132,35
2025-05-28T18:00,7.3,13.1,103,50
2025-05-28T19:00,6.7,9.8,84,52
2025-05-28T20:00,4.0,6.2,52,70
2025-05-28T21:00,4.8,7.9,66,73
2025-05-28T22:00,2.7,1.9,229,79
2025-05-28T23:00,1.9,7.6,251,82
2025-05-29T00:00,1.2,5.8,206,80
2025-05-29T01:00,1.0,5.9,247,75
2025-05-29T02:00,0.1,5.4,250,75
2025-05-29T03:00,-0.3,5.1,238,76
2025-05-29T04:00,-0.6,4.2,245,77
2025-05-29T05:00,-0.8,2.1,255,76
2025-05-29T06:00,-1.8,1.5,339,80
2025-05-29T07:00,0.4,4.7,16,82
2025-05-29T08:00,5.2,4.0,306,58
2025-05-29T09:00,8.6,3.6,288,49
2025-05-29T10:00,10.6,2.3,212,44
2025-05-29T11:00,12.3,3.3,171,36
2025-05-29T12:00,13.3,5.9,162,30
2025-05-29T13:00,14.0,7.3,216,24
2025-05-29T14:00,14.2,9.9,228,22
2025-05-29T15:00,14.4,8.8,221,18
2025-05-29T16:00,14.2,8.6,233,18
2025-05-29T17:00,10.4,4.4,111,33
2025-05-29T18:00,7.9,12.4,88,51
2025-05-29T19:00,6.8,6.4,40,51
2025-05-29T20:00,4.8,3.1,242,63
2025-05-29T21:00,3.7,6.1,214,72
2025-05-29T22:00,3.0,6.4,238,69
2025-05-29T23:00,2.3,6.7,246,56
2025-05-30T00:00,1.1,6.9,239,49
2025-05-30T01:00,0.3,8.6,241,48
2025-05-30T02:00,-0.7,7.2,245,49
2025-05-30T03:00,-2.4,5.4,264,54
2025-05-30T04:00,-3.2,4.2,301,63
2025-05-30T05:00,-3.5,3.8,319,74
2025-05-30T06:00,-3.9,3.7,337,80
2025-05-30T07:00,-1.1,5.1,350,76
2025-05-30T08:00,3.3,2.2,325,53
2025-05-30T09:00,7.6,2.1,340,31
2025-05-30T10:00,10.4,2.2,14,25
2025-05-30T11:00,12.1,1.0,22,22
2025-05-30T12:00,13.0,1.4,203,22
2025-05-30T13:00,13.5,6.8,220,21
2025-05-30T14:00,13.5,7.2,215,20
2025-05-30T15:00,13.8,4.0,159,18
2025-05-30T16:00,13.7,7.3,120,16
2025-05-30T17:00,9.3,16.4,86,41
2025-05-30T18:00,7.0,12.6,76,42
2025-05-30T19:00,5.0,2.4,42,55
2025-05-30T20:00,4.7,0.3,225,56
2025-05-30T21:00,3.3,8.3,229,61
2025-05-30T22:00,2.2,5.4,236,56
2025-05-30T23:00,2.5,8.1,242,47
2025-05-31T00:00,1.1,7.5,240,44
2025-05-31T01:00,-0.5,6.5,247,47
2025-05-31T02:00,-2.0,2.3,270,51
2025-05-31T03:00,-2.5,1.2,321,57
2025-05-31T04:00,-3.4,2.8,315,72
2025-05-31T05:00,-3.7,4.3,318,82
2025-05-31T06:00,-3.9,4.6,315,83
2025-05-31T07:00,-1.1,5.8,324,76
2025-05-31T08:00,3.4,3.2,317,52
2025-05-31T09:00,7.5,3.6,303,36
2025-05-31T10:00,10.5,4.2,324,27
2025-05-31T11:00,12.3,3.1,347,24
2025-05-31T12:00,13.6,2.5,4,22
2025-05-31T13:00,14.5,1.7,328,20
2025-05-31T14:00,14.9,1.1,198,19
2025-05-31T15:00,14.4,5.0,201,19
2025-05-31T16:00,13.7,6.7,199,20
2025-05-31T17:00,10.9,8.3,138,37
2025-05-31T18:00,7.9,12.1,79,49
2025-05-31T19:00,7.8,11.8,57,52
2025-05-31T20:00,5.9,0.8,315,62
2025-05-31T21:00,5.3,10.0,232,60
2025-05-31T22:00,5.1,6.2,218,48
2025-05-31T23:00,5.4,11.2,237,47
2025-06-01T00:00,4.0,12.9,222,39
2025-06-01T01:00,3.6,13.4,216,38
2025-06-01T02:00,3.9,8.9,234,39
2025-06-01T03:00,2.6,5.4,276,48
2025-06-01T04:00,1.6,4.1,270,59
2025-06-01T05:00,1.6,3.8,289,65
2025-06-01T06:00,1.3,1.8,354,71
2025-06-01T07:00,2.6,3.8,352,70
2025-06-01T08:00,5.4,1.6,297,49
2025-06-01T09:00,8.6,2.8,320,34
2025-06-01T10:00,10.7,3.6,319,26
2025-06-01T11:00,12.1,3.5,309,26
2025-06-01T12:00,12.9,3.6,288,25
2025-06-01T13:00,14.7,5.4,230,21
2025-06-01T14:00,15.0,10.8,252,20
2025-06-01T15:00,14.6,10.5,257,20
2025-06-01T16:00,14.3,9.2,225,18
2025-06-01T17:00,10.8,7.8,185,29
2025-06-01T18:00,7.2,6.6,164,47
2025-06-01T19:00,6.9,16.4,193,32
2025-06-01T20:00,5.2,9.2,186,37
2025-06-01T21:00,3.3,1.9,209,46
2025-06-01T22:00,3.4,1.7,193,43
2025-06-01T23:00,1.9,4.5,166,51
2025-06-02T00:00,1.0,3.7,166,58
2025-06-02T01:00,-0.1,4.1,193,63
2025-06-02T02:00,-1.5,4.7,242,69
2025-06-02T03:00,-2.1,4.9,262,73
2025-06-02T04:00,-2.5,4.7,277,75
2025-06-02T05:00,-2.9,4.2,301,79
2025-06-02T06:00,-3.1,3.7,299,82
2025-06-02T07:00,-0.5,5.8,277,77
2025-06-02T08:00,3.5,2.5,270,57
2025-06-02T09:00,7.2,3.6,307,50
2025-06-02T10:00,9.6,4.9,324,43
2025-06-02T11:00,11.4,4.5,304,32
2025-06-02T12:00,12.4,4.3,287,28
2025-06-02T13:00,13.0,4.5,275,26
2025-06-02T14:00,13.3,5.0,268,25
2025-06-02T15:00,13.4,4.6,257,24
2025-06-02T16:00,12.9,2.9,259,24
2025-06-02T17:00,9.9,3.2,19,38
2025-06-02T18:00,8.2,10.8,62,49
2025-06-02T19:00,5.7,5.0,111,68
2025-06-02T20:00,4.4,6.4,243,75
2025-06-02T21:00,3.8,7.3,218,70
2025-06-02T22:00,3.4,10.0,193,58
2025-06-02T23:00,2.4,11.2,195,46
2025-06-03T00:00,1.6,10.1,213,49
2025-06-03T01:00,-0.2,5.6,213,58
2025-06-03T02:00,-1.0,5.5,221,64
2025-06-03T03:00,-2.0,6.3,265,71
2025-06-03T04:00,-3.2,5.2,292,82
2025-06-03T05:00,-4.3,3.2,317,93
2025-06-03T06:00,-4.9,3.7,313,98
2025-06-03T07:00,-2.9,5.2,338,87
2025-06-03T08:00,4.1,2.8,333,58
2025-06-03T09:00,8.0,3.6,333,41
2025-06-03T10:00,10.5,2.4,343,33
2025-06-03T11:00,12.3,2.7,332,31
2025-06-03T12:00,13.6,1.8,323,27
2025-06-03T13:00,14.4,0.4,360,25
2025-06-03T14:00,14.8,1.0,135,24
2025-06-03T15:00,14.6,2.9,150,23
2025-06-03T16:00,13.9,4.2,144,24
2025-06-03T17:00,11.3,8.6,112,34
2025-06-03T18:00,8.4,14.4,86,43
2025-06-03T19:00,7.7,10.3,83,47
2025-06-03T20:00,6.2,6.2,69,52
2025-06-03T21:00,4.9,0.4,243,58
2025-06-03T22:00,2.7,5.0,240,65
2025-06-03T23:00,2.3,4.9,242,62
2025-06-04T00:00,2.1,4.8,236,63
2025-06-04T01:00,1.4,6.7,224,62
2025-06-04T02:00,0.3,5.4,233,64
2025-06-04T03:00,-0.5,5.3,262,68
2025-06-04T04:00,-1.4,5.0,268,74
2025-06-04T05:00,-2.6,4.1,283,80
2025-06-04T06:00,-3.0,3.7,317,85
2025-06-04T07:00,-0.4,5.6,331,81
2025-06-04T08:00,4.1,1.8,336,60
2025-06-04T09:00,8.2,2.1,322,43
2025-06-04T10:00,10.9,2.9,317,35
2025-06-04T11:00,12.6,3.2,289,29
2025-06-04T12:00,13.7,4.0,280,25
2025-06-04T13:00,14.4,4.9,274,23
2025-06-04T14:00,14.9,6.3,250,23
2025-06-04T15:00,14.9,11.0,230,23
2025-06-04T16:00,14.4,10.3,216,24
2025-06-04T17:00,11.5,4.0,95,36
2025-06-04T18:00,10.0,15.9,58,43
2025-06-04T19:00,9.0,10.4,58,45
2025-06-04T20:00,6.5,1.3,180,54
2025-06-04T21:00,5.1,11.5,230,60
2025-06-04T22:00,4.4,9.7,205,52
2025-06-04T23:00,3.6,11.1,203,52
2025-06-05T00:00,3.0,10.7,215,56
2025-06-05T01:00,2.2,9.3,224,61
2025-06-05T02:00,1.0,7.1,229,68
2025-06-05T03:00,-0.9,6.5,246,79
2025-06-05T04:00,-1.8,4.7,266,85
2025-06-05T05:00,-2.3,4.4,291,88
2025-06-05T06:00,-3.1,4.1,319,95
2025-06-05T07:00,-1.9,4.6,329,91
2025-06-05T08:00,3.5,3.6,330,68
2025-06-05T09:00,8.1,3.3,306,45
2025-06-05T10:00,10.7,0.9,270,39
2025-06-05T11:00,12.5,1.0,121,37
2025-06-05T12:00,13.7,0.7,284,31
2025-06-05T13:00,15.0,6.1,293,25
2025-06-05T14:00,15.6,9.5,306,21
2025-06-05T15:00,15.3,10.3,310,22
2025-06-05T16:00,14.3,10.8,316,23
2025-06-05T17:00,11.6,5.6,25,32
2025-06-05T18:00,8.6,15.7,96,56
2025-06-05T19:00,7.4,8.9,77,71
2025-06-05T20:00,6.3,6.1,40,84
2025-06-05T21:00,4.8,2.9,43,86
2025-06-05T22:00,3.4,2.7,200,92
2025-06-05T23:00,2.8,5.7,229,91
2025-06-06T00:00,2.1,2.2,256,87
2025-06-06T01:00,1.3,2.0,297,89
2025-06-06T02:00,1.0,4.2,290,90
2025-06-06T03:00,0.6,3.3,315,91
2025-06-06T04:00,0.0,2.8,333,94
2025-06-06T05:00,-0.6,2.6,348,95
2025-06-06T06:00,-1.1,3.1,28,94
2025-06-06T07:00,1.1,4.6,26,86
2025-06-06T08:00,4.4,1.1,342,70
2025-06-06T09:00,7.7,0.3,225,58
2025-06-06T10:00,10.4,1.5,353,50
2025-06-06T11:00,12.7,4.5,323,34
2025-06-06T12:00,14.3,7.4,319,24
2025-06-06T13:00,15.3,7.6,313,23
2025-06-06T14:00,15.9,7.2,354,22
2025-06-06T15:00,16.4,8.6,352,20
2025-06-06T16:00,15.7,8.8,296,18
2025-06-06T17:00,11.3,3.4,177,39
2025-06-06T18:00,9.2,7.4,139,52
2025-06-06T19:00,8.0,9.6,229,53
2025-06-06T20:00,7.3,10.0,203,44
2025-06-06T21:00,6.1,12.7,203,49
2025-06-06T22:00,5.7,15.4,206,48
2025-06-06T23:00,5.0,13.7,214,51
2025-06-07T00:00,3.8,9.9,226,57
2025-06-07T01:00,2.4,8.6,241,64
2025-06-07T02:00,1.3,7.0,249,69
2025-06-07T03:00,-0.2,4.1,272,75
2025-06-07T04:00,-0.8,3.7,284,80
2025-06-07T05:00,-1.4,3.4,273,83
2025-06-07T06:00,-1.8,3.5,285,87
2025-06-07T07:00,0.4,5.4,276,82
2025-06-07T08:00,4.0,3.1,267,64
2025-06-07T09:00,7.8,2.5,266,47
2025-06-07T10:00,10.3,3.5,258,38
2025-06-07T11:00,12.1,2.5,270,33
2025-06-07T12:00,13.3,2.5,266,30
2025-06-07T13:00,14.0,4.4,238,28
2025-06-07T14:00,14.6,3.8,205,27
2025-06-07T15:00,14.8,7.0,181,25
2025-06-07T16:00,13.9,8.7,162,25
2025-06-07T17:00,11.8,4.9,107,34
2025-06-07T18:00,9.1,10.1,91,56
2025-06-07T19:00,7.7,6.0,115,66
2025-06-07T20:00,6.0,2.5,98,69
2025-06-07T21:00,4.5,3.7,231,77
2025-06-07T22:00,3.6,6.7,218,74
2025-06-07T23:00,3.1,6.5,203,62
2025-06-08T00:00,2.1,6.1,214,51
2025-06-08T01:00,1.2,5.9,223,53
2025-06-08T02:00,-0.4,4.5,247,61
2025-06-08T03:00,-1.0,4.5,256,65
2025-06-08T04:00,-1.5,4.1,268,68
2025-06-08T05:00,-2.4,3.6,307,79
2025-06-08T06:00,-3.6,5.0,341,94
2025-06-08T07:00,-2.3,5.4,8,95
2025-06-08T08:00,3.8,3.2,3,65
2025-06-08T09:00,8.6,2.4,297,41
2025-06-08T10:00,11.3,0.5,315,32
2025-06-08T11:00,13.2,0.8,117,28
2025-06-08T12:00,14.3,1.2,219,25
2025-06-08T13:00,15.0,3.9,242,23
2025-06-08T14:00,15.4,6.0,221,22
2025-06-08T15:00,15.5,11.4,221,22
2025-06-08T16:00,15.0,12.9,229,23
2025-06-08T17:00,12.7,1.5,300,37
2025-06-08T18:00,10.3,7.0,80,46
2025-06-08T19:00,8.9,6.9,139,58
2025-06-08T20:00,6.8,9.7,196,61
2025-06-08T21:00,5.3,7.3,226,70
2025-06-08T22:00,4.4,10.3,211,67
2025-06-08T23:00,4.1,10.5,177,53
2025-06-09T00:00,2.5,7.7,205,52
2025-06-09T01:00,1.8,5.8,187,49
2025-06-09T02:00,0.8,4.9,216,54
2025-06-09T03:00,-0.4,4.6,252,60
2025-06-09T04:00,-1.2,3.6,319,67
2025-06-09T05:00,-1.6,3.4,342,78
2025-06-09T06:00,-1.9,4.9,354,82
2025-06-09T07:00,0.2,6.8,349,78
2025-06-09T08:00,4.4,3.6,340,52
2025-06-09T09:00,8.1,5.5,351,43
2025-06-09T10:00,10.8,6.2,334,38
2025-06-09T11:00,12.9,6.8,343,31
2025-06-09T12:00,14.3,4.6,342,27
2025-06-09T13:00,15.5,5.5,311,25
2025-06-09T14:00,16.1,10.7,305,24
2025-06-09T15:00,16.1,7.1,313,23
2025-06-09T16:00,14.7,9.6,150,25
2025-06-09T17:00,11.3,14.3,69,39
2025-06-09T18:00,9.2,9.9,42,46
2025-06-09T19:00,7.4,0.6,304,64
2025-06-09T20:00,6.8,3.8,183,72
2025-06-09T21:00,5.9,15.5,213,60
2025-06-09T22:00,5.9,15.9,202,58
2025-06-09T23:00,5.4,11.2,192,56
2025-06-10T00:00,4.3,8.1,211,56
2025-06-10T01:00,4.0,4.8,211,48
2025-06-10T02:00,2.9,4.6,228,51
2025-06-10T03:00,1.9,4.1,255,57
2025-06-10T04:00,0.3,3.6,270,67
2025-06-10T05:00,-0.3,2.8,255,72
2025-06-10T06:00,-0.9,2.5,249,76
2025-06-10T07:00,0.9,4.1,268,69
2025-06-10T08:00,4.9,2.0,297,52
2025-06-10T09:00,8.7,2.0,275,36
2025-06-10T10:00,11.1,3.1,267,26
2025-06-10T11:00,12.5,5.0,257,25
2025-06-10T12:00,13.7,3.5,235,24
2025-06-10T13:00,15.0,9.4,193,20
2025-06-10T14:00,14.9,14.7,202,21
2025-06-10T15:00,14.5,15.9,217,19
2025-06-10T16:00,14.2,19.0,230,19
2025-06-10T17:00,12.6,17.7,223,23
2025-06-10T18:00,9.9,11.4,187,28
2025-06-10T19:00,7.7,6.3,143,42
2025-06-10T20:00,6.8,12.1,200,32
2025-06-10T21:00,5.6,13.7,208,34
2025-06-10T22:00,4.8,15.5,213,33
2025-06-10T23:00,4.7,16.7,210,33
2025-06-11T00:00,3.5,13.3,221,39
2025-06-11T01:00,2.1,9.8,211,47
2025-06-11T02:00,0.8,5.6,228,54
2025-06-11T03:00,-0.6,4.0,265,63
2025-06-11T04:00,-1.2,3.8,281,71
2025-06-11T05:00,-1.6,1.8,276,78
2025-06-11T06:00,-2.1,2.2,246,81
2025-06-11T07:00,-0.1,5.4,240,73
2025-06-11T08:00,3.9,4.2,258,52
2025-06-11T09:00,7.5,5.5,257,37
2025-06-11T10:00,10.1,4.5,254,30
2025-06-11T11:00,11.7,3.4,252,27
2025-06-11T12:00,12.8,3.4,245,26
2025-06-11T13:00,13.8,5.3,198,25
2025-06-11T14:00,14.5,10.0,201,25
2025-06-11T15:00,14.5,11.2,186,25
2025-06-11T16:00,12.9,11.1,117,29
2025-06-11T17:00,9.7,12.5,72,48
2025-06-11T18:00,7.8,7.7,121,57
2025-06-11T19:00,6.6,3.4,137,63
2025-06-11T20:00,6.0,13.9,230,61
2025-06-11T21:00,6.4,19.3,228,38
2025-06-11T22:00,5.3,20.4,215,42
2025-06-11T23:00,4.2,14.8,204,48
2025-06-12T00:00,3.2,12.6,194,53
2025-06-12T01:00,2.2,12.2,197,57
2025-06-12T02:00,1.2,8.1,211,61
2025-06-12T03:00,-0.3,4.9,262,67
2025-06-12T04:00,-1.5,4.1,283,78
2025-06-12T05:00,-2.5,3.4,273,84
2025-06-12T06:00,-2.9,3.3,292,86
2025-06-12T07:00,-0.8,4.8,283,79
2025-06-12T08:00,2.6,3.9,246,55
2025-06-12T09:00,6.4,3.2,289,41
2025-06-12T10:00,9.1,4.0,330,33
2025-06-12T11:00,11.3,4.6,339,28
2025-06-12T12:00,12.9,5.2,311,23
2025-06-12T13:00,13.5,6.4,288,21
2025-06-12T14:00,13.9,4.1,315,22
2025-06-12T15:00,14.2,3.9,16,20
2025-06-12T16:00,14.1,2.7,4,16
2025-06-12T17:00,11.3,2.4,228,25
2025-06-12T18:00,9.6,12.4,193,22
2025-06-12T19:00,7.1,10.9,196,32
2025-06-12T20:00,6.1,13.7,210,29
2025-06-12T21:00,5.6,12.6,200,28
2025-06-12T22:00,5.1,12.6,189,28
2025-06-12T23:00,4.0,13.7,190,30
2025-06-13T00:00,3.1,11.8,203,33
2025-06-13T01:00,1.6,6.0,231,39
2025-06-13T02:00,-0.3,4.6,252,49
2025-06-13T03:00,-1.4,4.0,275,56
2025-06-13T04:00,-2.2,3.7,284,63
2025-06-13T05:00,-2.8,3.2,308,71
2025-06-13T06:00,-3.3,3.4,313,80
2025-06-13T07:00,-1.2,5.4,291,75
2025-06-13T08:00,2.9,3.0,253,45
2025-06-13T09:00,7.1,2.3,252,28
2025-06-13T10:00,9.8,0.8,315,24
2025-06-13T11:00,11.8,1.3,8,21
2025-06-13T12:00,13.0,1.1,288,20
2025-06-13T13:00,14.0,1.7,342,21
2025-06-13T14:00,15.1,2.3,337,18
2025-06-13T15:00,15.3,9.5,248,16
2025-06-13T16:00,14.5,14.7,227,15
2025-06-13T17:00,11.9,19.6,209,16
2025-06-13T18:00,9.7,23.1,219,14
2025-06-13T19:00,8.1,23.8,219,15
2025-06-13T20:00,6.8,25.2,227,17
2025-06-13T21:00,6.0,21.2,232,20
2025-06-13T22:00,5.4,18.6,235,21
2025-06-13T23:00,2.3,5.6,248,31
2025-06-14T00:00,0.1,3.8,245,42
2025-06-14T01:00,-1.2,4.1,285,49
2025-06-14T02:00,-2.3,3.8,275,60
2025-06-14T03:00,-2.4,5.5,251,61
2025-06-14T04:00,-3.0,4.1,285,65
2025-06-14T05:00,-3.5,3.8,267,73
2025-06-14T06:00,-3.5,4.1,268,74
2025-06-14T07:00,-1.7,5.5,281,66
2025-06-14T08:00,2.0,3.2,286,45
2025-06-14T09:00,6.4,2.3,315,28
2025-06-14T10:00,9.9,2.1,345,18
2025-06-14T11:00,12.3,3.8,319,13
2025-06-14T12:00,13.3,7.1,297,13
2025-06-14T13:00,14.1,4.3,312,14
2025-06-14T14:00,15.2,2.1,308,11
2025-06-14T15:00,15.7,12.0,235,8
2025-06-14T16:00,13.9,22.8,226,8
2025-06-14T17:00,11.9,18.3,214,9
2025-06-14T18:00,9.0,17.4,199,13
2025-06-14T19:00,7.0,17.1,208,18
2025-06-14T20:00,5.3,14.8,211,21
2025-06-14T21:00,4.3,13.1,203,23
2025-06-14T22:00,3.3,9.1,210,24
2025-06-14T23:00,1.3,5.5,226,29
2025-06-15T00:00,-0.6,3.8,267,39
2025-06-15T01:00,-1.5,3.3,324,49
2025-06-15T02:00,-2.6,3.3,279,60
2025-06-15T03:00,-3.2,4.4,261,66
2025-06-15T04:00,-3.8,4.3,265,64
2025-06-15T05:00,-3.7,3.4,267,60
2025-06-15T06:00,-4.0,4.2,277,56
2025-06-15T07:00,-1.6,4.8,299,46
2025-06-15T08:00,2.6,1.5,263,38
2025-06-15T09:00,6.6,1.6,264,26
2025-06-15T10:00,9.7,4.2,353,19
2025-06-15T11:00,12.1,5.8,358,16
2025-06-15T12:00,13.8,6.2,343,14
2025-06-15T13:00,14.7,7.4,313,12
2025-06-15T14:00,14.9,7.3,295,13
2025-06-15T15:00,14.9,2.9,300,13
2025-06-15T16:00,14.8,3.8,87,10
2025-06-15T17:00,11.3,9.8,103,24
2025-06-15T18:00,8.9,11.9,93,34
2025-06-15T19:00,7.6,12.7,59,48
2025-06-15T20:00,6.4,5.9,92,67
2025-06-15T21:00,5.6,15.1,213,45
2025-06-15T22:00,5.0,15.9,205,23
2025-06-15T23:00,3.2,15.6,204,29
2025-06-16T00:00,2.6,15.0,219,32
2025-06-16T01:00,1.5,12.0,235,36
2025-06-16T02:00,0.7,8.1,271,40
2025-06-16T03:00,-0.6,5.3,303,52
2025-06-16T04:00,-0.7,3.4,273,57
2025-06-16T05:00,0.6,3.6,276,54
2025-06-16T06:00,0.7,3.7,313,59
2025-06-16T07:00,1.1,3.8,301,62
2025-06-16T08:00,5.8,4.0,231,39
2025-06-16T09:00,7.9,1.8,233,30
2025-06-16T10:00,10.4,2.5,274,27
2025-06-16T11:00,11.4,4.5,307,28
2025-06-16T12:00,12.9,6.2,262,27
2025-06-16T13:00,13.4,11.2,268,27
2025-06-16T14:00,13.3,10.1,250,28
2025-06-16T15:00,13.4,4.6,216,29
2025-06-16T16:00,13.4,5.6,207,29
2025-06-16T17:00,12.9,2.0,260,34
2025-06-16T18:00,10.9,5.3,18,40
2025-06-16T19:00,9.6,6.3,18,55
2025-06-16T20:00,6.6,14.5,318,70
2025-06-16T21:00,6.3,10.3,317,72
2025-06-16T22:00,4.8,7.1,324,85
2025-06-16T23:00,2.5,2.4,283,96
2025-06-17T00:00,2.1,1.6,333,100
2025-06-17T01:00,2.2,3.1,332,100
2025-06-17T02:00,1.7,3.6,297,98
2025-06-17T03:00,1.0,3.2,326,97
2025-06-17T04:00,0.5,3.8,343,97
2025-06-17T05:00,-0.2,4.1,2,97
2025-06-17T06:00,-0.4,4.8,20,100
2025-06-17T07:00,0.5,3.9,344,97
2025-06-17T08:00,4.6,4.4,341,78
2025-06-17T09:00,7.8,6.4,352,63
2025-06-17T10:00,10.3,11.0,328,49
2025-06-17T11:00,11.5,16.2,315,43
2025-06-17T12:00,13.1,15.7,316,36
2025-06-17T13:00,14.1,16.4,317,30
2025-06-17T14:00,14.8,14.4,307,30
2025-06-17T15:00,15.0,12.7,301,29
2025-06-17T16:00,14.0,14.5,287,30
2025-06-17T17:00,12.8,10.8,272,33
2025-06-17T18:00,10.0,14.5,225,44
2025-06-17T19:00,7.9,4.1,142,57
2025-06-17T20:00,5.9,4.2,31,79
2025-06-17T21:00,5.2,6.2,22,86
2025-06-17T22:00,4.2,3.1,347,93
2025-06-17T23:00,3.3,4.7,310,97
2025-06-18T00:00,3.0,5.9,325,99
2025-06-18T01:00,2.4,5.6,339,100
2025-06-18T02:00,1.7,2.5,339,100
2025-06-18T03:00,1.3,2.8,315,99
2025-06-18T04:00,0.9,3.0,327,98
2025-06-18T05:00,0.9,2.5,339,97
2025-06-18T06:00,1.0,4.5,355,94
2025-06-18T07:00,1.4,4.9,343,93
2025-06-18T08:00,4.8,5.2,356,84
2025-06-18T09:00,8.5,9.7,348,64
2025-06-18T10:00,11.3,14.4,336,48
2025-06-18T11:00,12.8,19.3,328,39
2025-06-18T12:00,14.0,19.5,325,34
2025-06-18T13:00,15.3,17.8,322,32
2025-06-18T14:00,15.8,15.7,315,31
2025-06-18T15:00,15.7,14.5,304,31
2025-06-18T16:00,14.6,12.6,292,33
2025-06-18T17:00,12.7,7.7,295,39
2025-06-18T18:00,10.1,2.3,293,50
2025-06-18T19:00,7.5,13.6,121,76
2025-06-18T20:00,6.7,6.2,158,74
2025-06-18T21:00,6.2,1.1,252,73
2025-06-18T22:00,4.8,3.1,298,80
2025-06-18T23:00,4.2,2.1,308,84
2025-06-19T00:00,3.2,2.2,270,89
2025-06-19T01:00,2.3,1.2,297,91
2025-06-19T02:00,1.5,2.4,312,93
2025-06-19T03:00,0.6,2.3,321,94
2025-06-19T04:00,-0.2,2.8,345,98
2025-06-19T05:00,-0.8,3.8,349,99
2025-06-19T06:00,-1.2,2.9,349,97
2025-06-19T07:00,0.9,3.8,343,92
2025-06-19T08:00,4.6,2.3,293,76
2025-06-19T09:00,8.7,4.4,297,56
2025-06-19T10:00,11.6,8.9,313,42
2025-06-19T11:00,13.6,9.8,330,34
2025-06-19T12:00,14.9,10.4,334,30
2025-06-19T13:00,15.9,11.0,341,27
2025-06-19T14:00,16.2,13.8,334,25
2025-06-19T15:00,15.9,13.6,330,24
2025-06-19T16:00,15.5,11.4,327,23
2025-06-19T17:00,14.0,10.1,303,28
2025-06-19T18:00,12.0,8.3,309,34
2025-06-19T19:00,9.1,7.4,56,54
2025-06-19T20:00,7.1,4.1,113,74
2025-06-19T21:00,5.8,3.6,150,93
2025-06-19T22:00,4.2,3.5,255,100
2025-06-19T23:00,4.2,2.2,228,100
2025-06-20T00:00,4.3,4.5,247,100
2025-06-20T01:00,3.1,3.9,246,97
2025-06-20T02:00,1.9,2.6,254,94
2025-06-20T03:00,1.5,0.9,233,89
2025-06-20T04:00,0.6,2.6,258,90
2025-06-20T05:00,-0.1,3.0,287,93
2025-06-20T06:00,-0.7,3.1,315,97
2025-06-20T07:00,0.8,4.4,341,99
2025-06-20T08:00,4.1,2.8,349,84
2025-06-20T09:00,8.2,2.3,328,59
2025-06-20T10:00,10.5,1.5,277,50
2025-06-20T11:00,12.3,3.5,208,42
2025-06-20T12:00,13.5,3.6,210,37
2025-06-20T13:00,14.3,4.7,227,33
2025-06-20T14:00,14.9,4.7,223,31
2025-06-20T15:00,15.3,3.7,209,28
2025-06-20T16:00,14.8,2.2,222,26
2025-06-20T17:00,11.7,3.4,47,41
2025-06-20T18:00,9.0,9.3,58,63
2025-06-20T19:00,6.8,3.8,93,78
2025-06-20T20:00,6.4,7.4,193,81
2025-06-20T21:00,5.7,5.6,241,82
2025-06-20T22:00,5.4,9.8,218,75
2025-06-20T23:00,4.7,10.2,206,68
2025-06-21T00:00,4.3,11.7,214,62
2025-06-21T01:00,3.8,10.8,224,67
2025-06-21T02:00,2.6,8.3,237,73
2025-06-21T03:00,1.3,6.5,264,80
2025-06-21T04:00,0.0,5.3,288,89
2025-06-21T05:00,-1.2,5.0,311,97
2025-06-21T06:00,-2.1,4.5,310,100
2025-06-21T07:00,-1.4,4.2,310,97
2025-06-21T08:00,1.9,4.5,331,86
2025-06-21T09:00,7.3,4.0,333,57
2025-06-21T10:00,11.2,4.1,308,36
2025-06-21T11:00,13.4,5.3,262,26
2025-06-21T12:00,14.9,4.7,252,22
2025-06-21T13:00,16.2,7.1,236,17
2025-06-21T14:00,16.8,14.5,232,14
2025-06-21T15:00,16.3,19.3,231,14
2025-06-21T16:00,15.6,19.3,235,17
2025-06-21T17:00,13.5,13.5,225,23
2025-06-21T18:00,10.4,11.0,186,30
2025-06-21T19:00,8.5,11.3,200,27
2025-06-21T20:00,7.5,14.1,215,25
2025-06-21T21:00,6.7,14.9,200,25
2025-06-21T22:00,5.3,13.1,193,28
2025-06-21T23:00,3.8,12.3,201,32
2025-06-22T00:00,2.3,7.6,223,38
2025-06-22T01:00,0.3,4.9,253,47
2025-06-22T02:00,-1.1,3.9,304,58
2025-06-22T03:00,-1.7,5.0,319,67
2025-06-22T04:00,-2.8,4.6,291,74
2025-06-22T05:00,-3.6,4.6,279,75
2025-06-22T06:00,-4.2,4.5,304,76
2025-06-22T07:00,-2.3,6.4,308,69
2025-06-22T08:00,2.7,3.9,292,49
2025-06-22T09:00,7.3,4.8,301,32
2025-06-22T10:00,11.0,5.5,302,22
2025-06-22T11:00,14.3,5.5,297,14
2025-06-22T12:00,16.1,6.0,280,11
2025-06-22T13:00,17.4,6.0,287,12
2025-06-22T14:00,19.0,10.7,261,8
2025-06-22T15:00,18.0,23.1,231,7
2025-06-22T16:00,16.7,20.0,235,8
2025-06-22T17:00,14.2,17.6,239,11
2025-06-22T18:00,10.7,15.8,227,16
2025-06-22T19:00,8.7,14.7,217,20
2025-06-22T20:00,7.4,14.9,216,21
2025-06-22T21:00,6.1,13.0,207,24
2025-06-22T22:00,4.9,13.3,207,27
2025-06-22T23:00,3.5,10.7,215,31
2025-06-23T00:00,2.0,8.8,226,35
2025-06-23T01:00,0.2,6.0,261,41
2025-06-23T02:00,-1.0,7.3,287,52
2025-06-23T03:00,-1.5,7.0,305,63
2025-06-23T04:00,-1.7,7.0,314,66
2025-06-23T05:00,-2.4,7.8,316,70
2025-06-23T06:00,-3.1,7.8,318,72
2025-06-23T07:00,-1.6,7.7,321,67
2025-06-23T08:00,3.2,5.0,314,48
2025-06-23T09:00,8.0,4.9,309,30
2025-06-23T10:00,11.4,4.8,312,21
2025-06-23T11:00,13.9,5.7,311,14
2025-06-23T12:00,15.2,6.5,294,12
2025-06-23T13:00,16.2,4.7,302,12
2025-06-23T14:00,17.4,3.6,290,9
2025-06-23T15:00,17.8,13.8,237,4
2025-06-23T16:00,15.7,23.3,225,7
2025-06-23T17:00,13.6,17.0,221,9
2025-06-23T18:00,11.3,16.6,221,12
2025-06-23T19:00,9.4,15.1,208,13
2025-06-23T20:00,7.4,13.5,207,15
2025-06-23T21:00,5.4,7.7,219,19
2025-06-23T22:00,2.5,4.8,217,27
2025-06-23T23:00,0.8,4.2,190,36
2025-06-24T00:00,0.2,1.3,254,41
2025-06-24T01:00,-1.3,4.2,234,45
2025-06-24T02:00,-2.1,4.5,268,46
2025-06-24T03:00,-2.2,4.6,296,51
2025-06-24T04:00,-2.6,4.0,297,60
2025-06-24T05:00,-3.0,4.2,329,70
2025-06-24T06:00,-3.1,5.0,339,78
2025-06-24T07:00,-0.4,8.2,334,70
2025-06-24T08:00,3.1,2.9,317,43
2025-06-24T09:00,7.3,5.2,304,27
2025-06-24T10:00,10.6,6.0,307,24
2025-06-24T11:00,13.1,8.0,301,22
2025-06-24T12:00,14.5,7.6,282,20
2025-06-24T13:00,15.8,2.6,245,19
2025-06-24T14:00,16.9,4.0,210,13
2025-06-24T15:00,16.8,6.7,236,11
2025-06-24T16:00,16.3,7.8,238,12
2025-06-24T17:00,13.1,3.6,217,22
2025-06-24T18:00,9.7,2.3,39,25
2025-06-24T19:00,8.1,4.3,237,28
2025-06-24T20:00,8.1,13.2,212,17
2025-06-24T21:00,7.4,13.5,213,16
2025-06-24T22:00,5.8,8.3,202,20
2025-06-24T23:00,4.1,7.7,210,24
2025-06-25T00:00,2.4,6.7,239,30
2025-06-25T01:00,0.9,4.8,295,37
2025-06-25T02:00,-0.1,4.0,297,50
2025-06-25T03:00,-0.6,3.9,286,59
2025-06-25T04:00,-1.3,3.2,304,65
2025-06-25T05:00,-1.9,2.8,325,71
2025-06-25T06:00,-2.3,3.4,342,76
2025-06-25T07:00,-0.4,5.4,340,70
2025-06-25T08:00,4.3,3.6,315,52
2025-06-25T09:00,8.9,8.3,318,44
2025-06-25T10:00,11.6,13.9,318,36
2025-06-25T11:00,14.5,18.6,298,26
2025-06-25T12:00,15.2,25.2,306,23
2025-06-25T13:00,15.0,24.8,311,23
2025-06-25T14:00,15.5,28.7,308,20
2025-06-25T15:00,16.3,25.9,303,15
2025-06-25T16:00,15.6,24.9,304,16
2025-06-25T17:00,13.8,21.1,323,20
2025-06-25T18:00,11.9,14.6,275,23
2025-06-25T19:00,8.5,19.1,215,34
2025-06-25T20:00,7.3,24.1,226,42
2025-06-25T21:00,5.9,21.9,231,48
2025-06-25T22:00,4.8,17.7,232,53
2025-06-25T23:00,4.1,14.5,231,56
2025-06-26T00:00,3.1,14.8,229,60
2025-06-26T01:00,2.1,14.7,229,65
2025-06-26T02:00,1.2,14.5,234,70
2025-06-26T03:00,0.0,13.0,242,76
2025-06-26T04:00,-1.6,8.4,254,85
2025-06-26T05:00,-2.7,6.0,286,91
2025-06-26T06:00,-3.8,6.7,314,98
2025-06-26T07:00,-3.5,5.8,321,97
2025-06-26T08:00,0.8,2.5,291,74
2025-06-26T09:00,5.7,2.4,243,52
2025-06-26T10:00,8.5,0.7,346,43
2025-06-26T11:00,10.5,4.8,290,31
2025-06-26T12:00,11.9,7.7,271,25
2025-06-26T13:00,13.1,8.5,232,20
2025-06-26T14:00,14.8,6.9,240,16
2025-06-26T15:00,15.7,13.1,297,12
2025-06-26T16:00,14.8,19.9,311,15
2025-06-26T17:00,13.2,17.4,294,19
2025-06-26T18:00,10.0,6.4,245,25
2025-06-26T19:00,8.1,6.7,114,29
2025-06-26T20:00,7.0,5.9,192,55
2025-06-26T21:00,5.8,17.5,222,43
2025-06-26T22:00,4.5,14.5,208,52
2025-06-26T23:00,3.7,13.9,205,57
2025-06-27T00:00,2.6,9.1,214,64
2025-06-27T01:00,1.5,6.1,223,70
2025-06-27T02:00,0.5,4.8,243,74
2025-06-27T03:00,-0.5,4.1,255,79
2025-06-27T04:00,-1.5,3.6,270,85
2025-06-27T05:00,-2.3,3.1,294,89
2025-06-27T06:00,-3.0,3.7,317,94
2025-06-27T07:00,-1.9,3.2,322,90
2025-06-27T08:00,1.4,2.8,320,72
2025-06-27T09:00,6.9,4.3,327,51
2025-06-27T10:00,9.9,14.0,318,45
2025-06-27T11:00,11.2,15.6,321,39
2025-06-27T12:00,12.2,17.3,335,35
2025-06-27T13:00,13.5,19.7,326,29
2025-06-27T14:00,13.4,19.5,328,30
2025-06-27T15:00,14.2,19.0,307,26
2025-06-27T16:00,13.7,18.2,306,26
2025-06-27T17:00,12.0,16.9,292,30
2025-06-27T18:00,9.8,17.5,285,37
2025-06-27T19:00,8.8,16.3,297,41
2025-06-27T20:00,8.0,13.8,290,42
2025-06-27T21:00,7.4,16.1,306,46
2025-06-27T22:00,6.6,14.8,330,51
2025-06-27T23:00,5.2,12.4,326,57
2025-06-28T00:00,4.0,11.4,311,64
2025-06-28T01:00,2.4,7.1,300,72
2025-06-28T02:00,0.8,3.9,298,82
2025-06-28T03:00,0.0,3.5,294,87
2025-06-28T04:00,-0.9,3.0,322,91
2025-06-28T05:00,-1.9,4.0,342,99
2025-06-28T06:00,-2.5,5.0,334,100
2025-06-28T07:00,-1.7,4.9,336,97
2025-06-28T08:00,3.2,3.9,323,76
2025-06-28T09:00,8.1,7.6,317,56
2025-06-28T10:00,10.5,13.2,314,42
2025-06-28T11:00,13.5,21.0,307,28
2025-06-28T12:00,13.7,25.8,304,26
2025-06-28T13:00,14.1,24.5,308,25
2025-06-28T14:00,14.6,23.8,305,24
2025-06-28T15:00,14.7,21.9,304,24
2025-06-28T16:00,14.1,20.1,263,24
2025-06-28T17:00,10.0,26.3,225,44
2025-06-28T18:00,9.1,20.8,218,43
2025-06-28T19:00,8.1,19.7,216,45
2025-06-28T20:00,7.2,18.7,223,49
2025-06-28T21:00,7.2,15.9,231,50
2025-06-28T22:00,6.5,14.3,229,52
2025-06-28T23:00,6.4,12.7,225,52
2025-06-29T00:00,5.6,9.8,223,55
2025-06-29T01:00,4.3,5.6,230,62
2025-06-29T02:00,2.0,4.2,282,74
2025-06-29T03:00,1.2,3.9,307,85
2025-06-29T04:00,0.2,4.1,304,91
2025-06-29T05:00,-0.4,4.2,313,95
2025-06-29T06:00,-1.1,3.1,320,96
2025-06-29T07:00,0.3,3.2,308,95
2025-06-29T08:00,3.9,3.0,232,72
2025-06-29T09:00,7.6,1.5,315,55
2025-06-29T10:00,10.3,4.7,16,45
2025-06-29T11:00,12.6,6.0,344,37
2025-06-29T12:00,14.5,10.6,313,30
2025-06-29T13:00,15.5,10.6,305,26
2025-06-29T14:00,16.1,13.5,329,22
2025-06-29T15:00,16.5,15.3,321,18
2025-06-29T16:00,16.0,8.3,316,18
2025-06-29T17:00,12.3,13.1,97,37
2025-06-29T18:00,9.7,18.8,86,59
2025-06-29T19:00,9.6,19.1,68,62
2025-06-29T20:00,7.7,13.9,52,60
2025-06-29T21:00,5.3,2.3,238,73
2025-06-29T22:00,5.1,9.2,180,83
2025-06-29T23:00,4.8,7.9,169,94
2025-06-30T00:00,4.5,3.8,175,96
2025-06-30T01:00,3.9,3.2,218,96
2025-06-30T02:00,3.9,1.9,287,97
2025-06-30T03:00,3.9,3.2,326,99
2025-06-30T04:00,4.3,1.6,297,98
2025-06-30T05:00,3.0,2.2,246,98
2025-06-30T06:00,1.5,1.3,225,100
2025-06-30T07:00,2.2,2.7,298,99
2025-06-30T08:00,4.9,4.5,358,83
2025-06-30T09:00,8.2,6.1,336,58
2025-06-30T10:00,10.8,7.8,318,45
2025-06-30T11:00,12.7,8.2,299,37
2025-06-30T12:00,14.3,6.8,288,31
2025-06-30T13:00,15.1,8.5,288,25
2025-06-30T14:00,15.2,10.1,269,23
2025-06-30T15:00,14.7,8.5,253,25
2025-06-30T16:00,14.9,6.9,237,24
2025-06-30T17:00,10.8,15.7,210,43
2025-06-30T18:00,10.7,17.2,237,39
2025-06-30T19:00,10.4,14.7,242,39
2025-06-30T20:00,9.6,6.7,286,44
2025-06-30T21:00,8.6,6.9,253,47
2025-06-30T22:00,8.0,7.2,212,41
2025-06-30T23:00,7.8,7.9,210,42
2025-07-01T00:00,7.8,9.0,206,40
2025-07-01T01:00,7.6,10.7,210,40
2025-07-01T02:00,6.6,11.0,210,45
2025-07-01T03:00,4.7,10.2,211,52
2025-07-01T04:00,3.1,7.0,220,60
2025-07-01T05:00,1.5,4.8,236,70
2025-07-01T06:00,0.6,3.1,267,77
2025-07-01T07:00,2.4,4.0,324,72
2025-07-01T08:00,5.7,0.6,236,59
2025-07-01T09:00,9.0,0.4,270,46
2025-07-01T10:00,11.3,1.0,315,37
2025-07-01T11:00,12.6,3.9,246,33
2025-07-01T12:00,13.4,7.6,239,30
2025-07-01T13:00,13.8,7.4,219,28
2025-07-01T14:00,14.6,6.9,237,25
2025-07-01T15:00,14.3,4.4,263,25
2025-07-01T16:00,13.7,1.9,68,26
2025-07-01T17:00,10.9,12.9,81,44
2025-07-01T18:00,9.0,9.8,28,57
2025-07-01T19:00,8.1,8.1,360,61
2025-07-01T20:00,6.9,0.7,180,66
2025-07-01T21:00,5.7,8.6,217,71
2025-07-01T22:00,5.0,7.3,228,74
2025-07-01T23:00,4.0,4.2,258,78
2025-07-02T00:00,3.4,4.1,268,80
2025-07-02T01:00,3.1,5.0,240,77
2025-07-02T02:00,2.9,4.7,223,68
2025-07-02T03:00,1.9,2.9,248,67
2025-07-02T04:00,1.5,1.6,276,67
2025-07-02T05:00,0.6,3.1,273,73
2025-07-02T06:00,0.4,2.4,253,77
2025-07-02T07:00,1.9,3.7,313,73
2025-07-02T08:00,5.2,2.6,326,54
2025-07-02T09:00,8.9,0.4,297,41
2025-07-02T10:00,10.9,4.1,124,45
2025-07-02T11:00,12.4,6.5,98,40
2025-07-02T12:00,13.5,8.1,94,35
2025-07-02T13:00,14.4,9.7,91,28
2025-07-02T14:00,14.7,11.5,94,21
2025-07-02T15:00,14.0,14.6,95,19
2025-07-02T16:00,12.8,17.1,102,21
2025-07-02T17:00,11.0,13.1,91,32
2025-07-02T18:00,9.1,8.4,59,45
2025-07-02T19:00,8.3,6.0,350,54
2025-07-02T20:00,6.1,10.4,316,68
2025-07-02T21:00,5.2,6.2,348,72
2025-07-02T22:00,4.0,4.3,17,79
2025-07-02T23:00,2.4,3.2,357,87
2025-07-03T00:00,1.7,2.9,338,89
2025-07-03T01:00,0.9,3.9,313,92
2025-07-03T02:00,0.5,2.3,274,91
2025-07-03T03:00,0.1,1.7,238,92
2025-07-03T04:00,-0.5,1.1,270,97
2025-07-03T05:00,-0.9,2.1,345,100
2025-07-03T06:00,-0.8,4.0,3,100
2025-07-03T07:00,-0.1,4.6,342,98
2025-07-03T08:00,2.2,3.2,3,85
2025-07-03T09:00,5.9,2.9,330,63
2025-07-03T10:00,9.3,1.5,30,44
2025-07-03T11:00,11.1,5.5,71,36
2025-07-03T12:00,12.8,9.4,78,22
2025-07-03T13:00,13.6,12.8,84,14
2025-07-03T14:00,13.6,12.2,82,18
2025-07-03T15:00,13.2,11.3,90,20
2025-07-03T16:00,12.4,12.0,107,21
2025-07-03T17:00,10.6,11.9,120,28
2025-07-03T18:00,8.0,13.0,132,38
2025-07-03T19:00,7.0,11.5,130,41
2025-07-03T20:00,6.1,12.4,92,46
2025-07-03T21:00,4.9,7.7,69,39
2025-07-03T22:00,3.1,2.2,35,44
2025-07-03T23:00,1.3,2.2,246,53
2025-07-04T00:00,0.1,6.5,236,63
2025-07-04T01:00,-1.5,5.7,221,68
2025-07-04T02:00,-1.4,4.1,229,66
2025-07-04T03:00,-1.9,4.0,262,67
2025-07-04T04:00,-2.6,2.7,290,68
2025-07-04T05:00,-2.9,1.5,346,72
2025-07-04T06:00,-3.4,1.7,18,78
2025-07-04T07:00,-1.5,4.4,38,72
2025-07-04T08:00,2.7,2.6,25,51
2025-07-04T09:00,6.5,1.0,225,38
2025-07-04T10:00,9.0,3.1,159,29
2025-07-04T11:00,10.9,4.6,141,29
2025-07-04T12:00,12.6,6.3,108,25
2025-07-04T13:00,13.4,11.4,84,21
2025-07-04T14:00,13.6,11.0,94,16
2025-07-04T15:00,13.3,10.1,107,16
2025-07-04T16:00,12.5,10.2,104,18
2025-07-04T17:00,10.2,11.3,107,20
2025-07-04T18:00,7.5,12.2,116,24
2025-07-04T19:00,6.7,9.4,108,27
2025-07-04T20:00,6.2,11.5,122,31
2025-07-04T21:00,5.3,10.4,111,41
2025-07-04T22:00,3.0,3.8,93,53
2025-07-04T23:00,1.0,3.0,253,58
2025-07-05T00:00,-0.4,6.0,253,50
2025-07-05T01:00,-0.9,2.9,281,47
2025-07-05T02:00,-1.6,4.9,272,52
2025-07-05T03:00,-2.3,4.0,270,53
2025-07-05T04:00,-2.6,1.8,294,54
2025-07-05T05:00,-3.6,2.3,331,64
2025-07-05T06:00,-4.5,3.1,347,74
2025-07-05T07:00,-1.8,5.8,360,62
2025-07-05T08:00,3.4,3.2,317,44
2025-07-05T09:00,7.1,3.2,308,27
2025-07-05T10:00,9.8,1.5,291,21
2025-07-05T11:00,11.6,1.3,146,20
2025-07-05T12:00,13.0,3.6,110,18
2025-07-05T13:00,14.2,7.6,82,14
2025-07-05T14:00,14.5,9.4,88,12
2025-07-05T15:00,14.1,9.4,91,14
2025-07-05T16:00,13.2,9.3,99,18
2025-07-05T17:00,11.1,10.6,108,23
2025-07-05T18:00,8.3,13.5,106,27
2025-07-05T19:00,7.3,13.6,102,34
2025-07-05T20:00,6.7,9.8,103,40
2025-07-05T21:00,4.9,2.7,122,49
2025-07-05T22:00,3.3,1.9,248,53
2025-07-05T23:00,1.7,4.2,265,51
2025-07-06T00:00,0.1,4.9,262,52
2025-07-06T01:00,-0.6,5.6,225,50
2025-07-06T02:00,-1.0,5.1,231,50
2025-07-06T03:00,-1.8,4.0,270,52
2025-07-06T04:00,-3.0,2.1,322,60
2025-07-06T05:00,-4.0,2.3,360,75
2025-07-06T06:00,-4.2,3.1,360,78
2025-07-06T07:00,-1.5,5.6,6,66
2025-07-06T08:00,2.8,2.7,360,51
2025-07-06T09:00,6.8,3.1,298,37
2025-07-06T10:00,9.7,1.8,294,25
2025-07-06T11:00,12.0,0.7,104,18
2025-07-06T12:00,13.2,2.1,121,16
2025-07-06T13:00,14.1,2.5,111,15
2025-07-06T14:00,14.5,3.8,79,14
2025-07-06T15:00,14.2,6.7,76,15
2025-07-06T16:00,13.4,8.8,86,15
2025-07-06T17:00,11.1,9.5,92,18
2025-07-06T18:00,8.4,12.6,79,24
2025-07-06T19:00,6.7,9.9,74,36
2025-07-06T20:00,5.1,2.7,82,48
2025-07-06T21:00,3.5,2.1,239,52
2025-07-06T22:00,2.6,5.6,253,40
2025-07-06T23:00,1.5,5.2,236,36
2025-07-07T00:00,1.3,5.5,238,35
2025-07-07T01:00,0.7,3.8,270,36
2025-07-07T02:00,0.6,2.4,279,37
2025-07-07T03:00,0.3,1.8,264,40
2025-07-07T04:00,-0.8,2.0,260,45
2025-07-07T05:00,-1.7,1.5,284,49
2025-07-07T06:00,-2.4,1.3,352,54
2025-07-07T07:00,-0.4,4.0,21,51
2025-07-07T08:00,4.4,2.3,18,34
2025-07-07T09:00,8.3,0.2,270,26
2025-07-07T10:00,10.7,1.5,187,29
2025-07-07T11:00,12.7,2.7,127,24
2025-07-07T12:00,14.1,3.8,98,21
2025-07-07T13:00,15.0,4.9,80,16
2025-07-07T14:00,15.2,6.1,76,13
2025-07-07T15:00,15.0,6.7,84,10
2025-07-07T16:00,14.5,6.5,92,11
2025-07-07T17:00,12.6,8.8,92,18
2025-07-07T18:00,9.5,16.1,97,28
2025-07-07T19:00,8.3,15.7,100,31
2025-07-07T20:00,7.3,11.9,87,48
2025-07-07T21:00,5.6,2.5,98,65
2025-07-07T22:00,4.8,6.0,254,61
2025-07-07T23:00,3.3,5.9,235,50
2025-07-08T00:00,2.3,5.0,235,49
2025-07-08T01:00,1.8,4.8,233,48
2025-07-08T02:00,1.2,4.0,238,49
2025-07-08T03:00,1.2,1.6,276,49
2025-07-08T04:00,0.5,1.0,301,54
2025-07-08T05:00,-0.7,1.4,320,63
2025-07-08T06:00,-1.9,2.8,333,74
2025-07-08T07:00,0.1,5.1,343,68
2025-07-08T08:00,4.5,2.4,324,47
2025-07-08T09:00,8.4,1.8,270,34
2025-07-08T10:00,10.8,0.6,236,33
2025-07-08T11:00,13.0,0.9,360,25
2025-07-08T12:00,14.6,1.3,8,19
2025-07-08T13:00,15.8,0.5,45,15
2025-07-08T14:00,16.1,0.8,225,14
2025-07-08T15:00,16.1,3.3,221,12
2025-07-08T16:00,15.6,4.2,211,13
2025-07-08T17:00,12.9,4.0,80,18
2025-07-08T18:00,9.4,14.6,70,35
2025-07-08T19:00,8.1,9.8,77,49
2025-07-08T20:00,6.1,1.8,191,60
2025-07-08T21:00,5.3,9.8,206,52
2025-07-08T22:00,4.5,4.7,220,56
2025-07-08T23:00,3.4,4.4,240,58
2025-07-09T00:00,2.2,4.8,200,55
2025-07-09T01:00,1.4,5.3,204,53
2025-07-09T02:00,0.1,4.4,249,55
2025-07-09T03:00,0.0,4.2,282,55
2025-07-09T04:00,-0.6,3.4,313,66
2025-07-09T05:00,-1.2,1.3,304,73
2025-07-09T06:00,-2.2,3.1,277,79
2025-07-09T07:00,-0.5,4.9,294,71
2025-07-09T08:00,3.7,2.4,283,52
2025-07-09T09:00,8.0,2.6,282,35
2025-07-09T10:00,11.0,1.0,292,27
2025-07-09T11:00,13.0,1.3,106,24
2025-07-09T12:00,14.3,2.1,110,23
2025-07-09T13:00,15.3,1.4,113,20
2025-07-09T14:00,15.6,1.9,151,17
2025-07-09T15:00,15.5,3.7,151,16
2025-07-09T16:00,14.6,6.6,119,20
2025-07-09T17:00,12.0,13.1,97,26
2025-07-09T18:00,9.2,13.9,86,27
2025-07-09T19:00,7.9,10.5,71,36
2025-07-09T20:00,5.9,3.2,38,46
2025-07-09T21:00,5.2,3.4,252,46
2025-07-09T22:00,4.0,5.8,236,44
2025-07-09T23:00,3.7,4.7,266,43
2025-07-10T00:00,3.2,3.9,298,48
2025-07-10T01:00,2.3,4.4,277,56
2025-07-10T02:00,1.3,3.7,256,61
2025-07-10T03:00,0.4,1.9,299,64
2025-07-10T04:00,-1.1,2.8,342,75
2025-07-10T05:00,-2.3,2.7,340,83
2025-07-10T06:00,-3.2,2.8,315,87
2025-07-10T07:00,-1.0,4.7,328,76
2025-07-10T08:00,3.9,1.7,347,49
2025-07-10T09:00,8.1,1.9,331,31
2025-07-10T10:00,11.3,1.5,339,23
2025-07-10T11:00,13.5,2.1,345,18
2025-07-10T12:00,15.1,1.5,324,15
2025-07-10T13:00,16.1,0.9,217,12
2025-07-10T14:00,16.5,2.5,201,10
2025-07-10T15:00,16.4,2.7,203,9
2025-07-10T16:00,15.6,2.8,117,9
2025-07-10T17:00,12.7,12.1,88,18
2025-07-10T18:00,9.3,13.7,69,26
2025-07-10T19:00,8.0,8.4,70,30
2025-07-10T20:00,5.9,2.0,190,31
2025-07-10T21:00,4.7,3.6,240,35
2025-07-10T22:00,3.3,5.0,224,40
2025-07-10T23:00,2.9,5.2,202,46
2025-07-11T00:00,2.1,4.8,202,55
2025-07-11T01:00,1.2,3.9,233,59
2025-07-11T02:00,0.8,3.1,270,56
2025-07-11T03:00,0.5,2.7,312,57
2025-07-11T04:00,0.2,2.7,318,61
2025-07-11T05:00,-0.5,1.7,319,66
2025-07-11T06:00,-2.0,2.0,360,74
2025-07-11T07:00,-0.3,4.6,11,68
2025-07-11T08:00,4.6,1.8,276,42
2025-07-11T09:00,8.3,2.3,270,32
2025-07-11T10:00,10.8,0.7,270,35
2025-07-11T11:00,12.8,1.0,22,28
2025-07-11T12:00,14.2,1.8,24,23
2025-07-11T13:00,15.3,2.4,42,19
2025-07-11T14:00,15.9,2.2,85,17
2025-07-11T15:00,15.8,3.4,133,16
2025-07-11T16:00,15.1,6.2,131,16
2025-07-11T17:00,12.6,12.8,101,22
2025-07-11T18:00,9.2,15.0,84,35
2025-07-11T19:00,7.7,13.9,67,55
2025-07-11T20:00,6.0,2.3,212,65
2025-07-11T21:00,4.9,12.5,208,61
2025-07-11T22:00,4.7,8.8,195,63
2025-07-11T23:00,3.7,4.9,182,73
2025-07-12T00:00,2.4,3.6,229,72
2025-07-12T01:00,1.9,1.7,198,66
2025-07-12T02:00,0.7,3.6,240,64
2025-07-12T03:00,0.5,4.3,265,60
2025-07-12T04:00,-0.2,3.1,306,66
2025-07-12T05:00,-0.7,2.5,339,77
2025-07-12T06:00,-1.0,2.6,348,84
2025-07-12T07:00,1.2,4.8,338,77
2025-07-12T08:00,4.7,1.8,323,61
2025-07-12T09:00,8.0,1.9,292,41
2025-07-12T10:00,10.5,3.3,229,30
2025-07-12T11:00,12.5,2.6,219,23
2025-07-12T12:00,14.0,1.8,191,19
2025-07-12T13:00,14.9,2.5,201,16
2025-07-12T14:00,15.4,3.6,189,15
2025-07-12T15:00,15.4,5.2,176,15
2025-07-12T16:00,14.6,8.7,150,15
2025-07-12T17:00,12.1,12.7,96,24
2025-07-12T18:00,9.4,14.3,78,41
2025-07-12T19:00,8.2,11.7,87,43
2025-07-12T20:00,6.3,1.6,174,53
2025-07-12T21:00,5.3,12.1,228,49
2025-07-12T22:00,5.3,7.0,184,50
2025-07-12T23:00,4.0,4.8,191,59
2025-07-13T00:00,2.9,5.0,215,60
2025-07-13T01:00,1.4,4.5,241,58
2025-07-13T02:00,0.9,4.5,286,54
2025-07-13T03:00,0.2,4.1,283,58
2025-07-13T04:00,-0.8,3.6,273,62
2025-07-13T05:00,-1.8,3.4,276,65
2025-07-13T06:00,-2.5,3.9,298,69
2025-07-13T07:00,-0.3,6.0,309,63
2025-07-13T08:00,4.4,3.5,309,44
2025-07-13T09:00,8.4,2.3,299,33
2025-07-13T10:00,11.4,0.4,207,22
2025-07-13T11:00,13.1,2.0,135,22
2025-07-13T12:00,14.3,2.4,117,21
2025-07-13T13:00,15.0,3.5,105,20
2025-07-13T14:00,15.4,5.4,94,18
2025-07-13T15:00,15.1,7.6,98,19
2025-07-13T16:00,14.4,8.1,114,20
2025-07-13T17:00,12.2,12.6,100,25
2025-07-13T18:00,8.9,15.3,75,35
2025-07-13T19:00,7.8,11.2,71,45
2025-07-13T20:00,6.6,4.5,61,62
2025-07-13T21:00,5.5,2.5,262,65
2025-07-13T22:00,4.3,8.3,229,56
2025-07-13T23:00,4.3,5.8,244,49
2025-07-14T00:00,3.5,2.9,274,51
2025-07-14T01:00,2.8,4.3,270,54
2025-07-14T02:00,2.0,3.5,279,58
2025-07-14T03:00,1.0,3.3,283,64
2025-07-14T04:00,0.2,1.7,319,71
2025-07-14T05:00,-0.9,0.6,56,79
2025-07-14T06:00,-1.7,0.4,27,84
2025-07-14T07:00,0.1,3.6,340,76
2025-07-14T08:00,4.0,2.1,165,54
2025-07-14T09:00,8.5,1.5,173,32
2025-07-14T10:00,11.5,0.6,146,26
2025-07-14T11:00,13.4,0.8,27,24
2025-07-14T12:00,14.9,1.5,54,20
2025-07-14T13:00,15.7,1.7,77,17
2025-07-14T14:00,16.0,2.3,108,15
2025-07-14T15:00,15.7,4.2,140,15
2025-07-14T16:00,15.0,6.4,135,16
2025-07-14T17:00,12.9,11.5,93,19
2025-07-14T18:00,9.9,14.7,75,25
2025-07-14T19:00,8.6,11.5,76,28
2025-07-14T20:00,8.0,8.0,46,45
2025-07-14T21:00,6.1,2.8,259,58
2025-07-14T22:00,5.2,6.7,236,43
2025-07-14T23:00,4.2,4.1,229,44
2025-07-15T00:00,3.5,4.5,236,50
2025-07-15T01:00,2.4,4.6,252,56
2025-07-15T02:00,1.9,4.2,275,55
2025-07-15T03:00,1.6,3.9,292,55
2025-07-15T04:00,0.7,2.7,323,63
2025-07-15T05:00,-0.6,2.2,336,75
2025-07-15T06:00,-2.0,2.3,315,85
2025-07-15T07:00,-0.4,4.0,321,78
2025-07-15T08:00,4.7,0.8,27,51
2025-07-15T09:00,8.7,1.8,24,35
2025-07-15T10:00,11.5,1.1,81,29
2025-07-15T11:00,13.5,0.6,252,24
2025-07-15T12:00,14.8,3.3,292,20
2025-07-15T13:00,16.2,6.5,300,15
2025-07-15T14:00,16.8,8.9,298,13
2025-07-15T15:00,16.5,11.3,317,13
2025-07-15T16:00,15.7,14.2,334,12
2025-07-15T17:00,14.1,11.6,30,14
2025-07-15T18:00,10.3,9.9,69,38
2025-07-15T19:00,8.5,11.9,72,59
2025-07-15T20:00,9.0,16.8,60,55
2025-07-15T21:00,7.0,1.5,291,52
2025-07-15T22:00,5.6,9.6,214,67
2025-07-15T23:00,4.6,3.1,291,74
2025-07-16T00:00,3.2,3.5,291,73
2025-07-16T01:00,2.1,4.1,270,73
2025-07-16T02:00,0.7,4.3,294,73
2025-07-16T03:00,0.2,4.4,328,70
2025-07-16T04:00,-0.9,2.8,315,73
2025-07-16T05:00,-1.8,3.4,302,77
2025-07-16T06:00,-2.4,3.3,324,77
2025-07-16T07:00,-0.7,5.2,333,69
2025-07-16T08:00,4.0,3.0,308,45
2025-07-16T09:00,8.2,3.4,295,29
2025-07-16T10:00,11.2,3.9,307,24
2025-07-16T11:00,13.3,7.1,317,17
2025-07-16T12:00,14.9,11.6,316,14
2025-07-16T13:00,16.5,12.7,329,9
2025-07-16T14:00,16.6,21.6,314,8
2025-07-16T15:00,15.8,19.6,297,9
2025-07-16T16:00,15.6,13.9,287,8
2025-07-16T17:00,13.3,18.4,271,13
2025-07-16T18:00,11.3,15.9,267,16
2025-07-16T19:00,9.9,12.8,287,17
2025-07-16T20:00,8.0,12.3,307,21
2025-07-16T21:00,5.9,6.4,252,25
2025-07-16T22:00,4.4,1.1,351,32
2025-07-16T23:00,3.2,0.5,360,36
2025-07-17T00:00,2.4,0.6,304,40
2025-07-17T01:00,1.2,2.3,321,46
2025-07-17T02:00,0.1,2.5,300,54
2025-07-17T03:00,-0.9,3.0,295,61
2025-07-17T04:00,-1.3,2.6,335,65
2025-07-17T05:00,-1.6,3.4,317,68
2025-07-17T06:00,-1.9,3.6,340,72
2025-07-17T07:00,0.4,6.3,358,68
2025-07-17T08:00,4.4,5.2,344,56
2025-07-17T09:00,7.9,9.6,339,46
2025-07-17T10:00,10.7,10.3,338,34
2025-07-17T11:00,12.3,10.4,334,27
2025-07-17T12:00,13.9,11.0,337,24
2025-07-17T13:00,14.9,13.9,341,22
2025-07-17T14:00,14.7,15.2,327,22
2025-07-17T15:00,14.5,10.3,297,25
2025-07-17T16:00,10.3,11.6,134,44
2025-07-17T17:00,6.3,21.1,98,68
2025-07-17T18:00,6.6,12.3,67,71
2025-07-17T19:00,5.7,9.3,63,80
2025-07-17T20:00,4.9,2.6,141,74
2025-07-17T21:00,3.3,3.6,237,83
2025-07-17T22:00,2.3,4.8,259,85
2025-07-17T23:00,1.5,3.5,279,87
2025-07-18T00:00,1.1,3.2,273,86
2025-07-18T01:00,0.6,2.7,278,87
2025-07-18T02:00,0.1,2.7,290,89
2025-07-18T03:00,-0.3,3.0,295,91
2025-07-18T04:00,-0.3,2.7,307,90
2025-07-18T05:00,-0.6,1.4,320,92
2025-07-18T06:00,-1.6,2.1,15,96
2025-07-18T07:00,0.0,3.6,33,94
2025-07-18T08:00,3.3,1.6,354,74
2025-07-18T09:00,6.9,2.2,325,54
2025-07-18T10:00,9.1,2.7,318,44
2025-07-18T11:00,11.5,4.5,323,35
2025-07-18T12:00,12.5,10.4,306,30
2025-07-18T13:00,11.8,9.7,285,32
2025-07-18T14:00,12.2,7.2,283,31
2025-07-18T15:00,12.1,12.0,313,32
2025-07-18T16:00,10.7,14.3,329,37
2025-07-18T17:00,9.5,7.3,293,45
2025-07-18T18:00,4.7,13.4,252,92
2025-07-18T19:00,4.2,5.0,330,91
2025-07-18T20:00,5.6,2.7,82,68
2025-07-18T21:00,4.0,6.5,185,77
2025-07-18T22:00,2.6,3.7,219,86
2025-07-18T23:00,1.5,3.1,270,90
2025-07-19T00:00,0.7,3.5,305,93
2025-07-19T01:00,0.2,3.7,305,95
2025-07-19T02:00,-0.4,3.4,295,96
2025-07-19T03:00,-1.1,2.2,270,100
2025-07-19T04:00,-1.7,2.6,286,99
2025-07-19T05:00,-2.1,3.1,332,100
2025-07-19T06:00,-2.0,2.3,360,100
2025-07-19T07:00,-0.5,5.3,8,98
2025-07-19T08:00,2.8,3.8,352,86
2025-07-19T09:00,5.5,3.2,333,73
2025-07-19T10:00,8.3,4.1,293,58
2025-07-19T11:00,10.3,4.8,255,47
2025-07-19T12:00,11.7,3.9,248,42
2025-07-19T13:00,12.9,8.0,279,38
2025-07-19T14:00,13.1,9.6,303,36
2025-07-19T15:00,13.2,11.7,314,36
2025-07-19T16:00,9.7,10.7,14,51
2025-07-19T17:00,8.1,5.2,106,64
2025-07-19T18:00,4.3,15.5,200,92
2025-07-19T19:00,3.6,5.9,215,87
2025-07-19T20:00,3.6,5.6,112,99
2025-07-19T21:00,3.2,6.5,118,98
2025-07-19T22:00,2.3,3.1,111,97
2025-07-19T23:00,2.3,0.3,315,97
2025-07-20T00:00,1.6,2.7,302,99
2025-07-20T01:00,1.1,5.2,290,99
2025-07-20T02:00,0.6,4.9,294,100
2025-07-20T03:00,-0.5,3.6,307,100
2025-07-20T04:00,-0.9,1.3,315,100
2025-07-20T05:00,-1.5,0.7,14,100
2025-07-20T06:00,-2.0,2.0,10,100
2025-07-20T07:00,-0.5,2.2,336,99
2025-07-20T08:00,0.9,3.0,335,95
2025-07-20T09:00,4.5,3.6,342,79
2025-07-20T10:00,8.2,3.1,336,63
2025-07-20T11:00,10.8,2.3,321,45
2025-07-20T12:00,12.4,2.7,293,37
2025-07-20T13:00,13.4,5.0,296,35
2025-07-20T14:00,13.7,7.6,277,33
2025-07-20T15:00,12.0,10.3,218,39
2025-07-20T16:00,11.7,11.4,175,36
2025-07-20T17:00,10.8,3.2,117,38
2025-07-20T18:00,7.9,9.8,38,59
2025-07-20T19:00,5.7,4.2,10,76
2025-07-20T20:00,5.5,7.3,344,78
2025-07-20T21:00,4.6,4.5,337,80
2025-07-20T22:00,4.5,3.6,270,81
2025-07-20T23:00,3.3,4.3,255,85
2025-07-21T00:00,2.9,7.5,207,78
2025-07-21T01:00,1.6,7.0,203,69
2025-07-21T02:00,1.2,6.0,213,61
2025-07-21T03:00,-0.1,5.1,225,65
2025-07-21T04:00,-0.6,3.3,279,68
2025-07-21T05:00,-1.0,1.5,306,75
2025-07-21T06:00,-1.8,1.5,330,84
2025-07-21T07:00,-0.1,5.2,344,88
2025-07-21T08:00,3.0,2.8,325,74
2025-07-21T09:00,7.6,3.1,336,51
2025-07-21T10:00,10.7,3.6,357,34
2025-07-21T11:00,12.7,2.7,4,29
2025-07-21T12:00,13.6,5.4,334,26
2025-07-21T13:00,14.4,7.3,324,23
2025-07-21T14:00,14.9,9.9,297,21
2025-07-21T15:00,14.3,9.1,261,23
2025-07-21T16:00,14.0,5.2,209,23
2025-07-21T17:00,12.2,4.3,88,29
2025-07-21T18:00,10.3,13.4,160,40
2025-07-21T19:00,9.1,10.8,176,45
2025-07-21T20:00,8.1,2.7,70,57
2025-07-21T21:00,6.5,9.8,330,77
2025-07-21T22:00,5.0,10.8,298,75
2025-07-21T23:00,4.3,10.1,204,75
2025-07-22T00:00,3.0,8.0,190,82
2025-07-22T01:00,2.4,6.5,231,82
2025-07-22T02:00,2.6,1.8,143,74
2025-07-22T03:00,2.8,1.1,180,71
2025-07-22T04:00,1.2,3.1,301,80
2025-07-22T05:00,0.2,3.1,298,87
2025-07-22T06:00,-0.6,3.6,307,94
2025-07-22T07:00,0.4,3.4,317,96
2025-07-22T08:00,5.0,2.5,300,67
2025-07-22T09:00,8.6,1.4,270,46
2025-07-22T10:00,10.8,2.3,148,42
2025-07-22T11:00,12.1,1.7,131,36
2025-07-22T12:00,13.4,2.2,99,28
2025-07-22T13:00,14.1,1.0,68,23
2025-07-22T14:00,14.1,2.6,34,22
2025-07-22T15:00,13.6,3.5,35,22
2025-07-22T16:00,13.2,4.4,63,24
2025-07-22T17:00,11.4,12.4,87,32
2025-07-22T18:00,9.5,15.6,109,44
2025-07-22T19:00,9.2,4.3,180,43
2025-07-22T20:00,8.4,6.9,20,49
2025-07-22T21:00,8.0,2.4,228,53
2025-07-22T22:00,6.4,7.5,210,57
2025-07-22T23:00,6.2,4.2,260,55
2025-07-23T00:00,5.1,5.2,266,58
2025-07-23T01:00,4.6,4.9,266,58
2025-07-23T02:00,3.8,2.7,262,62
2025-07-23T03:00,3.1,2.0,355,68
2025-07-23T04:00,1.7,2.7,332,80
2025-07-23T05:00,0.6,2.7,337,86
2025-07-23T06:00,-0.3,2.4,343,89
2025-07-23T07:00,1.6,2.3,299,83
2025-07-23T08:00,6.2,1.3,315,59
2025-07-23T09:00,9.5,2.1,340,40
2025-07-23T10:00,11.7,3.4,344,31
2025-07-23T11:00,13.5,5.0,334,25
2025-07-23T12:00,15.1,9.9,315,20
2025-07-23T13:00,15.7,13.3,311,17
2025-07-23T14:00,16.1,13.8,312,14
2025-07-23T15:00,15.7,16.8,319,12
2025-07-23T16:00,15.1,15.2,318,12
2025-07-23T17:00,13.9,7.1,354,14
2025-07-23T18:00,9.8,10.1,73,39
2025-07-23T19:00,8.3,11.9,79,60
2025-07-23T20:00,8.1,14.1,67,45
2025-07-23T21:00,5.8,2.3,86,53
2025-07-23T22:00,4.2,8.6,259,70
2025-07-23T23:00,3.4,6.7,275,93
2025-07-24T00:00,3.6,5.1,274,92
2025-07-24T01:00,2.7,3.9,257,90
2025-07-24T02:00,1.8,1.8,259,87
2025-07-24T03:00,0.6,2.6,326,91
2025-07-24T04:00,0.0,1.4,320,93
2025-07-24T05:00,-1.1,3.6,311,94
2025-07-24T06:00,-1.8,3.8,329,91
2025-07-24T07:00,-0.2,4.9,321,82
2025-07-24T08:00,3.6,2.2,275,60
2025-07-24T09:00,7.8,3.7,293,40
2025-07-24T10:00,10.9,4.5,304,25
2025-07-24T11:00,13.0,8.1,309,17
2025-07-24T12:00,14.6,10.8,313,12
2025-07-24T13:00,15.7,11.6,324,9
2025-07-24T14:00,16.0,13.8,329,8
2025-07-24T15:00,15.6,14.7,312,10
2025-07-24T16:00,14.9,17.0,291,10
2025-07-24T17:00,13.2,17.8,291,12
2025-07-24T18:00,11.1,21.9,305,15
2025-07-24T19:00,10.5,22.7,311,16
2025-07-24T20:00,9.2,18.6,298,19
2025-07-24T21:00,7.5,17.8,244,24
2025-07-24T22:00,6.2,15.7,213,31
2025-07-24T23:00,4.8,9.5,217,34
2025-07-25T00:00,3.9,7.7,252,37
2025-07-25T01:00,2.1,8.5,287,48
2025-07-25T02:00,0.6,7.3,277,60
2025-07-25T03:00,-0.3,6.7,273,63
2025-07-25T04:00,-1.4,4.3,292,67
2025-07-25T05:00,-1.9,1.5,324,70
2025-07-25T06:00,-2.5,1.9,343,75
2025-07-25T07:00,-0.8,4.6,349,68
2025-07-25T08:00,4.1,2.7,323,41
2025-07-25T09:00,7.8,3.9,332,29
2025-07-25T10:00,10.6,5.0,330,23
2025-07-25T11:00,12.6,7.0,328,18
2025-07-25T12:00,14.4,9.3,326,12
2025-07-25T13:00,15.3,13.2,336,8
2025-07-25T14:00,15.7,14.2,340,8
2025-07-25T15:00,15.7,14.3,331,9
2025-07-25T16:00,15.0,15.9,322,11
2025-07-25T17:00,13.7,13.7,327,15
2025-07-25T18:00,10.9,5.9,310,19
2025-07-25T19:00,8.3,2.3,209,24
2025-07-25T20:00,7.2,0.8,153,23
2025-07-25T21:00,5.3,4.9,114,51
2025-07-25T22:00,3.3,2.1,340,65
2025-07-25T23:00,2.4,4.7,277,69
2025-07-26T00:00,1.8,5.1,225,69
2025-07-26T01:00,1.1,4.7,247,56
2025-07-26T02:00,0.1,4.3,268,55
2025-07-26T03:00,-1.0,4.0,267,60
2025-07-26T04:00,-1.9,3.6,264,64
2025-07-26T05:00,-2.7,3.0,295,70
2025-07-26T06:00,-3.2,3.2,308,79
2025-07-26T07:00,-1.1,4.9,327,72
2025-07-26T08:00,3.8,2.4,306,46
2025-07-26T09:00,8.1,2.8,305,32
2025-07-26T10:00,11.0,7.1,319,30
2025-07-26T11:00,13.1,10.1,317,26
2025-07-26T12:00,15.3,14.7,327,20
2025-07-26T13:00,16.0,21.4,318,19
2025-07-26T14:00,17.0,16.8,285,16
2025-07-26T15:00,16.0,20.0,289,19
2025-07-26T16:00,15.5,20.6,307,19
2025-07-26T17:00,14.6,16.2,319,18
2025-07-26T18:00,13.5,17.4,277,22
2025-07-26T19:00,9.1,23.0,223,27
2025-07-26T20:00,7.8,21.1,224,29
2025-07-26T21:00,6.8,18.3,227,32
2025-07-26T22:00,6.1,16.2,235,34
2025-07-26T23:00,5.0,15.9,231,37
2025-07-27T00:00,4.0,9.7,228,40
2025-07-27T01:00,2.4,4.8,228,46
2025-07-27T02:00,1.0,4.3,213,53
2025-07-27T03:00,-0.1,4.2,211,58
2025-07-27T04:00,-0.8,4.2,227,60
2025-07-27T05:00,-1.4,4.3,253,63
2025-07-27T06:00,-1.6,4.1,322,66
2025-07-27T07:00,-0.3,5.3,325,67
2025-07-27T08:00,3.9,0.2,180,48
2025-07-27T09:00,7.9,3.5,12,36
2025-07-27T10:00,10.7,4.5,7,36
2025-07-27T11:00,12.7,2.3,356,27
2025-07-27T12:00,14.1,2.3,4,20
2025-07-27T13:00,15.1,3.1,69,15
2025-07-27T14:00,15.6,5.4,98,13
2025-07-27T15:00,15.2,9.0,95,13
2025-07-27T16:00,13.9,14.1,88,11
2025-07-27T17:00,11.6,14.7,84,8
2025-07-27T18:00,9.1,14.3,84,14
2025-07-27T19:00,8.4,15.8,69,19
2025-07-27T20:00,7.9,12.7,83,25
2025-07-27T21:00,5.7,2.0,153,50
2025-07-27T22:00,4.3,3.7,259,40
2025-07-27T23:00,2.6,4.1,255,31
2025-07-28T00:00,2.5,4.8,243,26
2025-07-28T01:00,2.3,4.9,272,25
2025-07-28T02:00,1.7,4.9,253,26
2025-07-28T03:00,0.9,4.8,236,31
2025-07-28T04:00,0.4,3.1,267,41
2025-07-28T05:00,-0.1,1.7,328,44
2025-07-28T06:00,-0.5,2.7,337,46
2025-07-28T07:00,1.4,5.7,328,43
2025-07-28T08:00,5.6,3.4,302,32
2025-07-28T09:00,9.0,3.2,304,39
2025-07-28T10:00,11.3,3.1,306,27
2025-07-28T11:00,13.1,3.1,320,21
2025-07-28T12:00,14.7,2.9,4,17
2025-07-28T13:00,15.8,6.0,16,12
2025-07-28T14:00,16.2,6.7,354,12
2025-07-28T15:00,16.2,6.2,338,12
2025-07-28T16:00,15.8,2.9,349,12
2025-07-28T17:00,12.8,13.4,101,20
2025-07-28T18:00,9.7,16.4,82,35
2025-07-28T19:00,8.8,15.8,91,57
2025-07-28T20:00,7.1,1.5,126,75
2025-07-28T21:00,6.7,5.4,184,79
2025-07-28T22:00,5.3,11.3,213,74
2025-07-28T23:00,4.5,8.2,189,74
2025-07-29T00:00,3.7,8.0,189,90
2025-07-29T01:00,3.5,8.8,203,98
2025-07-29T02:00,3.7,7.6,202,97
2025-07-29T03:00,2.7,4.5,203,97
2025-07-29T04:00,3.0,3.8,273,95
2025-07-29T05:00,2.7,5.3,294,94
2025-07-29T06:00,2.2,5.6,295,100
2025-07-29T07:00,3.0,4.4,289,97
2025-07-29T08:00,5.9,3.6,210,63
2025-07-29T09:00,8.5,0.7,194,49
2025-07-29T10:00,10.9,2.9,11,40
2025-07-29T11:00,12.3,3.3,338,35
2025-07-29T12:00,13.6,2.7,328,31
2025-07-29T13:00,14.9,5.3,305,29
2025-07-29T14:00,15.3,7.8,289,27
2025-07-29T15:00,15.4,8.5,271,26
2025-07-29T16:00,14.0,2.0,117,28
2025-07-29T17:00,10.4,11.9,6,41
2025-07-29T18:00,8.5,4.9,33,60
2025-07-29T19:00,7.3,5.0,21,67
2025-07-29T20:00,6.2,8.3,330,70
2025-07-29T21:00,5.2,8.1,291,75
2025-07-29T22:00,4.0,14.0,202,80
2025-07-29T23:00,2.7,7.7,198,92
2025-07-30T00:00,2.1,3.8,245,95
2025-07-30T01:00,1.9,5.8,309,95
2025-07-30T02:00,1.5,7.1,326,96
2025-07-30T03:00,0.8,6.7,344,98
2025-07-30T04:00,-0.5,3.2,360,99
2025-07-30T05:00,-1.1,0.4,243,100
2025-07-30T06:00,-1.7,0.4,297,100
2025-07-30T07:00,-0.2,3.1,301,99
2025-07-30T08:00,4.1,1.3,344,72
2025-07-30T09:00,8.2,3.3,347,50
2025-07-30T10:00,10.8,2.5,352,35
2025-07-30T11:00,12.7,1.2,309,30
2025-07-30T12:00,14.3,2.2,265,27
2025-07-30T13:00,15.4,6.3,270,24
2025-07-30T14:00,15.9,7.9,267,22
2025-07-30T15:00,15.9,7.3,279,21
2025-07-30T16:00,14.6,2.4,144,23
2025-07-30T17:00,10.9,17.0,64,46
2025-07-30T18:00,8.7,9.4,59,49
2025-07-30T19:00,7.1,1.9,338,56
2025-07-30T20:00,6.7,3.4,357,60
2025-07-30T21:00,5.6,4.9,294,66
2025-07-30T22:00,4.6,8.3,254,65
2025-07-30T23:00,4.0,9.2,244,64
2025-07-31T00:00,3.1,7.1,251,59
2025-07-31T01:00,2.0,5.9,235,57
2025-07-31T02:00,1.0,5.2,229,60
2025-07-31T03:00,-0.1,4.2,250,65
2025-07-31T04:00,-0.8,3.6,315,75
2025-07-31T05:00,-1.7,3.7,317,91
2025-07-31T06:00,-3.0,5.8,309,100
2025-07-31T07:00,-2.2,5.5,316,98
2025-07-31T08:00,5.3,1.7,328,59
2025-07-31T09:00,8.9,4.9,354,50
2025-07-31T10:00,11.3,8.0,316,37
2025-07-31T11:00,12.8,10.2,291,29
2025-07-31T12:00,14.8,9.9,274,23
2025-07-31T13:00,14.9,12.5,263,22
2025-07-31T14:00,15.7,13.2,250,15
2025-07-31T15:00,15.8,19.4,240,13
2025-07-31T16:00,14.3,26.8,231,14
2025-07-31T17:00,12.1,26.2,227,15
2025-07-31T18:00,10.3,21.5,228,18
2025-07-31T19:00,8.0,14.5,219,23
2025-07-31T20:00,7.4,17.2,223,24
2025-07-31T21:00,6.1,13.4,237,29
2025-07-31T22:00,5.1,8.5,258,32
2025-07-31T23:00,3.9,5.5,287,35
2025-08-01T00:00,2.6,3.7,293,40
2025-08-01T01:00,1.3,5.0,255,46
2025-08-01T02:00,-0.3,5.4,230,52
2025-08-01T03:00,-1.4,7.1,207,58
2025-08-01T04:00,-2.2,7.9,231,64
2025-08-01T05:00,-3.0,6.1,289,68
2025-08-01T06:00,-3.6,5.5,297,78
2025-08-01T07:00,-1.8,6.3,283,69
2025-08-01T08:00,1.9,4.0,300,51
2025-08-01T09:00,6.4,4.7,274,34
2025-08-01T10:00,9.3,4.5,272,23
2025-08-01T11:00,11.0,3.2,313,17
2025-08-01T12:00,12.5,2.3,321,13
2025-08-01T13:00,13.4,2.3,274,10
2025-08-01T14:00,13.6,3.7,241,10
2025-08-01T15:00,14.1,6.9,240,10
2025-08-01T16:00,13.5,8.1,215,11
2025-08-01T17:00,11.8,6.9,96,13
2025-08-01T18:00,9.0,12.9,60,26
2025-08-01T19:00,7.4,8.6,195,32
2025-08-01T20:00,6.5,7.3,189,36
2025-08-01T21:00,4.7,9.2,213,45
2025-08-01T22:00,3.1,5.1,231,47
2025-08-01T23:00,2.9,5.1,153,41
2025-08-02T00:00,2.8,5.8,196,38
2025-08-02T01:00,1.7,10.0,285,43
2025-08-02T02:00,0.8,4.6,261,49
2025-08-02T03:00,-0.6,3.8,270,54
2025-08-02T04:00,-1.0,4.5,299,60
2025-08-02T05:00,-1.9,4.0,321,72
2025-08-02T06:00,-2.7,3.7,346,78
2025-08-02T07:00,-0.5,5.8,346,67
2025-08-02T08:00,4.2,2.1,20,47
2025-08-02T09:00,8.5,6.3,5,33
2025-08-02T10:00,11.2,10.0,343,24
2025-08-02T11:00,12.5,12.8,302,17
2025-08-02T12:00,13.6,10.7,323,13
2025-08-02T13:00,16.2,12.2,287,7
2025-08-02T14:00,15.7,19.8,269,9
2025-08-02T15:00,16.1,18.0,267,9
2025-08-02T16:00,14.1,15.4,260,10
2025-08-02T17:00,12.6,15.5,237,11
2025-08-02T18:00,10.2,18.9,209,17
2025-08-02T19:00,8.4,13.7,199,19
2025-08-02T20:00,6.2,12.3,211,27
2025-08-02T21:00,4.9,11.3,167,33
2025-08-02T22:00,3.9,13.2,173,36
2025-08-02T23:00,3.1,11.9,183,39
2025-08-03T00:00,2.0,8.9,193,42
2025-08-03T01:00,0.4,5.9,218,47
2025-08-03T02:00,-1.2,5.1,260,54
2025-08-03T03:00,-2.0,5.5,283,59
2025-08-03T04:00,-2.6,6.3,263,59
2025-08-03T05:00,-3.8,7.0,258,60
2025-08-03T06:00,-5.1,6.0,263,65
2025-08-03T07:00,-3.6,6.0,286,58
2025-08-03T08:00,0.4,4.1,304,50
2025-08-03T09:00,5.1,3.8,319,34
2025-08-03T10:00,8.7,4.2,335,21
2025-08-03T11:00,10.9,4.9,287,12
2025-08-03T12:00,12.3,4.9,260,9
2025-08-03T13:00,13.2,4.4,232,8
2025-08-03T14:00,13.7,3.7,203,8
2025-08-03T15:00,14.4,11.4,215,6
2025-08-03T16:00,13.4,20.5,227,9
2025-08-03T17:00,12.4,14.4,221,9
2025-08-03T18:00,9.3,13.5,225,14
2025-08-03T19:00,7.6,9.0,224,17
2025-08-03T20:00,6.3,6.7,177,19
2025-08-03T21:00,3.9,5.3,192,26
2025-08-03T22:00,2.5,5.4,200,30
2025-08-03T23:00,2.1,3.3,193,31
2025-08-04T00:00,1.0,2.7,188,35
2025-08-04T01:00,-0.6,4.5,194,41
2025-08-04T02:00,-1.9,4.7,223,45
2025-08-04T03:00,-2.8,4.5,284,50
2025-08-04T04:00,-3.5,4.0,309,60
2025-08-04T05:00,-4.0,1.8,315,68
2025-08-04T06:00,-4.8,3.4,317,73
2025-08-04T07:00,-1.8,6.2,308,61
2025-08-04T08:00,2.7,2.2,279,41
2025-08-04T09:00,7.3,1.8,281,25
2025-08-04T10:00,10.4,1.8,294,15
2025-08-04T11:00,12.4,1.4,320,13
2025-08-04T12:00,13.8,1.8,53,11
2025-08-04T13:00,14.7,3.2,93,10
2025-08-04T14:00,15.0,5.6,107,10
2025-08-04T15:00,14.8,7.8,124,10
2025-08-04T16:00,14.0,9.3,133,10
2025-08-04T17:00,12.0,13.3,111,12
2025-08-04T18:00,8.5,17.3,98,33
2025-08-04T19:00,7.4,16.2,92,49
2025-08-04T20:00,6.6,12.1,91,72
2025-08-04T21:00,4.5,2.6,219,87
2025-08-04T22:00,3.6,7.6,225,73
2025-08-04T23:00,2.5,5.9,207,70
2025-08-05T00:00,1.8,6.2,202,76
2025-08-05T01:00,1.3,6.0,219,83
2025-08-05T02:00,0.8,5.0,218,85
2025-08-05T03:00,0.1,2.5,270,86
2025-08-05T04:00,-0.3,3.6,311,88
2025-08-05T05:00,-0.5,3.9,313,90
2025-08-05T06:00,0.1,2.0,350,88
2025-08-05T07:00,1.2,2.1,52,83
2025-08-05T08:00,4.4,0.9,259,80
2025-08-05T09:00,6.3,4.0,306,66
2025-08-05T10:00,9.1,3.2,313,50
2025-08-05T11:00,11.4,3.1,339,38
2025-08-05T12:00,13.2,2.2,355,29
2025-08-05T13:00,14.6,1.2,117,22
2025-08-05T14:00,15.0,3.3,171,19
2025-08-05T15:00,15.0,4.3,158,17
2025-08-05T16:00,14.0,7.8,103,21
2025-08-05T17:00,11.4,16.4,81,37
2025-08-05T18:00,8.6,15.9,80,51
2025-08-05T19:00,7.6,11.6,68,54
2025-08-05T20:00,6.2,0.6,214,68
2025-08-05T21:00,5.2,11.7,221,69
2025-08-05T22:00,5.1,6.3,235,61
2025-08-05T23:00,4.5,5.0,270,62
2025-08-06T00:00,3.3,4.7,268,68
2025-08-06T01:00,1.7,4.1,229,72
2025-08-06T02:00,0.8,4.5,220,70
2025-08-06T03:00,0.2,4.5,241,63
2025-08-06T04:00,-0.6,3.9,283,63
2025-08-06T05:00,-1.2,4.2,324,77
2025-08-06T06:00,-2.0,4.2,342,85
2025-08-06T07:00,0.5,5.1,350,74
2025-08-06T08:00,5.0,2.6,286,53
2025-08-06T09:00,9.3,3.5,298,37
2025-08-06T10:00,12.2,2.3,315,26
2025-08-06T11:00,14.0,0.4,207,24
2025-08-06T12:00,15.1,2.2,171,21
2025-08-06T13:00,15.9,4.3,163,17
2025-08-06T14:00,16.5,6.4,151,14
2025-08-06T15:00,16.3,9.5,126,14
2025-08-06T16:00,14.6,14.2,99,21
2025-08-06T17:00,11.9,16.1,72,23
2025-08-06T18:00,9.1,15.2,64,23
2025-08-06T19:00,8.1,8.8,51,27
2025-08-06T20:00,6.9,9.2,242,27
2025-08-06T21:00,6.4,7.2,180,30
2025-08-06T22:00,5.2,5.9,218,39
2025-08-06T23:00,4.6,8.5,242,39
2025-08-07T00:00,3.0,8.2,232,38
2025-08-07T01:00,1.5,6.8,205,40
2025-08-07T02:00,1.0,7.1,225,42
2025-08-07T03:00,0.5,8.1,257,45
2025-08-07T04:00,-0.8,5.7,294,55
2025-08-07T05:00,-2.3,3.6,303,71
2025-08-07T06:00,-2.6,1.5,284,75
2025-08-07T07:00,-0.7,3.8,281,69
2025-08-07T08:00,4.2,1.8,259,46
2025-08-07T09:00,8.9,1.2,243,26
2025-08-07T10:00,12.0,1.5,240,16
2025-08-07T11:00,14.1,2.2,189,11
2025-08-07T12:00,15.7,2.7,180,9
2025-08-07T13:00,16.6,3.1,183,8
2025-08-07T14:00,17.2,3.0,155,8
2025-08-07T15:00,16.8,6.2,97,9
2025-08-07T16:00,14.9,12.8,85,13
2025-08-07T17:00,12.1,15.0,73,12
2025-08-07T18:00,9.2,15.3,73,15
2025-08-07T19:00,7.2,1.1,189,24
2025-08-07T20:00,6.0,10.3,241,23
2025-08-07T21:00,4.9,5.0,215,28
2025-08-07T22:00,4.2,4.4,215,35
2025-08-07T23:00,3.6,6.1,204,36
2025-08-08T00:00,2.3,9.1,207,29
2025-08-08T01:00,0.8,6.4,238,29
2025-08-08T02:00,-0.7,3.1,306,37
2025-08-08T03:00,-0.7,1.0,315,44
2025-08-08T04:00,-2.0,3.4,286,54
2025-08-08T05:00,-3.0,4.1,270,60
2025-08-08T06:00,-3.5,4.3,265,60
2025-08-08T07:00,-0.7,4.7,310,51
2025-08-08T08:00,3.6,2.4,287,35
2025-08-08T09:00,8.2,3.1,257,23
2025-08-08T10:00,11.3,1.6,186,18
2025-08-08T11:00,13.2,3.1,103,17
2025-08-08T12:00,14.5,3.8,90,16
2025-08-08T13:00,15.4,4.9,98,15
2025-08-08T14:00,15.6,7.1,117,16
2025-08-08T15:00,15.0,10.9,112,21
2025-08-08T16:00,13.4,17.2,96,25
2025-08-08T17:00,11.6,18.5,80,23
2025-08-08T18:00,9.4,18.9,81,38
2025-08-08T19:00,8.1,11.2,105,64
2025-08-08T20:00,6.5,3.3,174,76
2025-08-08T21:00,5.7,9.4,206,74
2025-08-08T22:00,4.8,5.5,216,83
2025-08-08T23:00,4.0,4.9,216,88
2025-08-09T00:00,2.7,4.0,190,94
2025-08-09T01:00,2.5,0.7,284,92
2025-08-09T02:00,2.0,0.9,323,93
2025-08-09T03:00,2.0,2.9,330,94
2025-08-09T04:00,2.5,5.3,332,91
2025-08-09T05:00,1.1,3.1,320,91
2025-08-09T06:00,0.1,1.4,337,94
2025-08-09T07:00,1.6,1.6,84,90
2025-08-09T08:00,5.5,2.1,301,51
2025-08-09T09:00,8.6,2.6,309,43
2025-08-09T10:00,11.2,1.3,254,35
2025-08-09T11:00,13.2,2.7,203,26
2025-08-09T12:00,14.8,5.8,214,15
2025-08-09T13:00,15.9,8.3,221,10
2025-08-09T14:00,16.5,9.1,214,8
2025-08-09T15:00,16.6,6.5,156,6
2025-08-09T16:00,14.3,14.1,106,18
2025-08-09T17:00,10.8,16.1,95,27
2025-08-09T18:00,9.2,12.7,79,29
2025-08-09T19:00,7.6,9.7,215,36
2025-08-09T20:00,6.8,12.3,203,36
2025-08-09T21:00,6.7,10.0,206,38
2025-08-09T22:00,5.6,11.8,204,32
2025-08-09T23:00,4.3,11.6,208,27
2025-08-10T00:00,3.3,8.1,223,31
2025-08-10T01:00,1.9,5.3,218,36
2025-08-10T02:00,0.2,4.2,185,41
2025-08-10T03:00,-0.2,5.0,215,42
2025-08-10T04:00,-0.3,6.2,258,41
2025-08-10T05:00,-0.9,4.9,272,43
2025-08-10T06:00,-1.8,3.6,276,49
2025-08-10T07:00,0.7,4.3,268,44
2025-08-10T08:00,4.8,3.3,234,30
2025-08-10T09:00,9.2,3.0,218,17
2025-08-10T10:00,11.7,3.1,103,21
2025-08-10T11:00,13.2,4.6,103,21
2025-08-10T12:00,14.6,5.3,114,20
2025-08-10T13:00,15.3,7.5,105,20
2025-08-10T14:00,15.6,9.3,106,19
2025-08-10T15:00,14.7,11.2,106,17
2025-08-10T16:00,13.6,16.7,92,15
2025-08-10T17:00,11.8,16.9,78,20
2025-08-10T18:00,10.0,15.3,60,30
2025-08-10T19:00,9.5,14.9,60,32
2025-08-10T20:00,8.5,1.1,162,39
2025-08-10T21:00,6.8,8.3,222,39
2025-08-10T22:00,5.6,6.8,192,42
2025-08-10T23:00,4.6,8.0,207,50
2025-08-11T00:00,3.4,7.4,198,60
2025-08-11T01:00,2.1,4.3,208,71
2025-08-11T02:00,2.0,5.6,209,73
2025-08-11T03:00,1.7,5.0,224,75
2025-08-11T04:00,0.7,3.6,267,76
2025-08-11T05:00,0.1,2.7,290,75
2025-08-11T06:00,-0.6,1.5,300,78
2025-08-11T07:00,1.0,3.0,327,71
2025-08-11T08:00,5.9,2.9,281,48
2025-08-11T09:00,9.4,1.3,262,42
2025-08-11T10:00,11.9,2.7,53,33
2025-08-11T11:00,13.6,3.0,52,28
2025-08-11T12:00,14.9,0.9,270,26
2025-08-11T13:00,15.7,0.8,243,23
2025-08-11T14:00,16.0,2.4,153,23
2025-08-11T15:00,15.1,5.2,139,24
2025-08-11T16:00,14.7,3.7,151,24
2025-08-11T17:00,13.2,9.0,75,26
2025-08-11T18:00,9.6,16.9,76,38
2025-08-11T19:00,8.9,15.5,80,50
2025-08-11T20:00,7.8,4.2,121,59
2025-08-11T21:00,8.1,6.8,222,55
2025-08-11T22:00,7.1,8.5,207,52
2025-08-11T23:00,5.4,9.9,196,63
2025-08-12T00:00,4.7,5.9,203,72
2025-08-12T01:00,4.5,6.0,226,71
2025-08-12T02:00,3.6,5.8,234,67
2025-08-12T03:00,2.3,5.2,214,64
2025-08-12T04:00,1.2,4.4,189,65
2025-08-12T05:00,1.2,4.7,227,61
2025-08-12T06:00,0.7,4.9,272,61
2025-08-12T07:00,2.7,5.9,290,54
2025-08-12T08:00,6.4,2.4,318,47
2025-08-12T09:00,10.4,1.3,304,31
2025-08-12T10:00,12.7,1.3,124,24
2025-08-12T11:00,14.2,2.2,132,19
2025-08-12T12:00,15.3,1.5,159,17
2025-08-12T13:00,15.9,5.2,214,15
2025-08-12T14:00,16.3,9.5,234,14
2025-08-12T15:00,17.0,10.9,225,13
2025-08-12T16:00,15.5,13.9,128,15
2025-08-12T17:00,12.6,18.4,86,24
2025-08-12T18:00,10.3,16.2,73,37
2025-08-12T19:00,9.1,6.0,44,40
2025-08-12T20:00,7.8,9.6,237,43
2025-08-12T21:00,7.7,8.3,193,41
2025-08-12T22:00,7.2,10.0,167,41
2025-08-12T23:00,5.0,8.9,188,41
2025-08-13T00:00,3.2,7.1,201,42
2025-08-13T01:00,2.3,9.8,185,40
2025-08-13T02:00,2.1,9.1,197,38
2025-08-13T03:00,1.5,7.4,248,39
2025-08-13T04:00,0.6,5.6,277,46
2025-08-13T05:00,-0.4,4.3,287,58
2025-08-13T06:00,-1.1,3.9,286,64
2025-08-13T07:00,1.2,5.2,297,56
2025-08-13T08:00,5.9,2.1,285,37
2025-08-13T09:00,10.1,1.8,315,22
2025-08-13T10:00,12.5,1.8,53,23
2025-08-13T11:00,14.2,3.8,90,20
2025-08-13T12:00,15.5,4.8,112,16
2025-08-13T13:00,16.1,8.0,126,14
2025-08-13T14:00,16.1,13.0,128,13
2025-08-13T15:00,15.5,14.7,114,12
2025-08-13T16:00,13.9,19.2,97,19
2025-08-13T17:00,12.2,21.0,104,25
2025-08-13T18:00,10.1,19.0,102,30
2025-08-13T19:00,9.0,19.7,96,40
2025-08-13T20:00,8.1,16.0,92,52
2025-08-13T21:00,7.2,11.1,74,42
2025-08-13T22:00,5.4,4.3,48,51
2025-08-13T23:00,4.2,2.3,266,58
2025-08-14T00:00,2.9,3.8,239,65
2025-08-14T01:00,1.8,4.4,235,71
2025-08-14T02:00,1.3,2.0,260,74
2025-08-14T03:00,0.8,0.9,307,77
2025-08-14T04:00,-0.1,0.6,342,83
2025-08-14T05:00,-1.1,1.5,30,89
2025-08-14T06:00,-1.5,1.4,40,92
2025-08-14T07:00,0.3,1.3,34,84
2025-08-14T08:00,5.7,0.6,124,55
2025-08-14T09:00,9.5,2.1,70,34
2025-08-14T10:00,11.9,5.1,45,20
2025-08-14T11:00,13.8,6.2,41,13
2025-08-14T12:00,15.2,5.5,38,12
2025-08-14T13:00,16.3,1.8,66,11
2025-08-14T14:00,16.7,4.6,228,12
2025-08-14T15:00,16.6,8.2,244,12
2025-08-14T16:00,15.0,9.6,159,15
2025-08-14T17:00,11.7,16.4,111,32
2025-08-14T18:00,9.5,17.3,98,49
2025-08-14T19:00,8.6,16.1,80,61
2025-08-14T20:00,7.5,5.0,165,66
2025-08-14T21:00,7.2,6.0,201,68
2025-08-14T22:00,5.6,10.5,204,77
2025-08-14T23:00,4.4,8.3,196,91
2025-08-15T00:00,3.7,8.1,198,90
2025-08-15T01:00,2.9,7.9,197,71
2025-08-15T02:00,1.7,1.3,172,59
2025-08-15T03:00,0.7,1.1,351,66
2025-08-15T04:00,0.2,1.7,288,74
2025-08-15T05:00,-0.5,3.3,264,80
2025-08-15T06:00,-0.9,3.8,270,80
2025-08-15T07:00,0.7,5.1,297,73
2025-08-15T08:00,5.3,3.0,295,44
2025-08-15T09:00,8.9,2.5,274,30
2025-08-15T10:00,11.3,2.5,300,27
2025-08-15T11:00,13.3,3.4,288,27
2025-08-15T12:00,15.0,7.5,259,21
2025-08-15T13:00,15.6,8.8,268,20
2025-08-15T14:00,16.5,6.8,282,18
2025-08-15T15:00,16.1,4.0,260,18
2025-08-15T16:00,15.6,2.7,217,19
2025-08-15T17:00,13.8,8.5,77,25
2025-08-15T18:00,10.7,14.6,86,43
2025-08-15T19:00,10.3,10.3,199,47
2025-08-15T20:00,9.0,13.8,211,38
2025-08-15T21:00,7.4,14.6,225,27
2025-08-15T22:00,6.5,14.7,221,27
2025-08-15T23:00,6.0,13.0,213,29
2025-08-16T00:00,5.4,11.7,214,32
2025-08-16T01:00,4.0,10.6,204,37
2025-08-16T02:00,2.5,7.7,216,43
2025-08-16T03:00,2.8,7.4,212,44
2025-08-16T04:00,2.9,6.8,222,45
2025-08-16T05:00,2.5,5.7,224,47
2025-08-16T06:00,1.0,4.2,230,52
2025-08-16T07:00,2.6,4.9,262,48
2025-08-16T08:00,6.2,4.6,239,35
2025-08-16T09:00,9.4,3.5,235,26
2025-08-16T10:00,11.8,0.2,360,23
2025-08-16T11:00,13.6,3.0,308,22
2025-08-16T12:00,15.7,7.3,312,19
2025-08-16T13:00,16.1,9.6,323,19
2025-08-16T14:00,16.0,11.9,299,20
2025-08-16T15:00,16.2,10.4,287,19
2025-08-16T16:00,15.6,3.5,348,18
2025-08-16T17:00,13.4,13.5,60,28
2025-08-16T18:00,10.2,14.8,57,40
2025-08-16T19:00,9.2,20.0,31,47
2025-08-16T20:00,8.7,6.9,30,58
2025-08-16T21:00,7.2,10.7,230,60
2025-08-16T22:00,7.4,11.9,212,37
2025-08-16T23:00,6.1,11.3,223,33
2025-08-17T00:00,4.9,9.7,209,37
2025-08-17T01:00,3.7,8.5,222,42
2025-08-17T02:00,2.5,6.4,223,47
2025-08-17T03:00,1.4,4.4,249,52
2025-08-17T04:00,0.7,3.8,287,56
2025-08-17T05:00,0.2,4.0,306,67
2025-08-17T06:00,-0.7,3.1,298,79
2025-08-17T07:00,1.9,2.0,180,68
2025-08-17T08:00,6.4,0.5,135,41
2025-08-17T09:00,9.9,1.9,17,32
2025-08-17T10:00,12.7,6.8,338,29
2025-08-17T11:00,15.0,14.9,322,19
2025-08-17T12:00,16.2,19.3,329,13
2025-08-17T13:00,17.1,20.5,325,12
2025-08-17T14:00,17.8,20.5,311,12
2025-08-17T15:00,17.6,17.5,309,11
2025-08-17T16:00,17.4,18.6,295,10
2025-08-17T17:00,14.7,24.3,269,18
2025-08-17T18:00,12.6,21.3,281,20
2025-08-17T19:00,11.2,16.3,259,23
2025-08-17T20:00,10.5,18.2,261,23
2025-08-17T21:00,8.7,17.0,222,29
2025-08-17T22:00,7.4,7.9,223,35
2025-08-17T23:00,5.4,6.5,193,42
2025-08-18T00:00,4.1,4.8,222,48
2025-08-18T01:00,2.8,1.6,276,54
2025-08-18T02:00,1.6,2.8,243,60
2025-08-18T03:00,0.7,4.0,240,64
2025-08-18T04:00,0.2,1.8,264,67
2025-08-18T05:00,-0.3,1.3,270,70
2025-08-18T06:00,-0.6,0.6,304,74
2025-08-18T07:00,1.6,1.7,18,64
2025-08-18T08:00,5.7,2.5,352,46
2025-08-18T09:00,9.8,11.5,343,38
2025-08-18T10:00,12.1,17.0,332,33
2025-08-18T11:00,14.5,17.5,331,28
2025-08-18T12:00,16.2,24.1,310,20
2025-08-18T13:00,17.7,25.5,295,13
2025-08-18T14:00,17.4,22.6,290,14
2025-08-18T15:00,17.8,21.4,281,12
2025-08-18T16:00,17.4,17.5,296,12
2025-08-18T17:00,15.9,13.0,241,12
2025-08-18T18:00,13.2,13.6,206,17
2025-08-18T19:00,10.9,11.5,224,18
2025-08-18T20:00,9.9,18.1,240,18
2025-08-18T21:00,8.1,19.5,246,24
2025-08-18T22:00,6.7,15.4,252,30
2025-08-18T23:00,5.5,13.6,235,34
2025-08-19T00:00,4.9,10.8,223,36
2025-08-19T01:00,3.8,10.1,224,39
2025-08-19T02:00,1.9,7.5,246,47
2025-08-19T03:00,-0.4,5.3,252,57
2025-08-19T04:00,-2.0,3.9,286,64
2025-08-19T05:00,-2.4,5.2,319,74
2025-08-19T06:00,-3.0,6.5,316,85
2025-08-19T07:00,-0.5,6.3,321,74
2025-08-19T08:00,4.6,4.3,312,45
2025-08-19T09:00,8.5,5.6,327,45
2025-08-19T10:00,11.4,5.0,314,23
2025-08-19T11:00,13.5,5.6,295,15
2025-08-19T12:00,15.3,2.6,282,12
2025-08-19T13:00,16.9,3.2,214,8
2025-08-19T14:00,17.5,8.6,221,6
2025-08-19T15:00,17.5,19.2,224,4
2025-08-19T16:00,16.7,20.6,222,5
2025-08-19T17:00,14.6,7.4,167,6
2025-08-19T18:00,9.5,4.7,140,24
2025-08-19T19:00,9.0,12.6,213,22
2025-08-19T20:00,7.4,12.5,188,10
2025-08-19T21:00,6.4,9.4,176,12
2025-08-19T22:00,5.4,10.1,176,14
2025-08-19T23:00,4.4,9.2,183,17
2025-08-20T00:00,2.7,6.6,191,25
2025-08-20T01:00,0.3,4.8,207,35
2025-08-20T02:00,-1.0,3.4,273,39
2025-08-20T03:00,-1.6,3.7,256,40
2025-08-20T04:00,-1.7,4.5,275,38
2025-08-20T05:00,-2.2,4.5,277,41
2025-08-20T06:00,-2.7,5.0,289,47
2025-08-20T07:00,0.4,6.3,305,40
2025-08-20T08:00,5.2,2.3,274,24
2025-08-20T09:00,9.6,3.9,307,14
2025-08-20T10:00,12.4,2.1,345,15
2025-08-20T11:00,14.4,0.9,37,14
2025-08-20T12:00,16.0,1.0,338,14
2025-08-20T13:00,17.4,4.6,279,13
2025-08-20T14:00,18.2,12.5,290,10
2025-08-20T15:00,18.8,12.5,345,8
2025-08-20T16:00,18.5,18.4,318,7
2025-08-20T17:00,15.5,5.6,2,11
2025-08-20T18:00,11.1,14.2,83,38
2025-08-20T19:00,9.5,11.6,94,64
2025-08-20T20:00,9.1,13.3,210,65
2025-08-20T21:00,8.4,13.5,203,43
2025-08-20T22:00,6.9,16.8,208,33
2025-08-20T23:00,7.1,13.9,217,21
2025-08-21T00:00,6.2,11.6,208,20
2025-08-21T01:00,4.5,10.3,205,23
2025-08-21T02:00,3.4,9.7,204,26
2025-08-21T03:00,2.1,5.7,221,30
2025-08-21T04:00,0.6,3.4,270,36
2025-08-21T05:00,-0.1,2.9,292,42
2025-08-21T06:00,-0.7,3.2,313,48
2025-08-21T07:00,2.1,4.2,313,45
2025-08-21T08:00,7.2,1.6,264,23
2025-08-21T09:00,10.8,2.4,257,19
2025-08-21T10:00,12.8,3.6,276,22
2025-08-21T11:00,14.2,7.1,249,22
2025-08-21T12:00,16.6,10.6,227,16
2025-08-21T13:00,17.3,12.4,219,15
2025-08-21T14:00,18.4,8.9,220,14
2025-08-21T15:00,18.8,14.6,260,13
2025-08-21T16:00,17.9,16.0,271,13
2025-08-21T17:00,16.2,3.3,283,14
2025-08-21T18:00,13.7,10.1,185,20
2025-08-21T19:00,11.2,17.9,229,17
2025-08-21T20:00,10.1,12.6,226,18
2025-08-21T21:00,8.2,14.1,207,22
2025-08-21T22:00,7.0,16.3,202,25
2025-08-21T23:00,7.8,13.8,206,25
2025-08-22T00:00,6.1,11.3,202,29
2025-08-22T01:00,5.1,10.1,205,33
2025-08-22T02:00,4.0,8.9,218,37
2025-08-22T03:00,2.9,6.8,233,41
2025-08-22T04:00,1.8,5.3,232,45
2025-08-22T05:00,0.7,4.0,243,50
2025-08-22T06:00,0.3,2.5,274,55
2025-08-22T07:00,2.7,2.8,297,47
2025-08-22T08:00,6.9,2.7,274,33
2025-08-22T09:00,10.4,3.2,297,29
2025-08-22T10:00,12.5,7.6,282,29
2025-08-22T11:00,13.7,8.7,240,26
2025-08-22T12:00,15.5,9.6,185,23
2025-08-22T13:00,16.6,12.6,199,20
2025-08-22T14:00,17.6,8.6,239,17
2025-08-22T15:00,17.5,19.4,280,16
2025-08-22T16:00,17.0,22.1,288,17
2025-08-22T17:00,16.1,17.6,246,17
2025-08-22T18:00,12.4,26.9,223,21
2025-08-22T19:00,10.7,19.5,233,24
2025-08-22T20:00,9.0,21.5,234,28
2025-08-22T21:00,7.8,20.0,238,32
2025-08-22T22:00,7.0,16.0,239,34
2025-08-22T23:00,6.2,11.1,214,37
2025-08-23T00:00,5.0,6.7,175,41
2025-08-23T01:00,4.7,9.7,192,43
2025-08-23T02:00,3.9,7.6,214,46
2025-08-23T03:00,2.6,5.0,229,50
2025-08-23T04:00,1.4,4.0,238,54
2025-08-23T05:00,0.6,3.5,255,58
2025-08-23T06:00,0.1,2.9,300,62
2025-08-23T07:00,2.9,2.9,317,56
2025-08-23T08:00,6.9,1.9,241,34
2025-08-23T09:00,10.2,3.1,347,32
2025-08-23T10:00,13.0,5.4,326,31
2025-08-23T11:00,14.7,9.8,278,26
2025-08-23T12:00,16.0,8.4,261,23
2025-08-23T13:00,17.3,9.2,268,19
2025-08-23T14:00,17.7,12.6,283,18
2025-08-23T15:00,17.0,16.6,283,22
2025-08-23T16:00,16.2,19.6,277,22
2025-08-23T17:00,14.1,13.1,286,27
2025-08-23T18:00,12.9,11.6,313,41
2025-08-23T19:00,11.4,2.8,349,49
2025-08-23T20:00,11.3,11.8,249,22
2025-08-23T21:00,10.2,6.7,272,25
2025-08-23T22:00,6.9,4.2,227,35
2025-08-23T23:00,6.7,1.5,234,38
2025-08-24T00:00,5.8,0.4,360,43
2025-08-24T01:00,4.4,0.5,45,54
2025-08-24T02:00,3.6,0.7,360,64
2025-08-24T03:00,2.6,3.6,319,82
2025-08-24T04:00,1.7,3.8,319,88
2025-08-24T05:00,1.7,4.9,350,91
2025-08-24T06:00,2.1,7.2,354,91
2025-08-24T07:00,3.9,7.8,345,83
2025-08-24T08:00,8.3,14.0,332,56
2025-08-24T09:00,10.8,18.8,330,44
2025-08-24T10:00,13.5,21.6,337,35
2025-08-24T11:00,14.9,22.4,327,31
2025-08-24T12:00,16.6,23.4,323,26
2025-08-24T13:00,16.6,25.6,316,24
2025-08-24T14:00,16.6,28.0,309,22
2025-08-24T15:00,16.8,24.5,298,20
2025-08-24T16:00,13.9,20.6,284,38
2025-08-24T17:00,11.0,15.9,248,50
2025-08-24T18:00,7.3,4.3,66,89
2025-08-24T19:00,5.7,17.5,37,89
2025-08-24T20:00,7.9,5.2,2,95
2025-08-24T21:00,7.6,2.0,207,98
2025-08-24T22:00,6.3,3.0,237,85
2025-08-24T23:00,6.3,1.0,248,68
2025-08-25T00:00,5.6,0.9,307,65
2025-08-25T01:00,4.8,1.2,297,62
2025-08-25T02:00,3.7,0.4,360,69
2025-08-25T03:00,2.4,0.7,14,85
2025-08-25T04:00,1.2,1.8,6,99
2025-08-25T05:00,0.4,3.1,353,100
2025-08-25T06:00,0.2,3.2,341,100
2025-08-25T07:00,2.5,2.7,340,97
2025-08-25T08:00,6.1,2.4,347,65
2025-08-25T09:00,9.8,3.7,325,51
2025-08-25T10:00,11.7,2.5,300,40
2025-08-25T11:00,13.1,4.6,101,34
2025-08-25T12:00,14.9,5.2,88,30
2025-08-25T13:00,18.1,11.7,274,17
2025-08-25T14:00,17.6,26.1,277,16
2025-08-25T15:00,17.3,21.9,277,15
2025-08-25T16:00,17.1,16.4,257,15
2025-08-25T17:00,15.3,14.4,203,21
2025-08-25T18:00,12.5,11.8,159,27
2025-08-25T19:00,11.4,14.5,217,23
2025-08-25T20:00,9.8,13.5,211,27
2025-08-25T21:00,7.8,11.8,214,31
2025-08-25T22:00,7.8,8.4,215,37
2025-08-25T23:00,7.9,6.4,220,51
2025-08-26T00:00,7.5,6.9,217,58
2025-08-26T01:00,6.2,6.3,219,60
2025-08-26T02:00,4.8,6.6,206,57
2025-08-26T03:00,2.9,5.4,195,59
2025-08-26T04:00,1.2,3.3,209,64
2025-08-26T05:00,0.7,1.0,301,65
2025-08-26T06:00,0.1,1.0,329,68
2025-08-26T07:00,3.5,2.7,312,59
2025-08-26T08:00,7.7,2.3,212,33
2025-08-26T09:00,10.1,0.9,191,36
2025-08-26T10:00,12.1,6.1,282,34
2025-08-26T11:00,14.0,6.5,273,28
2025-08-26T12:00,15.2,7.4,304,26
2025-08-26T13:00,15.4,3.4,47,26
2025-08-26T14:00,15.3,8.2,113,27
2025-08-26T15:00,15.7,4.4,60,23
2025-08-26T16:00,14.4,15.5,13,27
2025-08-26T17:00,13.5,12.8,26,30
2025-08-26T18:00,11.3,12.1,37,42
2025-08-26T19:00,10.0,16.7,6,51
2025-08-26T20:00,9.0,18.9,1,57
2025-08-26T21:00,7.9,18.5,332,60
2025-08-26T22:00,6.3,11.0,296,67
2025-08-26T23:00,4.5,4.3,213,82
2025-08-27T00:00,5.0,9.1,162,91
2025-08-27T01:00,4.3,7.3,128,98
2025-08-27T02:00,3.3,6.1,88,99
2025-08-27T03:00,1.9,2.8,105,100
2025-08-27T04:00,2.2,4.1,135,100
2025-08-27T05:00,2.6,4.8,149,100
2025-08-27T06:00,2.3,2.9,158,99
2025-08-27T07:00,2.6,1.7,18,97
2025-08-27T08:00,5.9,3.1,360,79
2025-08-27T09:00,9.7,5.2,338,57
2025-08-27T10:00,12.1,6.9,311,42
2025-08-27T11:00,14.0,8.0,297,36
2025-08-27T12:00,14.9,6.5,300,31
2025-08-27T13:00,14.8,4.8,290,29
2025-08-27T14:00,16.2,8.4,298,21
2025-08-27T15:00,18.3,16.8,264,12
2025-08-27T16:00,16.8,31.9,216,9
2025-08-27T17:00,14.8,26.9,209,8
2025-08-27T18:00,10.9,18.0,178,23
2025-08-27T19:00,8.6,13.2,150,60
2025-08-27T20:00,8.1,7.8,236,41
2025-08-27T21:00,6.9,7.2,245,35
2025-08-27T22:00,5.7,6.2,253,35
2025-08-27T23:00,3.9,5.0,240,40
2025-08-28T00:00,2.3,5.8,206,44
2025-08-28T01:00,0.6,5.2,211,53
2025-08-28T02:00,-0.6,2.3,302,59
2025-08-28T03:00,-1.0,1.4,310,67
2025-08-28T04:00,-1.5,1.4,293,72
2025-08-28T05:00,-2.5,2.7,302,79
2025-08-28T06:00,-2.8,2.6,304,83
2025-08-28T07:00,1.2,3.6,276,71
2025-08-28T08:00,6.2,1.3,214,36
2025-08-28T09:00,9.6,4.2,20,39
2025-08-28T10:00,12.0,5.2,16,36
2025-08-28T11:00,13.9,4.6,18,28
2025-08-28T12:00,15.4,3.7,35,23
2025-08-28T13:00,16.4,4.0,72,18
2025-08-28T14:00,16.8,5.6,119,16
2025-08-28T15:00,16.6,9.7,114,15
2025-08-28T16:00,14.5,17.5,89,18
2025-08-28T17:00,11.7,20.6,78,29
2025-08-28T18:00,9.4,19.5,70,46
2025-08-28T19:00,8.7,12.6,79,53
2025-08-28T20:00,8.4,7.7,348,59
2025-08-28T21:00,6.7,9.2,225,63
2025-08-28T22:00,5.8,5.6,182,65
2025-08-28T23:00,4.7,3.5,204,76
2025-08-29T00:00,3.7,4.3,195,80
2025-08-29T01:00,3.2,4.8,167,79
2025-08-29T02:00,2.3,4.0,180,77
2025-08-29T03:00,1.3,3.3,264,78
2025-08-29T04:00,0.8,3.4,273,77
2025-08-29T05:00,0.6,3.2,313,81
2025-08-29T06:00,0.1,3.9,326,89
2025-08-29T07:00,3.5,4.6,329,78
2025-08-29T08:00,7.6,2.5,330,56
2025-08-29T09:00,10.9,4.6,318,41
2025-08-29T10:00,13.5,8.8,314,30
2025-08-29T11:00,15.3,12.7,316,23
2025-08-29T12:00,17.8,17.9,330,14
2025-08-29T13:00,18.0,27.3,323,15
2025-08-29T14:00,17.4,24.7,319,15
2025-08-29T15:00,18.0,23.4,305,12
2025-08-29T16:00,18.0,22.3,294,11
2025-08-29T17:00,16.5,16.0,272,14
2025-08-29T18:00,11.6,25.4,207,26
2025-08-29T19:00,9.6,14.4,188,36
2025-08-29T20:00,9.1,20.8,208,31
2025-08-29T21:00,7.5,16.2,216,36
2025-08-29T22:00,6.3,15.1,216,41
2025-08-29T23:00,5.7,15.8,214,41
2025-08-30T00:00,4.9,14.8,214,38
2025-08-30T01:00,4.2,14.1,218,37
2025-08-30T02:00,4.0,9.8,215,36
2025-08-30T03:00,3.2,7.7,217,39
2025-08-30T04:00,2.3,6.0,245,43
2025-08-30T05:00,3.0,4.5,263,44
2025-08-30T06:00,2.1,4.4,348,54
2025-08-30T07:00,4.0,6.1,336,53
2025-08-30T08:00,7.6,7.3,314,34
2025-08-30T09:00,10.1,8.4,313,30
2025-08-30T10:00,12.0,8.8,289,26
2025-08-30T11:00,15.1,5.2,274,14
2025-08-30T12:00,17.0,10.5,245,7
2025-08-30T13:00,17.3,18.5,249,6
2025-08-30T14:00,17.0,20.6,243,6
2025-08-30T15:00,17.6,22.5,240,5
2025-08-30T16:00,16.4,22.0,232,6
2025-08-30T17:00,14.6,19.0,228,6
2025-08-30T18:00,12.1,20.5,218,7
2025-08-30T19:00,10.2,21.4,207,10
2025-08-30T20:00,8.4,18.7,216,15
2025-08-30T21:00,6.9,16.9,208,18
2025-08-30T22:00,5.4,11.8,174,20
2025-08-30T23:00,4.4,14.0,187,22
2025-08-31T00:00,3.9,15.5,213,25
2025-08-31T01:00,3.2,13.4,226,26
2025-08-31T02:00,1.9,9.6,229,29
2025-08-31T03:00,0.6,10.4,225,32
2025-08-31T04:00,-0.5,8.8,242,35
2025-08-31T05:00,-1.5,5.2,270,37
2025-08-31T06:00,-1.8,4.6,312,46
2025-08-31T07:00,1.5,5.4,318,41
2025-08-31T08:00,5.8,3.6,319,24
2025-08-31T09:00,9.3,5.6,333,19
2025-08-31T10:00,12.0,6.4,342,17
2025-08-31T11:00,13.9,6.5,337,16
2025-08-31T12:00,15.4,5.9,297,14
2025-08-31T13:00,17.1,9.0,264,11
2025-08-31T14:00,16.7,9.9,279,13
2025-08-31T15:00,16.6,4.4,291,12
2025-08-31T16:00,16.7,1.6,180,8
2025-08-31T17:00,15.4,9.4,187,5
2025-08-31T18:00,11.4,9.7,155,11
2025-08-31T19:00,9.0,11.2,150,42
2025-08-31T20:00,8.3,12.2,171,44
2025-08-31T21:00,7.2,12.1,152,67
2025-08-31T22:00,6.5,9.1,165,74
2025-08-31T23:00,5.0,7.4,203,87
2025-09-01T00:00,3.8,8.3,222,63
2025-09-01T01:00,3.3,5.7,189,27
2025-09-01T02:00,2.9,6.9,195,21
2025-09-01T03:00,1.5,4.9,231,26
2025-09-01T04:00,0.8,4.9,278,28
2025-09-01T05:00,-0.1,4.5,299,36
2025-09-01T06:00,-0.8,3.9,294,48
2025-09-01T07:00,2.6,3.6,290,39
2025-09-01T08:00,7.0,3.9,223,19
2025-09-01T09:00,10.4,1.6,180,17
2025-09-01T10:00,12.8,1.8,96,22
2025-09-01T11:00,14.7,0.4,333,21
2025-09-01T12:00,16.3,1.7,302,17
2025-09-01T13:00,17.4,3.0,308,14
2025-09-01T14:00,17.6,4.1,270,14
2025-09-01T15:00,18.0,7.5,233,11
2025-09-01T16:00,16.8,3.6,96,14
2025-09-01T17:00,13.2,16.2,64,28
2025-09-01T18:00,11.0,13.4,98,37
2025-09-01T19:00,10.1,8.5,108,54
2025-09-01T20:00,10.1,5.8,2,47
2025-09-01T21:00,8.5,12.3,195,64
2025-09-01T22:00,6.8,8.6,180,84
2025-09-01T23:00,6.0,10.4,228,79
2025-09-02T00:00,5.9,9.3,207,46
2025-09-02T01:00,5.7,9.5,166,41
2025-09-02T02:00,4.5,7.8,175,53
2025-09-02T03:00,3.8,7.4,202,49
2025-09-02T04:00,3.0,4.5,236,43
2025-09-02T05:00,2.2,5.1,252,39
2025-09-02T06:00,2.4,4.9,246,42
2025-09-02T07:00,4.4,6.5,265,39
2025-09-02T08:00,7.9,3.5,291,32
2025-09-02T09:00,10.6,4.0,321,29
2025-09-02T10:00,12.5,5.5,351,34
2025-09-02T11:00,13.4,7.7,335,34
2025-09-02T12:00,14.6,5.9,313,28
2025-09-02T13:00,16.3,6.3,288,24
2025-09-02T14:00,16.6,5.1,280,23
2025-09-02T15:00,16.8,5.1,262,22
2025-09-02T16:00,16.2,9.1,252,22
2025-09-02T17:00,15.7,2.7,152,19
2025-09-02T18:00,12.7,12.0,109,37
2025-09-02T19:00,11.3,9.6,98,57
2025-09-02T20:00,10.1,1.4,180,50
2025-09-02T21:00,9.6,10.0,218,41
2025-09-02T22:00,6.5,18.2,207,70
2025-09-02T23:00,5.5,11.3,197,86
2025-09-03T00:00,5.4,10.1,175,74
2025-09-03T01:00,4.5,12.0,159,85
2025-09-03T02:00,4.3,10.1,174,92
2025-09-03T03:00,3.7,7.2,194,76
2025-09-03T04:00,4.5,7.3,171,46
2025-09-03T05:00,4.8,4.5,146,45
2025-09-03T06:00,2.8,2.7,278,48
2025-09-03T07:00,5.3,3.8,265,35
2025-09-03T08:00,8.4,1.4,140,39
2025-09-03T09:00,10.8,1.0,68,34
2025-09-03T10:00,12.8,1.2,117,29
2025-09-03T11:00,14.4,1.3,188,25
2025-09-03T12:00,15.3,3.6,290,22
2025-09-03T13:00,16.7,2.2,265,19
2025-09-03T14:00,16.8,4.0,291,20
2025-09-03T15:00,15.5,5.3,38,21
2025-09-03T16:00,13.3,11.3,76,35
2025-09-03T17:00,10.3,15.8,50,55
2025-09-03T18:00,7.8,11.8,13,69
2025-09-03T19:00,7.9,14.4,352,67
2025-09-03T20:00,6.2,11.3,1,81
2025-09-03T21:00,5.1,2.7,23,86
2025-09-03T22:00,4.6,0.9,360,87
2025-09-03T23:00,3.7,3.2,16,91
2025-09-04T00:00,3.6,5.2,360,92
2025-09-04T01:00,3.1,4.7,353,93
2025-09-04T02:00,2.3,3.9,298,96
2025-09-04T03:00,1.5,2.7,302,99
2025-09-04T04:00,1.1,1.9,326,100
2025-09-04T05:00,1.3,2.7,337,100
2025-09-04T06:00,1.6,6.0,316,99
2025-09-04T07:00,2.1,3.6,319,96
2025-09-04T08:00,6.1,3.4,313,73
2025-09-04T09:00,9.8,3.5,348,52
2025-09-04T10:00,12.5,5.8,358,36
2025-09-04T11:00,14.2,11.2,344,28
2025-09-04T12:00,15.0,13.3,339,25
2025-09-04T13:00,16.6,11.2,325,23
2025-09-04T14:00,16.6,13.0,319,23
2025-09-04T15:00,16.9,13.1,317,22
2025-09-04T16:00,14.6,5.8,16,24
2025-09-04T17:00,9.2,19.7,48,63
2025-09-04T18:00,7.7,17.7,12,66
2025-09-04T19:00,7.2,10.8,273,75
2025-09-04T20:00,7.2,11.9,300,67
2025-09-04T21:00,6.3,9.0,300,74
2025-09-04T22:00,5.3,5.9,272,81
2025-09-04T23:00,3.7,2.3,184,91
2025-09-05T00:00,3.5,7.2,93,95
2025-09-05T01:00,3.0,6.4,80,98
2025-09-05T02:00,2.7,2.5,184,100
2025-09-05T03:00,3.1,5.2,192,100
2025-09-05T04:00,2.9,2.9,227,98
2025-09-05T05:00,2.6,2.9,277,98
2025-09-05T06:00,2.5,2.3,321,100
2025-09-05T07:00,3.3,2.7,332,98
2025-09-05T08:00,5.1,3.8,3,82
2025-09-05T09:00,8.9,3.6,342,62
2025-09-05T10:00,11.2,9.3,326,50
2025-09-05T11:00,13.5,8.5,333,38
2025-09-05T12:00,15.4,8.5,325,31
2025-09-05T13:00,16.8,8.8,321,27
2025-09-05T14:00,17.7,10.7,327,23
2025-09-05T15:00,16.2,10.6,35,26
2025-09-05T16:00,11.1,19.1,98,53
2025-09-05T17:00,11.9,16.8,119,48
2025-09-05T18:00,6.2,9.4,36,91
2025-09-05T19:00,5.2,4.4,153,96
2025-09-05T20:00,6.2,7.8,230,89
2025-09-05T21:00,5.8,10.0,206,91
2025-09-05T22:00,5.4,10.8,165,93
2025-09-05T23:00,4.5,11.3,153,96
2025-09-06T00:00,4.6,11.5,166,93
2025-09-06T01:00,4.9,8.2,154,93
2025-09-06T02:00,5.4,8.1,179,91
2025-09-06T03:00,5.1,8.0,188,91
2025-09-06T04:00,4.8,7.5,217,91
2025-09-06T05:00,4.6,5.1,234,90
2025-09-06T06:00,4.3,6.3,263,91
2025-09-06T07:00,5.1,7.1,249,86
2025-09-06T08:00,6.1,5.9,239,83
2025-09-06T09:00,6.7,7.5,260,80
2025-09-06T10:00,8.8,4.4,249,68
2025-09-06T11:00,12.4,2.2,204,53
2025-09-06T12:00,12.8,5.0,161,47
2025-09-06T13:00,13.1,4.5,164,46
2025-09-06T14:00,9.2,15.2,69,71
2025-09-06T15:00,9.8,11.9,68,64
2025-09-06T16:00,9.5,5.5,126,64
2025-09-06T17:00,6.9,12.6,57,80
2025-09-06T18:00,6.0,4.3,312,92
2025-09-06T19:00,5.2,5.3,237,93
2025-09-06T20:00,5.3,11.3,283,96
2025-09-06T21:00,4.7,7.0,283,97
2025-09-06T22:00,3.9,3.1,242,99
2025-09-06T23:00,3.7,1.5,300,99
2025-09-07T00:00,5.0,3.3,347,96
2025-09-07T01:00,4.6,5.0,345,98
2025-09-07T02:00,4.1,4.4,339,98
2025-09-07T03:00,3.3,4.7,344,99
2025-09-07T04:00,3.3,6.9,340,99
2025-09-07T05:00,3.6,11.0,337,99
2025-09-07T06:00,3.9,9.5,346,96
2025-09-07T07:00,4.8,13.1,344,84
2025-09-07T08:00,6.3,13.0,350,72
2025-09-07T09:00,10.3,16.2,333,53
2025-09-07T10:00,12.5,17.0,324,45
2025-09-07T11:00,14.4,18.5,323,36
2025-09-07T12:00,15.8,21.0,317,31
2025-09-07T13:00,16.6,20.8,320,31
2025-09-07T14:00,16.8,19.4,329,27
2025-09-07T15:00,16.8,19.1,325,27
2025-09-07T16:00,16.1,17.0,292,29
2025-09-07T17:00,6.0,3.1,66,95
2025-09-07T18:00,5.4,6.3,333,94
2025-09-07T19:00,4.2,8.7,338,99
2025-09-07T20:00,6.1,7.6,317,85
2025-09-07T21:00,5.5,10.3,247,85
2025-09-07T22:00,5.1,12.1,224,64
2025-09-07T23:00,4.6,12.3,226,59
2025-09-08T00:00,3.9,10.8,226,61
2025-09-08T01:00,2.5,10.1,229,65
2025-09-08T02:00,1.6,6.7,243,68
2025-09-08T03:00,0.6,5.7,242,72
2025-09-08T04:00,-0.7,5.1,243,80
2025-09-08T05:00,-1.6,4.0,249,88
2025-09-08T06:00,-1.6,4.4,277,90
2025-09-08T07:00,0.8,4.4,305,83
2025-09-08T08:00,5.4,3.8,278,60
2025-09-08T09:00,9.3,1.7,342,48
2025-09-08T10:00,11.7,1.0,225,35
2025-09-08T11:00,13.3,3.3,189,28
2025-09-08T12:00,15.0,7.6,192,19
2025-09-08T13:00,16.0,11.6,212,17
2025-09-08T14:00,16.7,15.6,221,15
2025-09-08T15:00,16.6,14.0,202,15
2025-09-08T16:00,14.6,12.4,106,25
2025-09-08T17:00,11.9,16.6,70,38
2025-09-08T18:00,9.0,9.8,66,47
2025-09-08T19:00,7.1,6.9,137,61
2025-09-08T20:00,5.5,3.1,187,66
2025-09-08T21:00,4.8,5.3,235,73
2025-09-08T22:00,3.8,6.1,258,78
2025-09-08T23:00,2.7,3.2,267,75
2025-09-09T00:00,2.6,1.5,166,69
2025-09-09T01:00,0.9,3.1,177,72
2025-09-09T02:00,-0.2,4.4,199,76
2025-09-09T03:00,-1.2,3.3,193,79
2025-09-09T04:00,-2.3,1.6,96,86
2025-09-09T05:00,-2.4,0.9,101,90
2025-09-09T06:00,-2.1,1.3,172,90
2025-09-09T07:00,3.0,1.5,159,66
2025-09-09T08:00,8.1,2.8,198,35
2025-09-09T09:00,11.1,4.9,141,33
2025-09-09T10:00,13.2,9.5,92,34
2025-09-09T11:00,14.9,13.3,82,25
2025-09-09T12:00,15.4,16.0,81,23
2025-09-09T13:00,15.4,15.0,76,25
2025-09-09T14:00,15.1,11.7,81,26
2025-09-09T15:00,15.0,11.3,89,24
2025-09-09T16:00,13.8,15.6,109,31
2025-09-09T17:00,11.8,15.6,112,42
2025-09-09T18:00,9.3,14.1,109,56
2025-09-09T19:00,8.1,14.7,115,69
2025-09-09T20:00,7.1,11.6,111,74
2025-09-09T21:00,5.6,6.9,133,80
2025-09-09T22:00,3.7,3.1,167,85
2025-09-09T23:00,2.5,3.1,211,91
2025-09-10T00:00,1.8,4.3,202,94
2025-09-10T01:00,0.9,3.7,227,95
2025-09-10T02:00,-0.2,2.9,263,98
2025-09-10T03:00,-0.7,3.4,288,100
2025-09-10T04:00,-1.1,5.2,311,100
2025-09-10T05:00,-1.5,4.2,335,99
2025-09-10T06:00,-1.5,4.1,13,98
2025-09-10T07:00,0.5,4.0,3,98
2025-09-10T08:00,4.6,3.5,339,85
2025-09-10T09:00,9.3,3.6,297,54
2025-09-10T10:00,12.1,3.1,298,39
2025-09-10T11:00,14.3,0.2,90,30
2025-09-10T12:00,15.4,3.8,131,25
2025-09-10T13:00,16.3,6.7,117,21
2025-09-10T14:00,16.4,11.7,99,19
2025-09-10T15:00,15.6,15.3,93,17
2025-09-10T16:00,14.6,14.8,100,17
2025-09-10T17:00,12.7,13.9,107,25
2025-09-10T18:00,9.3,13.7,99,36
2025-09-10T19:00,8.0,15.5,92,55
2025-09-10T20:00,7.0,6.8,72,75
2025-09-10T21:00,5.3,4.1,232,80
2025-09-10T22:00,4.3,7.4,221,74
2025-09-10T23:00,3.2,5.1,234,73
2025-09-11T00:00,2.7,4.5,236,70
2025-09-11T01:00,2.1,4.7,238,68
2025-09-11T02:00,1.4,4.8,250,69
2025-09-11T03:00,1.0,2.8,281,68
2025-09-11T04:00,0.4,1.5,339,75
2025-09-11T05:00,-0.6,3.4,360,85
2025-09-11T06:00,-0.7,3.4,3,88
2025-09-11T07:00,3.7,2.2,55,71
2025-09-11T08:00,8.3,0.9,37,49
2025-09-11T09:00,11.4,4.7,62,45
2025-09-11T10:00,13.2,9.8,72,36
2025-09-11T11:00,14.8,10.7,78,28
2025-09-11T12:00,15.4,13.5,99,26
2025-09-11T13:00,16.1,12.6,107,24
2025-09-11T14:00,16.3,13.4,107,23
2025-09-11T15:00,15.1,16.9,102,28
2025-09-11T16:00,13.7,17.3,102,32
2025-09-11T17:00,12.2,15.6,117,37
2025-09-11T18:00,9.7,16.6,117,58
2025-09-11T19:00,8.8,18.1,103,66
2025-09-11T20:00,7.7,14.3,100,66
2025-09-11T21:00,6.7,9.7,88,73
2025-09-11T22:00,5.0,1.5,21,81
2025-09-11T23:00,3.7,3.9,236,88
2025-09-12T00:00,3.5,8.0,200,93
2025-09-12T01:00,2.9,6.3,195,94
2025-09-12T02:00,1.7,4.5,220,96
2025-09-12T03:00,1.5,3.8,275,97
2025-09-12T04:00,0.7,3.7,284,100
2025-09-12T05:00,0.3,1.7,347,100
2025-09-12T06:00,0.3,3.6,6,99
2025-09-12T07:00,1.9,2.8,349,95
2025-09-12T08:00,3.8,4.6,283,89
2025-09-12T09:00,8.3,4.7,266,63
2025-09-12T10:00,11.5,1.4,360,45
2025-09-12T11:00,13.1,5.3,66,38
2025-09-12T12:00,14.7,7.2,91,32
2025-09-12T13:00,15.9,9.5,111,26
2025-09-12T14:00,16.2,12.9,109,23
2025-09-12T15:00,15.7,14.6,100,23
2025-09-12T16:00,14.4,16.1,96,29
2025-09-12T17:00,12.6,15.7,112,38
2025-09-12T18:00,10.0,13.3,125,49
2025-09-12T19:00,8.8,13.1,119,61
2025-09-12T20:00,7.7,10.0,107,76
2025-09-12T21:00,6.4,6.3,127,87
2025-09-12T22:00,5.2,5.1,203,92
2025-09-12T23:00,4.5,8.0,214,94
2025-09-13T00:00,3.7,5.2,209,96
2025-09-13T01:00,3.0,5.1,219,97
2025-09-13T02:00,2.3,4.4,249,96
2025-09-13T03:00,1.6,2.6,304,96
2025-09-13T04:00,1.3,3.2,341,98
2025-09-13T05:00,1.0,5.0,341,98
2025-09-13T06:00,0.8,5.1,333,100
2025-09-13T07:00,3.0,2.7,332,96
2025-09-13T08:00,7.4,0.7,346,68
2025-09-13T09:00,10.4,1.0,338,54
2025-09-13T10:00,12.3,2.9,43,40
2025-09-13T11:00,14.1,3.9,56,31
2025-09-13T12:00,15.5,3.2,106,26
2025-09-13T13:00,16.2,6.2,98,23
2025-09-13T14:00,16.2,8.2,100,22
2025-09-13T15:00,16.1,8.9,97,20
2025-09-13T16:00,14.8,13.3,103,22
2025-09-13T17:00,12.2,21.2,106,34
2025-09-13T18:00,10.2,15.9,110,42
2025-09-13T19:00,9.2,13.9,114,56
2025-09-13T20:00,7.8,5.4,124,67
2025-09-13T21:00,6.4,2.7,250,75
2025-09-13T22:00,6.1,7.1,229,72
2025-09-13T23:00,4.9,4.7,230,75
2025-09-14T00:00,4.6,2.7,247,76
2025-09-14T01:00,4.2,0.8,333,76
2025-09-14T02:00,3.3,1.3,352,81
2025-09-14T03:00,3.2,4.0,5,86
2025-09-14T04:00,2.2,3.6,342,90
2025-09-14T05:00,2.0,2.7,290,91
2025-09-14T06:00,2.3,0.5,315,89
2025-09-14T07:00,5.4,1.7,58,76
2025-09-14T08:00,8.9,3.9,62,57
2025-09-14T09:00,11.8,4.4,32,46
2025-09-14T10:00,14.2,5.1,17,39
2025-09-14T11:00,15.9,7.1,52,33
2025-09-14T12:00,16.3,12.9,72,29
2025-09-14T13:00,16.3,11.7,70,24
2025-09-14T14:00,16.7,11.8,67,23
2025-09-14T15:00,15.6,11.0,91,24
2025-09-14T16:00,14.3,14.5,115,28
2025-09-14T17:00,12.1,18.4,154,41
2025-09-14T18:00,8.2,20.0,228,75
2025-09-14T19:00,5.9,17.1,223,83
2025-09-14T20:00,9.1,11.9,205,57
2025-09-14T21:00,7.1,15.6,217,72
2025-09-14T22:00,6.1,13.0,219,76
2025-09-14T23:00,5.3,11.5,224,79
2025-09-15T00:00,4.7,9.2,220,81
2025-09-15T01:00,3.9,6.2,232,86
2025-09-15T02:00,2.9,4.3,253,91
2025-09-15T03:00,2.1,4.2,265,93
2025-09-15T04:00,1.6,4.0,300,96
2025-09-15T05:00,0.6,3.5,336,100
2025-09-15T06:00,0.2,4.4,351,100
2025-09-15T07:00,2.5,3.1,357,95
2025-09-15T08:00,8.4,1.3,304,63
2025-09-15T09:00,11.3,1.9,56,48
2025-09-15T10:00,13.2,7.0,77,37
2025-09-15T11:00,15.0,8.9,96,29
2025-09-15T12:00,15.9,12.7,102,24
2025-09-15T13:00,16.1,12.7,108,18
2025-09-15T14:00,16.6,9.5,117,16
2025-09-15T15:00,16.4,12.2,103,18
2025-09-15T16:00,14.5,18.9,102,27
2025-09-15T17:00,12.5,18.9,109,36
2025-09-15T18:00,10.8,13.6,110,52
2025-09-15T19:00,9.8,12.2,134,63
2025-09-15T20:00,8.2,11.5,200,71
2025-09-15T21:00,7.5,8.1,223,67
2025-09-15T22:00,6.6,6.9,223,66
2025-09-15T23:00,6.3,5.8,182,68
2025-09-16T00:00,5.5,4.7,173,75
2025-09-16T01:00,4.7,5.1,184,83
2025-09-16T02:00,4.2,3.8,229,87
2025-09-16T03:00,4.0,5.8,268,88
2025-09-16T04:00,2.7,3.0,295,91
2025-09-16T05:00,2.3,3.1,320,93
2025-09-16T06:00,2.1,2.8,342,95
2025-09-16T07:00,5.7,2.3,32,76
2025-09-16T08:00,8.4,8.9,135,65
2025-09-16T09:00,11.5,6.1,130,49
2025-09-16T10:00,13.5,6.8,108,41
2025-09-16T11:00,15.0,9.2,96,35
2025-09-16T12:00,15.6,11.6,94,31
2025-09-16T13:00,14.7,9.9,88,29
2025-09-16T14:00,14.9,9.3,80,28
2025-09-16T15:00,15.0,11.2,68,29
2025-09-16T16:00,13.5,7.6,180,31
2025-09-16T17:00,8.2,14.1,228,73
2025-09-16T18:00,7.5,11.6,257,75
2025-09-16T19:00,6.3,6.0,295,88
2025-09-16T20:00,4.9,3.2,267,95
2025-09-16T21:00,4.2,4.1,270,97
2025-09-16T22:00,3.5,2.1,322,96
2025-09-16T23:00,2.7,2.6,51,98
2025-09-17T00:00,2.2,4.0,355,98
2025-09-17T01:00,2.2,5.8,324,99
2025-09-17T02:00,1.5,4.1,308,100
2025-09-17T03:00,1.1,4.3,318,100
2025-09-17T04:00,1.2,4.6,318,98
2025-09-17T05:00,1.1,5.1,306,97
2025-09-17T06:00,1.1,4.6,306,97
2025-09-17T07:00,1.9,3.8,311,96
2025-09-17T08:00,4.7,2.5,352,81
2025-09-17T09:00,8.8,1.5,346,54
2025-09-17T10:00,11.6,0.2,180,40
2025-09-17T11:00,13.6,1.7,193,34
2025-09-17T12:00,15.1,3.6,221,29
2025-09-17T13:00,15.8,8.0,222,25
2025-09-17T14:00,15.8,10.6,219,24
2025-09-17T15:00,16.3,10.2,212,22
2025-09-17T16:00,16.2,4.7,137,21
2025-09-17T17:00,12.7,12.6,76,41
2025-09-17T18:00,9.3,4.6,101,62
2025-09-17T19:00,8.5,8.5,201,66
2025-09-17T20:00,7.6,9.8,218,60
2025-09-17T21:00,6.6,9.7,239,46
2025-09-17T22:00,5.6,8.9,236,35
2025-09-17T23:00,3.9,5.8,210,42
2025-09-18T00:00,3.0,7.8,189,49
2025-09-18T01:00,1.9,10.0,203,54
2025-09-18T02:00,1.0,10.3,223,56
2025-09-18T03:00,0.1,6.5,251,59
2025-09-18T04:00,-1.2,3.4,286,69
2025-09-18T05:00,-1.5,3.0,284,77
2025-09-18T06:00,-1.0,2.7,298,80
2025-09-18T07:00,3.2,2.3,321,63
2025-09-18T08:00,7.6,1.4,360,35
2025-09-18T09:00,10.7,2.2,351,24
2025-09-18T10:00,12.7,1.8,24,27
2025-09-18T11:00,14.7,1.7,72,26
2025-09-18T12:00,16.2,1.1,81,21
2025-09-18T13:00,17.2,1.3,188,18
2025-09-18T14:00,17.8,3.3,186,16
2025-09-18T15:00,17.6,5.2,139,17
2025-09-18T16:00,15.2,13.9,96,31
2025-09-18T17:00,12.3,16.5,77,34
2025-09-18T18:00,10.5,14.6,66,45
2025-09-18T19:00,9.8,9.8,55,49
2025-09-18T20:00,7.8,4.4,261,67
2025-09-18T21:00,7.5,10.4,200,56
2025-09-18T22:00,7.1,6.9,203,58
2025-09-18T23:00,5.6,6.1,208,64
2025-09-19T00:00,4.9,9.1,212,49
2025-09-19T01:00,4.1,8.3,213,44
2025-09-19T02:00,2.6,4.8,241,51
2025-09-19T03:00,1.5,3.7,305,62
2025-09-19T04:00,0.6,3.6,273,75
2025-09-19T05:00,-0.2,4.0,260,73
2025-09-19T06:00,0.0,2.9,274,70
2025-09-19T07:00,4.4,3.2,313,51
2025-09-19T08:00,9.3,3.1,277,30
2025-09-19T09:00,12.1,1.7,229,28
2025-09-19T10:00,14.4,0.7,76,25
2025-09-19T11:00,16.1,2.6,56,22
2025-09-19T12:00,17.4,3.8,95,20
2025-09-19T13:00,18.2,6.1,113,18
2025-09-19T14:00,18.5,8.6,123,17
2025-09-19T15:00,18.1,13.4,123,18
2025-09-19T16:00,15.9,18.7,107,24
2025-09-19T17:00,13.4,18.6,84,29
2025-09-19T18:00,11.3,17.8,84,43
2025-09-19T19:00,10.8,15.7,77,59
2025-09-19T20:00,9.5,5.9,250,62
2025-09-19T21:00,9.0,12.2,197,57
2025-09-19T22:00,8.3,9.1,194,67
2025-09-19T23:00,7.2,9.8,212,66
2025-09-20T00:00,6.3,11.0,215,36
2025-09-20T01:00,5.3,11.0,206,30
2025-09-20T02:00,4.2,6.3,215,35
2025-09-20T03:00,2.7,4.7,252,44
2025-09-20T04:00,1.5,4.1,268,54
2025-09-20T05:00,0.7,3.4,273,63
2025-09-20T06:00,1.1,2.6,295,69
2025-09-20T07:00,4.8,3.3,279,54
2025-09-20T08:00,9.6,4.5,247,32
2025-09-20T09:00,12.9,4.0,252,23
2025-09-20T10:00,15.3,2.8,230,16
2025-09-20T11:00,17.1,4.0,183,14
2025-09-20T12:00,18.6,4.4,171,13
2025-09-20T13:00,19.8,2.7,143,12
2025-09-20T14:00,19.9,5.4,86,13
2025-09-20T15:00,18.4,15.0,100,18
2025-09-20T16:00,16.2,19.9,86,16
2025-09-20T17:00,15.2,17.3,75,17
2025-09-20T18:00,13.1,10.1,63,24
2025-09-20T19:00,12.1,7.4,227,28
2025-09-20T20:00,11.2,10.3,182,20
2025-09-20T21:00,9.9,10.9,192,30
2025-09-20T22:00,8.6,11.9,211,25
2025-09-20T23:00,7.4,10.5,221,14
2025-09-21T00:00,6.1,9.5,219,17
2025-09-21T01:00,4.6,9.9,225,24
2025-09-21T02:00,3.4,8.9,242,30
2025-09-21T03:00,2.2,6.0,261,37
2025-09-21T04:00,0.6,3.1,291,45
2025-09-21T05:00,0.1,4.1,283,51
2025-09-21T06:00,0.6,5.7,279,48
2025-09-21T07:00,4.2,3.6,276,36
2025-09-21T08:00,9.8,4.5,236,20
2025-09-21T09:00,13.6,3.8,229,18
2025-09-21T10:00,15.9,2.3,212,9
2025-09-21T11:00,17.8,1.5,144,7
2025-09-21T12:00,19.2,3.0,205,7
2025-09-21T13:00,20.2,5.2,209,6
2025-09-21T14:00,20.3,5.8,182,5
2025-09-21T15:00,19.9,7.0,154,6
2025-09-21T16:00,18.5,12.1,94,8
2025-09-21T17:00,15.8,17.1,65,13
2025-09-21T18:00,13.0,7.7,65,22
2025-09-21T19:00,11.5,6.5,204,26
2025-09-21T20:00,10.5,11.2,204,25
2025-09-21T21:00,9.7,12.2,226,15
2025-09-21T22:00,8.6,13.6,210,8
2025-09-21T23:00,6.8,12.8,209,13
2025-09-22T00:00,4.6,11.0,221,19
2025-09-22T01:00,3.4,9.9,235,25
2025-09-22T02:00,2.2,6.1,247,29
2025-09-22T03:00,0.8,1.5,249,36
2025-09-22T04:00,-0.3,1.5,256,40
2025-09-22T05:00,-1.6,3.8,278,51
2025-09-22T06:00,-1.1,4.4,277,57
2025-09-22T07:00,3.0,5.3,282,44
2025-09-22T08:00,8.2,3.7,305,22
2025-09-22T09:00,12.6,3.2,326,15
2025-09-22T10:00,15.4,1.6,90,12
2025-09-22T11:00,17.3,5.2,104,9
2025-09-22T12:00,18.3,7.8,97,7
2025-09-22T13:00,19.0,9.3,106,6
2025-09-22T14:00,19.5,11.1,110,5
2025-09-22T15:00,19.3,11.7,101,4
2025-09-22T16:00,18.0,13.7,93,7
2025-09-22T17:00,15.8,15.2,97,15
2025-09-22T18:00,13.2,14.7,98,24
2025-09-22T19:00,11.7,18.0,93,41
2025-09-22T20:00,10.7,15.0,64,59
2025-09-22T21:00,8.7,4.0,39,65
2025-09-22T22:00,7.3,0.4,207,72
2025-09-22T23:00,5.7,2.6,219,82
2025-09-23T00:00,4.7,2.9,184,90
2025-09-23T01:00,4.1,3.1,211,94
2025-09-23T02:00,4.0,2.9,313,96
2025-09-23T03:00,4.3,4.7,320,96
2025-09-23T04:00,3.2,3.3,347,96
2025-09-23T05:00,2.3,3.8,3,96
2025-09-23T06:00,2.6,5.3,8,92
2025-09-23T07:00,6.0,5.1,4,69
2025-09-23T08:00,10.0,4.1,331,50
2025-09-23T09:00,12.9,2.6,335,37
2025-09-23T10:00,15.4,2.0,10,28
2025-09-23T11:00,17.6,1.4,67,21
2025-09-23T12:00,18.9,4.1,124,16
2025-09-23T13:00,19.8,8.2,144,13
2025-09-23T14:00,19.9,11.8,133,13
2025-09-23T15:00,19.2,15.6,112,14
2025-09-23T16:00,17.5,17.6,89,14
2025-09-23T17:00,14.7,21.3,79,30
2025-09-23T18:00,12.5,22.2,82,47
2025-09-23T19:00,11.9,19.0,72,58
2025-09-23T20:00,10.1,4.6,59,60
2025-09-23T21:00,9.1,10.0,232,64
2025-09-23T22:00,8.7,12.0,196,58
2025-09-23T23:00,7.7,5.2,180,59
2025-09-24T00:00,6.7,5.7,171,64
2025-09-24T01:00,5.4,4.2,190,72
2025-09-24T02:00,4.9,3.5,255,72
2025-09-24T03:00,4.5,4.8,259,69
2025-09-24T04:00,3.3,3.0,327,74
2025-09-24T05:00,2.7,4.1,360,83
2025-09-24T06:00,3.0,2.3,4,83
2025-09-24T07:00,7.3,1.4,67,62
2025-09-24T08:00,11.1,5.1,18,43
2025-09-24T09:00,13.7,8.6,26,30
2025-09-24T10:00,15.5,10.3,38,24
2025-09-24T11:00,17.1,10.8,66,21
2025-09-24T12:00,18.1,12.4,91,17
2025-09-24T13:00,18.0,15.4,73,19
2025-09-24T14:00,17.7,16.8,80,21
2025-09-24T15:00,16.8,20.2,87,25
2025-09-24T16:00,15.1,21.6,88,30
2025-09-24T17:00,13.4,20.0,94,35
2025-09-24T18:00,11.5,18.3,101,43
2025-09-24T19:00,10.4,17.0,100,53
2025-09-24T20:00,8.8,12.3,122,64
2025-09-24T21:00,7.8,10.5,131,70
2025-09-24T22:00,7.0,9.0,125,77
2025-09-24T23:00,6.2,5.9,133,84
2025-09-25T00:00,4.9,3.7,145,89
2025-09-25T01:00,4.3,0.2,270,90
2025-09-25T02:00,3.3,1.3,286,96
2025-09-25T03:00,2.6,1.2,321,100
2025-09-25T04:00,2.1,4.4,328,100
2025-09-25T05:00,1.8,6.2,316,100
2025-09-25T06:00,1.8,4.4,333,99
2025-09-25T07:00,3.6,3.6,340,95
2025-09-25T08:00,8.0,3.1,294,66
2025-09-25T09:00,11.2,3.5,39,46
2025-09-25T10:00,13.9,9.2,64,33
2025-09-25T11:00,14.6,11.8,77,29
2025-09-25T12:00,16.4,10.2,67,25
2025-09-25T13:00,16.5,13.5,71,26
2025-09-25T14:00,15.7,14.8,69,29
2025-09-25T15:00,15.5,15.5,75,29
2025-09-25T16:00,14.4,19.2,96,33
2025-09-25T17:00,12.5,17.2,84,45
2025-09-25T18:00,11.4,9.0,75,47
2025-09-25T19:00,9.0,7.5,44,67
2025-09-25T20:00,6.1,9.0,235,91
2025-09-25T21:00,6.3,6.2,188,84
2025-09-25T22:00,5.6,8.9,223,89
2025-09-25T23:00,4.7,5.4,214,95
2025-09-26T00:00,4.1,2.9,277,97
2025-09-26T01:00,4.4,3.4,302,96
2025-09-26T02:00,4.4,4.0,333,96
2025-09-26T03:00,4.3,3.7,317,97
2025-09-26T04:00,4.0,3.6,315,97
2025-09-26T05:00,3.1,3.8,3,98
2025-09-26T06:00,3.4,7.4,357,98
2025-09-26T07:00,6.8,7.3,335,77
2025-09-26T08:00,10.5,10.7,330,48
2025-09-26T09:00,12.6,10.9,6,40
2025-09-26T10:00,13.4,9.3,25,39
2025-09-26T11:00,14.9,6.8,25,36
2025-09-26T12:00,16.3,7.5,15,32
2025-09-26T13:00,17.1,10.4,14,30
2025-09-26T14:00,17.0,10.8,32,28
2025-09-26T15:00,14.5,13.0,71,35
2025-09-26T16:00,10.8,10.4,108,63
2025-09-26T17:00,8.2,13.2,248,73
2025-09-26T18:00,6.6,13.9,240,90
2025-09-26T19:00,6.1,13.4,252,89
2025-09-26T20:00,5.6,8.2,221,92
2025-09-26T21:00,4.5,6.1,240,96
2025-09-26T22:00,3.7,1.8,281,99
2025-09-26T23:00,3.8,2.2,318,96
2025-09-27T00:00,4.1,4.0,5,97
2025-09-27T01:00,4.0,4.6,21,97
2025-09-27T02:00,4.1,4.2,335,95
2025-09-27T03:00,4.0,6.0,331,97
2025-09-27T04:00,3.8,4.7,328,97
2025-09-27T05:00,3.5,4.7,317,98
2025-09-27T06:00,3.7,5.3,327,97
2025-09-27T07:00,5.8,8.1,332,83
2025-09-27T08:00,8.8,8.2,337,64
2025-09-27T09:00,11.4,4.3,355,51
2025-09-27T10:00,13.5,1.5,346,44
2025-09-27T11:00,15.2,0.8,315,41
2025-09-27T12:00,16.3,0.5,90,38
2025-09-27T13:00,17.0,3.0,197,34
2025-09-27T14:00,18.1,1.4,157,30
2025-09-27T15:00,16.0,14.7,123,33
2025-09-27T16:00,12.9,15.0,86,52
2025-09-27T17:00,8.4,4.9,276,74
2025-09-27T18:00,6.3,8.1,288,88
2025-09-27T19:00,6.9,11.8,287,92
2025-09-27T20:00,6.6,5.4,296,92
2025-09-27T21:00,6.2,0.3,135,95
2025-09-27T22:00,5.5,0.5,135,96
2025-09-27T23:00,4.7,2.0,135,98
2025-09-28T00:00,4.4,1.3,98,98
2025-09-28T01:00,4.3,3.7,14,99
2025-09-28T02:00,4.5,4.8,347,99
2025-09-28T03:00,4.1,4.2,324,99
2025-09-28T04:00,4.1,4.5,293,98
2025-09-28T05:00,4.1,6.4,280,98
2025-09-28T06:00,3.6,4.7,288,100
2025-09-28T07:00,5.9,2.6,286,92
2025-09-28T08:00,9.0,2.4,312,69
2025-09-28T09:00,11.3,5.6,353,54
2025-09-28T10:00,12.9,4.7,353,51
2025-09-28T11:00,14.2,4.3,358,46
2025-09-28T12:00,15.0,4.0,27,43
2025-09-28T13:00,15.3,2.4,27,42
2025-09-28T14:00,15.7,1.6,333,39
2025-09-28T15:00,12.1,20.2,125,59
2025-09-28T16:00,8.7,21.0,205,76
2025-09-28T17:00,7.3,8.9,151,85
2025-09-28T18:00,6.9,3.0,76,86
2025-09-28T19:00,6.3,7.6,43,90
2025-09-28T20:00,6.2,3.8,301,94
2025-09-28T21:00,5.3,7.5,280,97
2025-09-28T22:00,4.9,4.5,313,97
2025-09-28T23:00,4.5,5.1,328,98
2025-09-29T00:00,4.2,5.1,318,98
2025-09-29T01:00,4.1,5.8,340,96
2025-09-29T02:00,3.7,5.0,339,95
2025-09-29T03:00,3.4,6.4,335,96
2025-09-29T04:00,2.1,3.8,343,100
2025-09-29T05:00,2.2,4.0,309,100
2025-09-29T06:00,2.5,6.2,308,99
2025-09-29T07:00,3.7,5.2,326,94
2025-09-29T08:00,6.6,2.8,11,79
2025-09-29T09:00,10.1,2.7,42,60
2025-09-29T10:00,12.9,0.9,127,46
2025-09-29T11:00,14.0,0.4,153,40
2025-09-29T12:00,14.9,1.7,302,40
2025-09-29T13:00,16.2,1.8,217,38
2025-09-29T14:00,16.7,4.4,52,36
2025-09-29T15:00,14.3,14.5,104,42
2025-09-29T16:00,9.9,6.7,175,66
2025-09-29T17:00,6.4,8.9,318,88
2025-09-29T18:00,6.8,1.8,90,92
2025-09-29T19:00,6.5,3.0,287,96
2025-09-29T20:00,5.7,2.2,336,93
2025-09-29T21:00,5.5,3.8,335,95
2025-09-29T22:00,5.6,3.8,11,96
2025-09-29T23:00,5.1,3.3,6,98
2025-09-30T00:00,5.1,7.0,348,98
2025-09-30T01:00,4.7,7.4,334,97
2025-09-30T02:00,4.2,8.0,326,97
2025-09-30T03:00,3.8,8.0,340,97
2025-09-30T04:00,3.6,8.5,348,98
2025-09-30T05:00,3.3,7.2,346,98
2025-09-30T06:00,3.5,6.7,346,95
2025-09-30T07:00,5.0,6.8,335,86
2025-09-30T08:00,8.0,5.6,353,68
2025-09-30T09:00,10.2,8.1,24,57
2025-09-30T10:00,11.7,9.9,27,52
2025-09-30T11:00,13.0,8.9,28,49
2025-09-30T12:00,14.2,8.6,33,45
2025-09-30T13:00,15.5,7.7,28,41
2025-09-30T14:00,15.7,8.2,50,38
2025-09-30T15:00,13.0,10.3,295,47
2025-09-30T16:00,9.9,1.5,150,69
2025-09-30T17:00,10.4,2.7,270,62
2025-09-30T18:00,6.2,8.5,208,92
2025-09-30T19:00,6.0,4.5,83,94
2025-09-30T20:00,5.9,2.5,356,97
2025-09-30T21:00,5.7,0.7,90,97
2025-09-30T22:00,5.2,2.5,45,96
2025-09-30T23:00,5.6,1.9,34,95
2025-10-01T00:00,4.8,4.2,306,96
2025-10-01T01:00,5.2,3.2,218,94
2025-10-01T02:00,5.1,4.7,198,97
2025-10-01T03:00,4.8,2.5,135,98
2025-10-01T04:00,4.9,2.2,48,98
2025-10-01T05:00,5.1,2.8,40,93
2025-10-01T06:00,5.4,3.4,32,92
2025-10-01T07:00,6.3,7.0,350,88
2025-10-01T08:00,8.7,5.7,9,72
2025-10-01T09:00,10.7,4.0,8,60
2025-10-01T10:00,12.3,4.1,15,52
2025-10-01T11:00,13.6,2.2,9,46
2025-10-01T12:00,14.4,4.3,287,43
2025-10-01T13:00,15.0,2.1,322,40
2025-10-01T14:00,13.9,4.7,94,42
2025-10-01T15:00,12.1,16.7,69,50
2025-10-01T16:00,8.0,12.5,16,77
2025-10-01T17:00,7.5,4.7,270,83
2025-10-01T18:00,6.5,9.2,310,91
2025-10-01T19:00,6.3,7.6,195,87
2025-10-01T20:00,5.7,2.0,153,93
2025-10-01T21:00,6.0,4.6,111,92
2025-10-01T22:00,5.7,3.8,82,94
2025-10-01T23:00,4.4,1.0,315,98
2025-10-02T00:00,3.9,3.7,259,99
2025-10-02T01:00,4.6,3.6,243,98
2025-10-02T02:00,4.1,1.1,162,99
2025-10-02T03:00,2.9,2.4,279,100
2025-10-02T04:00,2.9,3.1,249,100
2025-10-02T05:00,2.8,1.8,246,100
2025-10-02T06:00,3.5,1.0,292,98
2025-10-02T07:00,5.7,2.6,335,93
2025-10-02T08:00,9.3,7.2,338,64
2025-10-02T09:00,11.8,6.5,354,46
2025-10-02T10:00,13.8,5.8,2,41
2025-10-02T11:00,15.1,3.7,337,38
2025-10-02T12:00,16.1,4.2,263,37
2025-10-02T13:00,15.4,7.9,273,33
2025-10-02T14:00,15.8,11.1,299,28
2025-10-02T15:00,14.5,3.8,251,31
2025-10-02T16:00,12.7,13.9,89,45
2025-10-02T17:00,11.2,19.5,60,54
2025-10-02T18:00,10.0,12.5,43,59
2025-10-02T19:00,6.5,12.5,207,86
2025-10-02T20:00,5.3,2.8,255,92
2025-10-02T21:00,4.5,3.1,249,94
2025-10-02T22:00,3.7,1.6,174,96
2025-10-02T23:00,3.1,3.8,139,99
2025-10-03T00:00,2.1,3.4,137,100
2025-10-03T01:00,2.5,0.5,225,99
2025-10-03T02:00,2.2,1.9,292,100
2025-10-03T03:00,1.5,2.8,297,100
2025-10-03T04:00,1.5,2.8,297,100
2025-10-03T05:00,1.6,2.9,317,99
2025-10-03T06:00,2.0,4.4,308,99
2025-10-03T07:00,3.1,4.1,272,95
2025-10-03T08:00,6.6,2.2,284,78
2025-10-03T09:00,10.3,1.9,331,58
2025-10-03T10:00,13.0,1.7,18,37
2025-10-03T11:00,14.9,1.1,342,28
2025-10-03T12:00,15.5,3.7,284,27
2025-10-03T13:00,15.4,5.3,303,27
2025-10-03T14:00,15.9,8.7,318,27
2025-10-03T15:00,15.8,11.4,339,25
2025-10-03T16:00,15.3,11.3,20,26
2025-10-03T17:00,13.1,12.7,57,37
2025-10-03T18:00,10.3,10.8,79,52
2025-10-03T19:00,9.3,7.4,276,57
2025-10-03T20:00,9.6,15.5,288,44
2025-10-03T21:00,8.1,8.4,317,46
2025-10-03T22:00,6.7,12.9,221,47
2025-10-03T23:00,5.5,9.3,207,60
2025-10-04T00:00,3.7,5.2,245,59
2025-10-04T01:00,2.9,9.2,225,54
2025-10-04T02:00,1.6,6.2,229,56
2025-10-04T03:00,0.3,4.5,254,58
2025-10-04T04:00,-0.6,3.4,295,66
2025-10-04T05:00,-1.3,3.7,309,81
2025-10-04T06:00,-0.3,6.0,314,86
2025-10-04T07:00,4.5,3.3,299,59
2025-10-04T08:00,8.8,3.1,298,43
2025-10-04T09:00,11.7,2.2,270,29
2025-10-04T10:00,13.8,3.1,204,21
2025-10-04T11:00,15.5,3.6,171,19
2025-10-04T12:00,16.8,3.9,156,18
2025-10-04T13:00,17.5,3.2,153,18
2025-10-04T14:00,17.9,5.2,166,18
2025-10-04T15:00,17.0,10.8,105,21
2025-10-04T16:00,14.1,20.9,83,35
2025-10-04T17:00,13.1,18.5,75,36
2025-10-04T18:00,10.7,11.7,56,49
2025-10-04T19:00,9.7,4.4,232,48
2025-10-04T20:00,8.5,13.7,198,57
2025-10-04T21:00,8.2,12.3,183,67
2025-10-04T22:00,6.9,9.8,212,66
2025-10-04T23:00,5.7,8.3,194,54
2025-10-05T00:00,4.7,11.0,194,49
2025-10-05T01:00,4.1,11.5,209,45
2025-10-05T02:00,2.8,7.5,222,52
2025-10-05T03:00,0.9,4.7,263,63
2025-10-05T04:00,0.0,3.7,281,74
2025-10-05T05:00,-0.6,3.8,270,80
2025-10-05T06:00,0.9,4.5,263,77
2025-10-05T07:00,5.4,3.8,259,56
2025-10-05T08:00,10.1,4.3,246,34
2025-10-05T09:00,12.8,3.2,254,25
2025-10-05T10:00,14.8,1.7,238,21
2025-10-05T11:00,16.2,2.3,198,19
2025-10-05T12:00,17.1,4.0,190,18
2025-10-05T13:00,17.5,6.7,156,17
2025-10-05T14:00,18.2,9.5,111,18
2025-10-05T15:00,16.9,17.0,84,23
2025-10-05T16:00,15.2,20.0,82,23
2025-10-05T17:00,13.6,15.3,70,23
2025-10-05T18:00,10.9,10.1,63,34
2025-10-05T19:00,10.3,8.2,68,47
2025-10-05T20:00,8.1,1.7,257,58
2025-10-05T21:00,8.0,13.7,218,48
2025-10-05T22:00,7.6,9.8,210,48
2025-10-05T23:00,5.8,7.6,223,55
2025-10-06T00:00,4.3,5.9,227,53
2025-10-06T01:00,3.7,5.0,199,53
2025-10-06T02:00,2.9,5.9,211,58
2025-10-06T03:00,2.4,8.2,221,62
2025-10-06T04:00,1.0,3.3,248,67
2025-10-06T05:00,0.3,2.4,306,74
2025-10-06T06:00,1.3,5.4,296,78
2025-10-06T07:00,5.3,4.3,298,66
2025-10-06T08:00,10.1,3.1,294,42
2025-10-06T09:00,13.1,2.5,330,30
2025-10-06T10:00,15.2,2.4,48,30
2025-10-06T11:00,16.5,3.6,72,27
2025-10-06T12:00,17.3,8.3,76,26
2025-10-06T13:00,16.7,10.6,94,26
2025-10-06T14:00,17.2,12.5,96,25
2025-10-06T15:00,16.6,14.1,93,27
2025-10-06T16:00,15.0,14.8,85,31
2025-10-06T17:00,13.1,14.6,86,41
2025-10-06T18:00,11.0,12.4,92,57
2025-10-06T19:00,10.0,10.4,98,65
2025-10-06T20:00,9.2,6.0,100,69
2025-10-06T21:00,7.1,3.0,213,83
2025-10-06T22:00,6.7,8.7,222,89
2025-10-06T23:00,6.3,9.5,231,96
2025-10-07T00:00,6.1,5.2,256,95
2025-10-07T01:00,3.9,6.0,249,84
2025-10-07T02:00,3.7,3.3,292,90
2025-10-07T03:00,4.2,4.9,321,87
2025-10-07T04:00,3.3,1.3,34,90
2025-10-07T05:00,2.1,3.1,13,95
2025-10-07T06:00,3.2,3.9,347,94
2025-10-07T07:00,7.2,2.5,360,73
2025-10-07T08:00,10.2,5.4,345,58
2025-10-07T09:00,12.6,4.0,302,48
2025-10-07T10:00,14.6,1.8,294,39
2025-10-07T11:00,16.0,2.2,355,33
2025-10-07T12:00,16.9,4.2,317,31
2025-10-07T13:00,16.4,2.5,21,28
2025-10-07T14:00,16.7,4.9,356,28
2025-10-07T15:00,15.3,6.0,280,39
2025-10-07T16:00,8.5,20.6,334,76
2025-10-07T17:00,8.8,16.6,60,66
2025-10-07T18:00,9.2,14.1,37,71
2025-10-07T19:00,8.1,8.9,32,82
2025-10-07T20:00,8.1,11.6,325,80
2025-10-07T21:00,8.0,12.1,349,77
2025-10-07T22:00,6.9,11.3,352,80
2025-10-07T23:00,6.5,9.8,328,81
2025-10-08T00:00,6.0,8.9,306,85
2025-10-08T01:00,5.7,6.0,339,89
2025-10-08T02:00,5.0,5.0,341,93
2025-10-08T03:00,4.4,3.6,333,96
2025-10-08T04:00,4.1,5.0,334,98
2025-10-08T05:00,3.4,3.9,338,98
2025-10-08T06:00,4.0,6.5,309,98
2025-10-08T07:00,7.0,2.7,298,84
2025-10-08T08:00,10.4,5.9,348,59
2025-10-08T09:00,12.7,5.7,342,43
2025-10-08T10:00,14.1,3.8,357,41
2025-10-08T11:00,15.5,3.2,360,38
2025-10-08T12:00,16.3,2.3,356,36
2025-10-08T13:00,16.0,2.6,51,34
2025-10-08T14:00,16.7,5.0,52,32
2025-10-08T15:00,11.8,21.1,70,56
2025-10-08T16:00,10.2,21.0,10,62
2025-10-08T17:00,8.9,16.2,347,70
2025-10-08T18:00,7.1,15.4,300,86
2025-10-08T19:00,7.3,9.3,283,91
2025-10-08T20:00,7.2,9.8,324,93
2025-10-08T21:00,6.9,8.6,360,92
2025-10-08T22:00,6.9,7.9,344,94
2025-10-08T23:00,6.4,10.4,332,92
2025-10-09T00:00,5.5,10.7,337,94
2025-10-09T01:00,4.9,7.2,325,92
2025-10-09T02:00,5.1,5.7,311,90
2025-10-09T03:00,5.2,5.8,324,89
2025-10-09T04:00,5.3,5.9,325,88
2025-10-09T05:00,5.1,5.0,322,88
2025-10-09T06:00,5.1,5.2,338,86
2025-10-09T07:00,6.8,6.7,336,82
2025-10-09T08:00,9.8,7.5,314,59
2025-10-09T09:00,11.6,6.8,323,48
2025-10-09T10:00,13.1,8.9,333,40
2025-10-09T11:00,14.0,9.0,334,38
2025-10-09T12:00,14.3,7.2,323,36
2025-10-09T13:00,15.1,6.1,330,35
2025-10-09T14:00,16.8,3.6,319,33
2025-10-09T15:00,14.8,10.4,135,40
2025-10-09T16:00,11.6,17.8,84,49
2025-10-09T17:00,9.5,23.1,58,68
2025-10-09T18:00,7.2,15.9,340,81
2025-10-09T19:00,6.7,11.5,279,85
2025-10-09T20:00,6.1,8.7,153,92
2025-10-09T21:00,6.1,4.0,185,91
2025-10-09T22:00,6.3,5.3,204,89
2025-10-09T23:00,5.5,2.6,258,96
2025-10-10T00:00,5.2,1.5,201,98
2025-10-10T01:00,5.7,5.1,207,97
2025-10-10T02:00,5.5,3.8,149,98
2025-10-10T03:00,4.5,1.1,81,99
2025-10-10T04:00,4.3,0.6,34,100
2025-10-10T05:00,3.5,0.4,333,100
2025-10-10T06:00,4.8,1.0,329,98
2025-10-10T07:00,4.9,5.8,176,95
2025-10-10T08:00,8.3,5.8,164,69
2025-10-10T09:00,10.3,5.9,140,56
2025-10-10T10:00,12.3,7.1,99,51
2025-10-10T11:00,12.6,11.2,84,51
2025-10-10T12:00,9.4,13.5,99,67
2025-10-10T13:00,13.6,11.8,102,44
2025-10-10T14:00,14.2,8.2,112,43
2025-10-10T15:00,14.5,6.6,131,41
2025-10-10T16:00,13.1,13.9,115,47
2025-10-10T17:00,11.0,13.0,92,53
2025-10-10T18:00,9.1,11.3,90,67
2025-10-10T19:00,5.7,7.8,262,95
2025-10-10T20:00,5.0,5.9,243,95
2025-10-10T21:00,4.4,5.8,196,94
2025-10-10T22:00,4.1,6.8,168,95
2025-10-10T23:00,3.1,1.4,140,99
2025-10-11T00:00,3.1,0.7,14,100
2025-10-11T01:00,2.7,1.5,300,99
2025-10-11T02:00,2.7,1.0,315,99
2025-10-11T03:00,2.4,5.2,268,99
2025-10-11T04:00,1.7,5.7,302,100
2025-10-11T05:00,1.0,4.0,352,100
2025-10-11T06:00,1.7,4.7,317,100
2025-10-11T07:00,3.2,4.4,279,100
2025-10-11T08:00,6.7,4.7,313,80
2025-10-11T09:00,10.5,4.5,320,54
2025-10-11T10:00,13.0,0.9,37,37
2025-10-11T11:00,14.3,3.2,87,34
2025-10-11T12:00,15.5,4.2,102,29
2025-10-11T13:00,15.4,5.3,118,28
2025-10-11T14:00,16.5,3.8,59,26
2025-10-11T15:00,15.8,10.8,44,27
2025-10-11T16:00,15.1,14.5,55,28
2025-10-11T17:00,12.2,16.4,66,38
2025-10-11T18:00,9.8,13.1,67,53
2025-10-11T19:00,9.2,10.9,40,56
2025-10-11T20:00,7.0,4.7,272,69
2025-10-11T21:00,6.8,6.6,229,69
2025-10-11T22:00,6.7,12.8,251,65
2025-10-11T23:00,6.4,13.4,231,50
2025-10-12T00:00,5.4,13.9,223,55
2025-10-12T01:00,4.5,12.7,225,60
2025-10-12T02:00,3.5,9.8,232,68
2025-10-12T03:00,1.8,6.3,263,79
2025-10-12T04:00,0.0,3.9,304,94
2025-10-12T05:00,-0.7,4.7,320,100
2025-10-12T06:00,-0.5,4.3,338,99
2025-10-12T07:00,4.0,3.4,288,81
2025-10-12T08:00,9.2,3.4,302,55
2025-10-12T09:00,12.5,5.5,314,43
2025-10-12T10:00,14.8,4.0,309,36
2025-10-12T11:00,16.5,3.7,101,30
2025-10-12T12:00,17.6,9.9,102,26
2025-10-12T13:00,16.9,17.5,86,24
2025-10-12T14:00,17.0,18.9,82,24
2025-10-12T15:00,16.8,17.2,83,25
2025-10-12T16:00,15.4,17.0,109,30
2025-10-12T17:00,13.4,17.3,118,42
2025-10-12T18:00,10.8,14.9,127,53
2025-10-12T19:00,9.6,15.9,115,64
2025-10-12T20:00,8.6,12.2,98,81
2025-10-12T21:00,7.0,0.9,307,84
2025-10-12T22:00,5.9,8.7,253,89
2025-10-12T23:00,5.2,7.9,221,86
2025-10-13T00:00,4.8,6.4,218,83
2025-10-13T01:00,4.5,7.4,227,79
2025-10-13T02:00,3.0,6.1,236,76
2025-10-13T03:00,1.7,4.5,265,80
2025-10-13T04:00,0.5,3.1,298,92
2025-10-13T05:00,0.3,4.0,328,99
2025-10-13T06:00,1.0,4.2,317,96
2025-10-13T07:00,3.7,3.1,280,90
2025-10-13T08:00,9.4,3.3,264,59
2025-10-13T09:00,12.7,3.8,301,40
2025-10-13T10:00,14.7,3.2,322,33
2025-10-13T11:00,16.4,1.2,51,28
2025-10-13T12:00,17.5,4.7,113,25
2025-10-13T13:00,17.2,9.6,103,24
2025-10-13T14:00,17.5,14.2,89,20
2025-10-13T15:00,16.5,16.9,83,23
2025-10-13T16:00,14.0,18.3,80,38
2025-10-13T17:00,13.0,17.3,79,43
2025-10-13T18:00,11.5,12.3,85,52
2025-10-13T19:00,10.2,6.7,344,60
2025-10-13T20:00,7.4,11.7,3,78
2025-10-13T21:00,5.7,5.3,288,91
2025-10-13T22:00,5.8,11.0,242,94
2025-10-13T23:00,5.7,6.7,246,93
2025-10-14T00:00,4.8,7.7,189,96
2025-10-14T01:00,3.9,2.1,105,99
2025-10-14T02:00,2.6,2.3,4,100
2025-10-14T03:00,2.2,4.2,7,100
2025-10-14T04:00,1.9,2.6,348,99
2025-10-14T05:00,2.3,4.5,304,99
2025-10-14T06:00,2.9,4.7,298,98
2025-10-14T07:00,4.7,3.4,295,95
2025-10-14T08:00,8.4,5.8,344,72
2025-10-14T09:00,10.8,5.3,350,59
2025-10-14T10:00,12.7,4.9,352,50
2025-10-14T11:00,14.8,7.1,9,38
2025-10-14T12:00,16.6,10.8,1,31
2025-10-14T13:00,16.9,10.5,17,32
2025-10-14T14:00,15.8,13.9,359,34
2025-10-14T15:00,13.9,6.2,69,45
2025-10-14T16:00,9.6,17.5,81,67
2025-10-14T17:00,10.5,7.3,205,62
2025-10-14T18:00,7.1,16.0,213,82
2025-10-14T19:00,7.6,13.2,217,78
2025-10-14T20:00,7.0,14.7,247,83
2025-10-14T21:00,7.2,10.6,231,79
2025-10-14T22:00,6.0,4.3,73,88
2025-10-14T23:00,4.8,3.6,45,98
2025-10-15T00:00,5.7,9.2,281,96
2025-10-15T01:00,5.0,4.6,339,97
2025-10-15T02:00,3.8,8.5,7,98
2025-10-15T03:00,4.1,6.5,326,96
2025-10-15T04:00,4.3,5.4,326,95
2025-10-15T05:00,4.4,4.8,326,93
2025-10-15T06:00,3.8,6.8,325,95
2025-10-15T07:00,5.8,5.6,207,87
2025-10-15T08:00,7.3,3.0,218,76
2025-10-15T09:00,8.6,1.4,203,70
2025-10-15T10:00,11.1,1.1,261,58
2025-10-15T11:00,13.1,2.0,280,48
2025-10-15T12:00,14.7,0.6,304,43
2025-10-15T13:00,14.2,5.2,76,42
2025-10-15T14:00,15.3,8.3,84,38
2025-10-15T15:00,13.0,15.4,49,46
2025-10-15T16:00,13.5,10.6,55,39
2025-10-15T17:00,12.0,10.7,67,49
2025-10-15T18:00,9.0,3.9,133,68
2025-10-15T19:00,8.8,7.4,129,70
2025-10-15T20:00,7.7,8.4,155,80
2025-10-15T21:00,7.0,7.1,190,86
2025-10-15T22:00,6.0,8.4,222,92
2025-10-15T23:00,5.4,9.8,197,95
2025-10-16T00:00,4.9,9.9,275,95
2025-10-16T01:00,5.1,9.1,260,88
2025-10-16T02:00,4.6,5.0,285,90
2025-10-16T03:00,3.7,5.0,322,93
2025-10-16T04:00,2.4,3.6,354,98
2025-10-16T05:00,1.7,3.0,14,100
2025-10-16T06:00,2.7,5.2,4,98
2025-10-16T07:00,7.0,5.1,18,78
2025-10-16T08:00,9.9,4.1,2,57
2025-10-16T09:00,12.0,6.2,12,47
2025-10-16T10:00,14.4,8.1,32,36
2025-10-16T11:00,16.1,9.4,55,29
2025-10-16T12:00,16.9,10.1,66,28
2025-10-16T13:00,16.1,11.2,85,33
2025-10-16T14:00,16.5,11.8,102,33
2025-10-16T15:00,14.8,12.8,70,36
2025-10-16T16:00,13.6,16.2,90,43
2025-10-16T17:00,11.9,10.2,111,54
2025-10-16T18:00,10.5,2.5,225,63
2025-10-16T19:00,9.0,2.8,40,73
2025-10-16T20:00,7.0,18.9,232,87
2025-10-16T21:00,6.2,7.6,214,82
2025-10-16T22:00,5.4,9.1,234,90
2025-10-16T23:00,5.3,2.8,255,91
2025-10-17T00:00,5.0,0.7,256,92
2025-10-17T01:00,5.2,3.7,191,94
2025-10-17T02:00,3.5,2.7,203,99
2025-10-17T03:00,4.1,0.8,135,99
2025-10-17T04:00,5.1,3.8,311,97
2025-10-17T05:00,4.7,2.0,270,97
2025-10-17T06:00,5.9,5.3,305,89
2025-10-17T07:00,6.5,1.5,126,89
2025-10-17T08:00,7.6,1.7,108,79
2025-10-17T09:00,9.1,1.3,82,69
2025-10-17T10:00,12.0,2.0,90,55
2025-10-17T11:00,14.6,4.0,80,48
2025-10-17T12:00,15.5,4.7,67,45
2025-10-17T13:00,14.9,6.5,90,45
2025-10-17T14:00,16.1,5.4,88,41
2025-10-17T15:00,16.1,5.6,86,37
2025-10-17T16:00,14.0,10.5,85,45
2025-10-17T17:00,7.7,22.1,225,87
2025-10-17T18:00,7.2,10.4,293,93
2025-10-17T19:00,7.7,7.1,223,88
2025-10-17T20:00,7.4,6.9,231,91
2025-10-17T21:00,6.9,4.2,275,94
2025-10-17T22:00,6.2,0.2,90,91
2025-10-17T23:00,6.5,1.5,346,93
2025-10-18T00:00,6.3,3.2,326,96
2025-10-18T01:00,6.1,4.3,336,97
2025-10-18T02:00,6.0,3.6,18,94
2025-10-18T03:00,5.9,5.2,2,95
2025-10-18T04:00,5.5,4.3,22,97
2025-10-18T05:00,5.3,4.8,22,97
2025-10-18T06:00,5.5,7.6,352,95
2025-10-18T07:00,6.0,9.3,336,91
2025-10-18T08:00,9.1,5.4,354,68
2025-10-18T09:00,11.2,4.4,32,57
2025-10-18T10:00,12.9,5.8,56,52
2025-10-18T11:00,14.3,3.2,19,48
2025-10-18T12:00,16.3,0.6,146,43
2025-10-18T13:00,16.2,7.4,112,40
2025-10-18T14:00,17.3,12.0,107,37
2025-10-18T15:00,12.9,19.5,49,49
2025-10-18T16:00,12.9,10.5,37,50
2025-10-18T17:00,11.8,6.9,346,55
2025-10-18T18:00,9.1,5.1,172,74
2025-10-18T19:00,7.3,11.8,236,82
2025-10-18T20:00,6.6,7.3,157,90
2025-10-18T21:00,5.9,3.8,205,97
2025-10-18T22:00,5.9,3.6,139,95
2025-10-18T23:00,4.3,5.5,54,99
2025-10-19T00:00,4.4,5.7,11,99
2025-10-19T01:00,5.1,9.0,10,94
2025-10-19T02:00,4.5,8.5,18,96
2025-10-19T03:00,4.2,8.3,14,95
2025-10-19T04:00,4.2,6.8,3,96
2025-10-19T05:00,4.2,4.3,358,94
2025-10-19T06:00,4.9,4.5,344,90
2025-10-19T07:00,6.4,5.7,217,85
2025-10-19T08:00,9.2,3.8,211,65
2025-10-19T09:00,11.8,3.8,161,51
2025-10-19T10:00,13.3,6.2,144,43
2025-10-19T11:00,15.1,8.5,134,42
2025-10-19T12:00,15.9,8.2,123,40
2025-10-19T13:00,15.0,12.3,124,41
2025-10-19T14:00,15.5,10.7,103,43
2025-10-19T15:00,12.8,14.3,115,56
2025-10-19T16:00,12.9,15.9,117,47
2025-10-19T17:00,11.4,7.2,152,54
2025-10-19T18:00,8.9,5.0,224,76
2025-10-19T19:00,6.9,6.4,352,87
2025-10-19T20:00,6.5,8.1,238,94
2025-10-19T21:00,5.6,1.4,320,93
2025-10-19T22:00,4.7,0.4,27,97
2025-10-19T23:00,3.9,3.2,27,99
2025-10-20T00:00,3.5,2.9,22,100
2025-10-20T01:00,2.7,4.8,338,100
2025-10-20T02:00,2.4,3.1,360,100
2025-10-20T03:00,2.4,3.6,319,99
2025-10-20T04:00,2.3,3.7,337,100
2025-10-20T05:00,2.3,4.5,2,99
2025-10-20T06:00,2.7,5.4,2,98
2025-10-20T07:00,4.1,5.6,331,96
2025-10-20T08:00,7.9,4.6,329,76
2025-10-20T09:00,11.4,2.3,337,57
2025-10-20T10:00,13.4,1.8,79,45
2025-10-20T11:00,14.8,4.2,83,38
2025-10-20T12:00,16.2,4.0,90,33
2025-10-20T13:00,16.4,7.4,116,28
2025-10-20T14:00,16.9,10.5,107,26
2025-10-20T15:00,16.2,13.6,101,27
2025-10-20T16:00,14.4,15.1,92,32
2025-10-20T17:00,12.9,16.0,98,43
2025-10-20T18:00,10.7,10.9,99,58
2025-10-20T19:00,9.8,11.2,93,64
2025-10-20T20:00,7.7,4.2,115,80
2025-10-20T21:00,7.0,5.5,226,85
2025-10-20T22:00,6.4,10.9,214,86
2025-10-20T23:00,6.1,5.4,220,88
2025-10-21T00:00,5.4,5.4,249,87
2025-10-21T01:00,5.1,4.8,243,82
2025-10-21T02:00,3.9,2.2,256,82
2025-10-21T03:00,3.0,1.1,288,85
2025-10-21T04:00,1.6,2.6,321,93
2025-10-21T05:00,1.0,3.8,343,100
2025-10-21T06:00,2.5,4.3,358,98
2025-10-21T07:00,7.6,0.5,90,72
2025-10-21T08:00,11.5,0.6,18,56
2025-10-21T09:00,13.6,2.3,331,46
2025-10-21T10:00,15.5,2.7,340,34
2025-10-21T11:00,17.2,2.5,352,27
2025-10-21T12:00,18.2,2.5,82,25
2025-10-21T13:00,18.0,7.9,125,27
2025-10-21T14:00,18.5,10.3,105,26
2025-10-21T15:00,17.3,15.9,87,24
2025-10-21T16:00,15.5,16.2,98,25
2025-10-21T17:00,13.4,17.5,111,42
2025-10-21T18:00,11.3,12.8,182,58
2025-10-21T19:00,10.8,4.1,195,59
2025-10-21T20:00,8.7,2.2,180,72
2025-10-21T21:00,7.5,0.7,194,78
2025-10-21T22:00,7.1,6.2,195,86
2025-10-21T23:00,6.0,6.2,218,90
2025-10-22T00:00,5.0,5.2,229,93
2025-10-22T01:00,5.3,8.2,206,92
2025-10-22T02:00,4.6,6.9,205,91
2025-10-22T03:00,3.4,5.1,198,89
2025-10-22T04:00,2.7,5.4,188,88
2025-10-22T05:00,2.1,5.2,196,90
2025-10-22T06:00,3.8,3.2,243,85
2025-10-22T07:00,6.4,4.8,56,81
2025-10-22T08:00,10.1,7.6,47,64
2025-10-22T09:00,13.1,8.8,51,43
2025-10-22T10:00,14.6,11.2,62,37
2025-10-22T11:00,16.1,12.4,77,31
2025-10-22T12:00,17.0,13.7,89,27
2025-10-22T13:00,16.2,15.8,97,28
2025-10-22T14:00,16.9,13.6,98,27
2025-10-22T15:00,15.8,19.6,109,30
2025-10-22T16:00,14.9,20.3,113,35
2025-10-22T17:00,12.7,20.2,122,45
2025-10-22T18:00,11.2,16.5,142,53
2025-10-22T19:00,10.5,8.5,178,56
2025-10-22T20:00,9.1,6.4,209,68
2025-10-22T21:00,8.0,8.6,219,78
2025-10-22T22:00,7.0,8.6,210,83
2025-10-22T23:00,6.4,7.3,203,83
2025-10-23T00:00,5.6,6.8,217,88
2025-10-23T01:00,5.1,6.5,210,92
2025-10-23T02:00,3.8,3.9,236,95
2025-10-23T03:00,3.3,3.9,236,95
2025-10-23T04:00,2.6,2.9,266,97
2025-10-23T05:00,1.9,2.8,325,100
2025-10-23T06:00,3.6,3.9,323,98
2025-10-23T07:00,7.5,4.1,268,71
2025-10-23T08:00,10.6,4.0,252,59
2025-10-23T09:00,12.9,5.2,311,44
2025-10-23T10:00,14.6,6.5,326,36
2025-10-23T11:00,16.5,6.6,344,27
2025-10-23T12:00,17.7,8.3,355,20
2025-10-23T13:00,17.7,4.7,47,20
2025-10-23T14:00,19.0,3.9,68,19
2025-10-23T15:00,17.9,13.1,98,23
2025-10-23T16:00,14.8,19.6,101,33
2025-10-23T17:00,13.7,18.0,98,39
2025-10-23T18:00,11.4,10.8,114,56
2025-10-23T19:00,8.6,18.7,232,72
2025-10-23T20:00,4.9,5.2,319,94
2025-10-23T21:00,5.7,1.5,166,92
2025-10-23T22:00,5.3,9.8,347,97
2025-10-23T23:00,4.7,4.5,323,95
2025-10-24T00:00,4.5,6.1,328,96
2025-10-24T01:00,4.4,5.1,354,98
2025-10-24T02:00,3.9,1.5,339,98
2025-10-24T03:00,3.7,1.7,311,98
2025-10-24T04:00,3.3,1.6,360,99
2025-10-24T05:00,3.0,1.1,18,100
2025-10-24T06:00,4.7,2.5,315,97
2025-10-24T07:00,7.4,3.0,245,84
2025-10-24T08:00,10.5,1.5,249,63
2025-10-24T09:00,13.0,1.3,34,51
2025-10-24T10:00,14.7,1.3,16,46
2025-10-24T11:00,16.3,1.5,339,39
2025-10-24T12:00,17.2,1.7,302,36
2025-10-24T13:00,17.9,2.3,288,33
2025-10-24T14:00,18.4,1.1,99,31
2025-10-24T15:00,13.5,15.7,84,54
2025-10-24T16:00,10.0,6.2,105,71
2025-10-24T17:00,9.2,1.5,240,76
2025-10-24T18:00,8.3,8.4,310,82
2025-10-24T19:00,8.1,8.7,142,87
2025-10-24T20:00,7.4,4.1,229,93
2025-10-24T21:00,6.9,6.1,265,95
2025-10-24T22:00,6.4,4.3,265,95
2025-10-24T23:00,6.0,3.3,315,96
2025-10-25T00:00,6.0,5.1,6,97
2025-10-25T01:00,5.9,4.3,343,95
2025-10-25T02:00,4.9,3.7,337,96
2025-10-25T03:00,4.6,2.3,356,96
2025-10-25T04:00,4.2,3.8,315,98
2025-10-25T05:00,4.7,7.1,319,96
2025-10-25T06:00,5.3,6.9,329,95
2025-10-25T07:00,7.1,3.7,281,88
2025-10-25T08:00,10.4,2.7,278,69
2025-10-25T09:00,13.5,1.9,311,44
2025-10-25T10:00,15.5,0.7,360,35
2025-10-25T11:00,16.9,0.7,270,30
2025-10-25T12:00,18.0,4.6,231,28
2025-10-25T13:00,17.8,2.7,200,28
2025-10-25T14:00,19.3,3.6,217,25
2025-10-25T15:00,15.1,21.6,63,39
2025-10-25T16:00,12.8,10.5,22,48
2025-10-25T17:00,10.2,12.7,339,75
2025-10-25T18:00,9.2,9.3,255,74
2025-10-25T19:00,8.1,5.9,243,77
2025-10-25T20:00,6.9,10.2,170,87
2025-10-25T21:00,6.7,7.5,80,91
2025-10-25T22:00,5.9,2.6,65,95
2025-10-25T23:00,4.7,0.4,153,99
2025-10-26T00:00,3.9,2.3,157,100
2025-10-26T01:00,3.7,1.0,248,100
2025-10-26T02:00,3.6,3.2,254,99
2025-10-26T03:00,4.5,3.8,251,99
2025-10-26T04:00,4.6,4.1,268,97
2025-10-26T05:00,4.6,4.7,272,95
2025-10-26T06:00,4.7,5.0,308,94
2025-10-26T07:00,6.8,1.8,294,84
2025-10-26T08:00,9.6,0.4,360,71
2025-10-26T09:00,12.4,1.9,311,52
2025-10-26T10:00,14.4,5.0,300,45
2025-10-26T11:00,16.4,6.1,300,39
2025-10-26T12:00,16.9,6.6,287,36
2025-10-26T13:00,13.8,18.0,272,47
2025-10-26T14:00,14.1,13.0,349,46
2025-10-26T15:00,13.5,6.7,301,51
2025-10-26T16:00,14.1,9.3,43,45
2025-10-26T17:00,8.8,3.5,336,75
2025-10-26T18:00,9.4,16.0,357,78
2025-10-26T19:00,8.5,14.8,338,71
2025-10-26T20:00,7.7,15.4,328,73
2025-10-26T21:00,6.5,7.7,295,81
2025-10-26T22:00,4.6,3.7,305,90
2025-10-26T23:00,4.0,1.7,302,92
2025-10-27T00:00,3.5,0.6,34,92
2025-10-27T01:00,5.1,8.0,226,58
2025-10-27T02:00,3.5,5.9,239,67
2025-10-27T03:00,2.3,4.9,266,75
2025-10-27T04:00,1.5,5.5,297,86
2025-10-27T05:00,0.8,4.5,307,94
2025-10-27T06:00,2.5,4.2,250,91
2025-10-27T07:00,4.7,3.8,301,85
2025-10-27T08:00,9.6,4.5,313,53
2025-10-27T09:00,12.2,4.6,347,45
2025-10-27T10:00,13.8,5.2,329,40
2025-10-27T11:00,15.6,5.5,324,37
2025-10-27T12:00,16.9,5.7,311,34
2025-10-27T13:00,16.6,5.2,241,33
2025-10-27T14:00,17.7,6.8,228,29
2025-10-27T15:00,17.4,10.9,224,25
2025-10-27T16:00,17.7,9.9,272,19
2025-10-27T17:00,15.0,5.6,213,26
2025-10-27T18:00,10.6,5.7,58,62
2025-10-27T19:00,9.2,11.8,9,73
2025-10-27T20:00,8.7,11.7,306,68
2025-10-27T21:00,8.1,14.5,225,62
2025-10-27T22:00,7.0,11.8,214,63
2025-10-27T23:00,6.9,14.8,226,55
2025-10-28T00:00,6.3,11.5,205,57
2025-10-28T01:00,5.8,12.0,219,47
2025-10-28T02:00,4.6,9.8,229,53
2025-10-28T03:00,3.6,6.9,240,60
2025-10-28T04:00,3.2,5.9,239,63
2025-10-28T05:00,2.6,5.4,244,67
2025-10-28T06:00,3.6,6.7,254,66
2025-10-28T07:00,7.6,7.3,240,51
2025-10-28T08:00,10.6,4.9,274,37
2025-10-28T09:00,12.6,4.0,328,33
2025-10-28T10:00,14.5,2.2,318,32
2025-10-28T11:00,15.3,7.2,338,31
2025-10-28T12:00,17.3,7.0,342,28
2025-10-28T13:00,17.3,4.3,336,27
2025-10-28T14:00,17.9,6.0,335,26
2025-10-28T15:00,17.6,6.4,310,25
2025-10-28T16:00,16.0,3.8,161,27
2025-10-28T17:00,14.2,12.3,69,40
2025-10-28T18:00,11.2,9.1,122,57
2025-10-28T19:00,9.3,6.5,222,69
2025-10-28T20:00,7.2,3.3,189,89
2025-10-28T21:00,7.0,12.5,159,90
2025-10-28T22:00,6.0,8.1,185,93
2025-10-28T23:00,5.9,8.3,162,93
2025-10-29T00:00,6.1,8.3,181,93
2025-10-29T01:00,5.3,7.4,212,87
2025-10-29T02:00,4.1,6.0,213,82
2025-10-29T03:00,2.5,4.8,225,81
2025-10-29T04:00,1.4,4.0,265,81
2025-10-29T05:00,1.0,4.6,244,82
2025-10-29T06:00,2.6,6.3,257,74
2025-10-29T07:00,6.7,4.7,261,51
2025-10-29T08:00,10.1,4.9,266,38
2025-10-29T09:00,12.5,4.6,309,37
2025-10-29T10:00,14.7,5.3,327,35
2025-10-29T11:00,16.2,6.0,327,29
2025-10-29T12:00,17.4,6.8,295,24
2025-10-29T13:00,17.0,5.6,248,22
2025-10-29T14:00,18.2,5.3,280,20
2025-10-29T15:00,17.9,5.4,268,19
2025-10-29T16:00,17.4,2.4,283,19
2025-10-29T17:00,15.3,10.4,70,27
2025-10-29T18:00,12.4,12.2,82,46
2025-10-29T19:00,10.1,10.6,215,76
2025-10-29T20:00,7.7,3.8,149,93
2025-10-29T21:00,6.7,11.1,171,93
2025-10-29T22:00,5.1,4.7,178,97
2025-10-29T23:00,4.7,7.7,213,99
2025-10-30T00:00,4.5,1.5,194,98
2025-10-30T01:00,4.7,3.6,189,91
2025-10-30T02:00,3.3,4.4,232,85
2025-10-30T03:00,2.4,4.2,230,88
2025-10-30T04:00,1.5,3.4,238,91
2025-10-30T05:00,1.7,4.3,287,100
2025-10-30T06:00,2.6,4.9,294,98
2025-10-30T07:00,5.5,3.5,285,78
2025-10-30T08:00,9.8,3.4,288,49
2025-10-30T09:00,12.2,3.3,276,33
2025-10-30T10:00,14.2,3.1,260,26
2025-10-30T11:00,15.9,2.6,219,24
2025-10-30T12:00,17.1,3.7,281,22
2025-10-30T13:00,16.8,2.5,45,22
2025-10-30T14:00,17.4,2.1,70,22
2025-10-30T15:00,17.3,2.4,103,24
2025-10-30T16:00,16.6,5.2,149,25
2025-10-30T17:00,14.5,14.1,47,30
2025-10-30T18:00,10.6,14.5,14,53
2025-10-30T19:00,9.3,13.1,317,61
2025-10-30T20:00,8.8,13.3,310,60
2025-10-30T21:00,8.1,12.8,318,68
2025-10-30T22:00,8.3,9.6,284,56
2025-10-30T23:00,7.3,7.4,283,45
2025-10-31T00:00,5.9,4.7,252,45
2025-10-31T01:00,5.6,5.5,224,41
2025-10-31T02:00,4.9,8.0,220,41
2025-10-31T03:00,4.4,7.9,235,43
2025-10-31T04:00,3.4,5.5,261,47
2025-10-31T05:00,1.4,3.5,298,62
2025-10-31T06:00,1.9,4.9,298,73
2025-10-31T07:00,7.2,4.2,234,44
2025-10-31T08:00,10.6,2.4,261,32
2025-10-31T09:00,13.0,3.1,306,28
2025-10-31T10:00,15.1,2.5,270,23
2025-10-31T11:00,17.1,2.7,298,22
2025-10-31T12:00,18.2,5.7,323,22
2025-10-31T13:00,18.7,7.4,321,22
2025-10-31T14:00,19.0,8.0,293,21
2025-10-31T15:00,19.1,8.2,285,20
2025-10-31T16:00,16.0,8.3,74,27
2025-10-31T17:00,11.3,23.9,70,58
2025-10-31T18:00,7.2,21.1,1,73
2025-10-31T19:00,7.8,10.7,9,80
2025-10-31T20:00,7.9,10.9,331,78
2025-10-31T21:00,7.9,11.3,303,75
2025-10-31T22:00,7.9,16.1,248,46
2025-10-31T23:00,6.6,15.2,228,48
2025-11-01T00:00,5.8,14.8,223,51
2025-11-01T01:00,5.3,12.3,217,49
2025-11-01T02:00,4.6,10.7,222,51
2025-11-01T03:00,3.5,5.4,236,56
2025-11-01T04:00,2.5,3.7,259,63
2025-11-01T05:00,1.6,2.9,270,70
2025-11-01T06:00,2.6,3.1,301,68
2025-11-01T07:00,5.9,4.0,262,48
2025-11-01T08:00,9.6,3.2,322,45
2025-11-01T09:00,12.2,3.9,307,45
2025-11-01T10:00,14.3,4.6,288,38
2025-11-01T11:00,16.5,6.3,288,30
2025-11-01T12:00,17.6,9.3,285,25
2025-11-01T13:00,18.3,7.1,261,21
2025-11-01T14:00,19.1,7.2,283,17
2025-11-01T15:00,19.2,5.5,71,14
2025-11-01T16:00,15.9,21.9,71,30
2025-11-01T17:00,13.9,27.4,68,43
2025-11-01T18:00,11.4,9.8,41,50
2025-11-01T19:00,11.4,12.0,283,58
2025-11-01T20:00,10.8,9.3,260,54
2025-11-01T21:00,10.4,16.3,221,30
2025-11-01T22:00,9.7,14.0,226,27
2025-11-01T23:00,8.7,12.8,232,28
2025-11-02T00:00,7.9,13.0,224,32
2025-11-02T01:00,6.9,12.3,235,29
2025-11-02T02:00,5.3,7.2,252,33
2025-11-02T03:00,3.8,4.6,281,39
2025-11-02T04:00,2.9,4.5,256,44
2025-11-02T05:00,2.2,4.3,253,47
2025-11-02T06:00,4.2,5.5,259,41
2025-11-02T07:00,8.3,4.9,253,26
2025-11-02T08:00,12.2,4.0,270,20
2025-11-02T09:00,14.5,3.2,313,25
2025-11-02T10:00,16.5,4.0,321,20
2025-11-02T11:00,18.2,7.0,316,15
2025-11-02T12:00,18.7,7.4,313,14
2025-11-02T13:00,18.8,4.9,274,14
2025-11-02T14:00,19.7,5.1,238,12
2025-11-02T15:00,20.5,5.2,286,9
2025-11-02T16:00,21.2,12.8,272,6
2025-11-02T17:00,17.5,16.9,149,24
2025-11-02T18:00,14.0,14.3,96,36
2025-11-02T19:00,13.5,11.2,201,35
2025-11-02T20:00,12.1,20.2,229,14
2025-11-02T21:00,10.7,15.5,232,13
2025-11-02T22:00,9.5,16.1,246,16
2025-11-02T23:00,8.4,14.4,254,21
2025-11-03T00:00,6.8,11.2,249,26
2025-11-03T01:00,5.4,11.4,231,25
2025-11-03T02:00,3.8,11.4,213,28
2025-11-03T03:00,3.0,10.7,200,30
2025-11-03T04:00,1.1,4.4,235,36
2025-11-03T05:00,0.4,3.9,294,42
2025-11-03T06:00,1.7,7.1,289,50
2025-11-03T07:00,6.2,3.4,270,28
2025-11-03T08:00,11.2,4.0,306,16
2025-11-03T09:00,14.5,4.8,259,7
2025-11-03T10:00,16.5,4.4,212,6
2025-11-03T11:00,18.3,4.3,178,5
2025-11-03T12:00,19.9,4.7,180,5
2025-11-03T13:00,20.4,8.4,124,6
2025-11-03T14:00,20.5,10.4,104,8
2025-11-03T15:00,19.6,14.4,94,10
2025-11-03T16:00,17.3,21.0,80,9
2025-11-03T17:00,16.0,17.9,77,13
2025-11-03T18:00,13.6,7.4,89,24
2025-11-03T19:00,13.4,17.2,221,18
2025-11-03T20:00,11.4,21.1,231,13
2025-11-03T21:00,9.9,19.2,210,16
2025-11-03T22:00,8.7,17.5,212,22
2025-11-03T23:00,7.4,13.7,213,30
2025-11-04T00:00,6.3,9.7,214,35
2025-11-04T01:00,5.9,9.3,220,36
2025-11-04T02:00,4.4,10.9,218,40
2025-11-04T03:00,3.5,10.0,210,42
2025-11-04T04:00,3.1,11.2,218,42
2025-11-04T05:00,2.7,9.4,218,42
2025-11-04T06:00,3.8,8.5,222,39
2025-11-04T07:00,7.5,7.5,237,29
2025-11-04T08:00,11.7,7.6,234,19
2025-11-04T09:00,14.5,5.1,172,20
2025-11-04T10:00,16.3,5.9,142,19
2025-11-04T11:00,18.2,9.6,127,15
2025-11-04T12:00,18.4,18.3,104,17
2025-11-04T13:00,18.1,19.2,96,17
2025-11-04T14:00,18.1,18.0,102,13
2025-11-04T15:00,17.1,18.0,89,16
2025-11-04T16:00,16.0,18.0,89,24
2025-11-04T17:00,14.7,14.8,85,30
2025-11-04T18:00,13.0,13.4,62,38
2025-11-04T19:00,12.4,9.3,63,42
2025-11-04T20:00,10.7,1.3,360,49
2025-11-04T21:00,10.1,4.9,253,49
2025-11-04T22:00,9.0,4.5,265,51
2025-11-04T23:00,8.1,5.3,232,53
2025-11-05T00:00,7.3,9.1,216,54
2025-11-05T01:00,7.1,9.6,227,34
2025-11-05T02:00,6.0,5.7,238,27
2025-11-05T03:00,4.8,4.0,280,29
2025-11-05T04:00,4.1,4.6,324,46
2025-11-05T05:00,3.3,4.1,326,66
2025-11-05T06:00,5.0,4.2,317,64
2025-11-05T07:00,9.4,1.5,277,36
2025-11-05T08:00,13.1,2.3,270,31
2025-11-05T09:00,15.4,1.7,13,31
2025-11-05T10:00,17.2,5.4,60,21
2025-11-05T11:00,18.8,12.7,63,17
2025-11-05T12:00,18.6,17.8,62,18
2025-11-05T13:00,19.2,12.1,52,15
2025-11-05T14:00,19.5,11.6,62,15
2025-11-05T15:00,18.3,16.1,96,17
2025-11-05T16:00,16.7,19.5,109,21
2025-11-05T17:00,15.6,15.9,118,25
2025-11-05T18:00,13.4,14.6,114,41
2025-11-05T19:00,12.5,16.9,109,53
2025-11-05T20:00,11.6,15.3,89,56
2025-11-05T21:00,10.9,11.9,85,57
2025-11-05T22:00,9.1,1.2,129,67
2025-11-05T23:00,7.6,3.4,205,75
2025-11-06T00:00,7.0,3.7,256,83
2025-11-06T01:00,7.0,6.6,287,81
2025-11-06T02:00,6.2,5.9,290,83
2025-11-06T03:00,4.9,3.3,338,87
2025-11-06T04:00,4.2,4.3,2,85
2025-11-06T05:00,3.6,4.5,355,80
2025-11-06T06:00,5.2,6.1,336,69
2025-11-06T07:00,9.1,6.4,317,45
2025-11-06T08:00,12.0,8.5,335,33
2025-11-06T09:00,14.7,10.1,341,25
2025-11-06T10:00,16.8,10.0,347,20
2025-11-06T11:00,18.6,9.9,5,16
2025-11-06T12:00,19.8,10.4,20,12
2025-11-06T13:00,20.1,8.1,13,13
2025-11-06T14:00,21.2,8.1,360,12
2025-11-06T15:00,21.7,6.1,315,11
2025-11-06T16:00,18.7,9.0,174,14
2025-11-06T17:00,16.3,14.0,120,19
2025-11-06T18:00,15.6,9.1,166,23
2025-11-06T19:00,13.8,16.8,174,33
2025-11-06T20:00,8.4,16.9,119,74
2025-11-06T21:00,9.3,12.4,88,69
2025-11-06T22:00,9.4,3.3,45,61
2025-11-06T23:00,9.2,6.2,240,66
2025-11-07T00:00,9.2,6.9,237,69
2025-11-07T01:00,8.1,10.4,238,46
2025-11-07T02:00,6.9,9.6,221,35
2025-11-07T03:00,6.0,8.7,220,37
2025-11-07T04:00,4.4,4.9,231,45
2025-11-07T05:00,3.4,3.8,278,52
2025-11-07T06:00,5.5,5.5,281,51
2025-11-07T07:00,9.1,4.0,260,54
2025-11-07T08:00,12.5,3.1,291,34
2025-11-07T09:00,15.2,1.5,339,24
2025-11-07T10:00,17.4,2.0,63,19
2025-11-07T11:00,19.1,2.8,79,16
2025-11-07T12:00,20.1,4.9,98,15
2025-11-07T13:00,20.4,9.6,107,13
2025-11-07T14:00,19.8,16.0,89,14
2025-11-07T15:00,18.2,22.0,80,15
2025-11-07T16:00,17.0,18.8,80,15
2025-11-07T17:00,16.5,16.3,71,19
2025-11-07T18:00,15.0,11.8,63,32
2025-11-07T19:00,15.5,9.3,28,26
2025-11-07T20:00,13.5,14.8,310,33
2025-11-07T21:00,12.0,12.2,316,38
2025-11-07T22:00,10.5,9.9,312,44
2025-11-07T23:00,8.9,1.4,293,53
2025-11-08T00:00,7.6,0.9,360,60
2025-11-08T01:00,7.0,3.1,3,66
2025-11-08T02:00,5.7,3.0,346,80
2025-11-08T03:00,5.4,5.7,347,82
2025-11-08T04:00,5.0,6.3,345,84
2025-11-08T05:00,4.4,6.5,328,89
2025-11-08T06:00,5.8,8.1,332,83
2025-11-08T07:00,9.0,3.7,305,64
2025-11-08T08:00,12.8,5.3,332,45
2025-11-08T09:00,15.6,5.3,332,33
2025-11-08T10:00,17.6,5.6,339,28
2025-11-08T11:00,19.4,7.3,343,24
2025-11-08T12:00,20.5,7.1,339,22
2025-11-08T13:00,20.7,7.6,333,20
2025-11-08T14:00,20.0,13.8,31,21
2025-11-08T15:00,13.2,21.8,79,55
2025-11-08T16:00,15.0,10.5,37,38
2025-11-08T17:00,9.2,11.2,276,78
2025-11-08T18:00,8.7,10.1,266,83
2025-11-08T19:00,9.0,11.9,221,78
2025-11-08T20:00,8.8,7.8,214,74
2025-11-08T21:00,8.0,5.6,178,83
2025-11-08T22:00,7.7,8.1,122,84
2025-11-08T23:00,6.6,3.7,101,91
2025-11-09T00:00,6.5,1.2,219,90
2025-11-09T01:00,6.6,1.8,180,86
2025-11-09T02:00,6.0,0.6,162,90
2025-11-09T03:00,5.4,0.5,360,93
2025-11-09T04:00,5.4,0.9,11,94
2025-11-09T05:00,5.6,1.7,13,93
2025-11-09T06:00,6.2,3.0,25,89
2025-11-09T07:00,7.8,6.5,51,76
2025-11-09T08:00,9.7,4.0,51,64
2025-11-09T09:00,11.7,2.7,20,55
2025-11-09T10:00,13.7,2.7,70,47
2025-11-09T11:00,15.1,4.9,84,41
2025-11-09T12:00,15.9,5.4,90,38
2025-11-09T13:00,16.0,9.1,104,35
2025-11-09T14:00,16.0,11.2,93,32
2025-11-09T15:00,15.9,16.8,108,30
2025-11-09T16:00,13.4,11.3,163,36
2025-11-09T17:00,9.4,14.1,215,70
2025-11-09T18:00,9.0,13.2,227,71
2025-11-09T19:00,8.2,8.0,288,77
2025-11-09T20:00,7.9,6.6,305,82
2025-11-09T21:00,7.4,5.2,326,89
2025-11-09T22:00,7.0,3.3,354,91
2025-11-09T23:00,6.6,4.9,17,94
2025-11-10T00:00,6.1,3.9,47,95
2025-11-10T01:00,5.9,7.6,12,91
2025-11-10T02:00,5.6,7.7,335,88
2025-11-10T03:00,5.2,5.2,333,90
2025-11-10T04:00,4.9,4.6,339,92
2025-11-10T05:00,4.4,4.1,345,95
2025-11-10T06:00,5.7,5.8,324,87
2025-11-10T07:00,8.4,7.7,324,72
2025-11-10T08:00,10.5,3.3,347,59
2025-11-10T09:00,11.8,3.0,14,55
2025-11-10T10:00,13.6,6.2,324,48
2025-11-10T11:00,14.2,8.2,320,46
2025-11-10T12:00,16.1,7.0,316,39
2025-11-10T13:00,16.0,0.8,315,35
2025-11-10T14:00,13.0,18.9,121,48
2025-11-10T15:00,13.3,6.5,150,50
2025-11-10T16:00,11.8,7.1,96,56
2025-11-10T17:00,6.7,8.8,195,89
2025-11-10T18:00,7.3,5.7,336,89
2025-11-10T19:00,7.2,8.8,274,84
2025-11-10T20:00,7.0,6.0,303,84
2025-11-10T21:00,6.5,6.8,325,90
2025-11-10T22:00,6.5,6.5,328,90
2025-11-10T23:00,6.5,6.0,333,88
2025-11-11T00:00,6.0,4.1,331,88
2025-11-11T01:00,5.5,3.3,338,84
2025-11-11T02:00,3.9,2.9,353,91
2025-11-11T03:00,2.8,3.1,339,94
2025-11-11T04:00,3.0,4.6,296,95
2025-11-11T05:00,2.2,3.1,283,97
2025-11-11T06:00,4.3,4.4,277,93
2025-11-11T07:00,7.7,2.5,262,79
2025-11-11T08:00,10.9,2.3,241,50
2025-11-11T09:00,12.9,2.4,234,38
2025-11-11T10:00,14.5,2.7,228,33
2025-11-11T11:00,16.1,1.8,169,29
2025-11-11T12:00,17.4,1.9,229,26
2025-11-11T13:00,17.1,4.2,155,26
2025-11-11T14:00,16.0,9.7,88,31
2025-11-11T15:00,14.4,15.8,73,40
2025-11-11T16:00,14.9,15.9,93,36
2025-11-11T17:00,12.6,16.1,77,45
2025-11-11T18:00,10.8,6.8,207,56
2025-11-11T19:00,10.5,10.8,175,65
2025-11-11T20:00,8.8,9.2,137,70
2025-11-11T21:00,7.6,4.4,161,77
2025-11-11T22:00,6.9,5.1,228,83
2025-11-11T23:00,7.0,4.9,231,81
2025-11-12T00:00,6.5,2.7,270,85
2025-11-12T01:00,7.1,3.0,256,75
2025-11-12T02:00,6.7,4.2,265,72
2025-11-12T03:00,6.1,1.6,276,73
2025-11-12T04:00,4.7,2.0,280,80
2025-11-12T05:00,4.2,1.3,286,83
2025-11-12T06:00,5.7,1.8,336,81
2025-11-12T07:00,8.1,1.8,264,62
2025-11-12T08:00,11.3,3.2,333,49
2025-11-12T09:00,13.2,2.4,42,36
2025-11-12T10:00,15.3,4.5,95,29
2025-11-12T11:00,17.0,7.1,100,26
2025-11-12T12:00,17.8,8.1,84,25
2025-11-12T13:00,16.7,9.4,89,26
2025-11-12T14:00,15.1,15.8,101,29
2025-11-12T15:00,14.4,13.1,97,35
2025-11-12T16:00,13.9,12.3,93,39
2025-11-12T17:00,10.5,11.9,72,60
2025-11-12T18:00,9.5,2.2,284,65
2025-11-12T19:00,9.8,8.1,332,61
2025-11-12T20:00,9.3,7.6,341,64
2025-11-12T21:00,8.3,6.7,360,70
2025-11-12T22:00,7.2,7.7,3,76
2025-11-12T23:00,6.5,6.9,337,79
2025-11-13T00:00,6.4,7.2,341,79
2025-11-13T01:00,6.2,8.4,341,69
2025-11-13T02:00,5.2,5.6,345,74
2025-11-13T03:00,4.5,5.1,350,79
2025-11-13T04:00,3.9,3.8,335,83
2025-11-13T05:00,3.2,3.2,333,89
2025-11-13T06:00,5.1,3.4,6,80
2025-11-13T07:00,8.1,3.3,234,69
2025-11-13T08:00,11.3,1.8,233,50
2025-11-13T09:00,13.7,1.7,103,39
2025-11-13T10:00,15.3,5.0,92,33
2025-11-13T11:00,16.7,6.1,88,32
2025-11-13T12:00,17.7,4.5,95,31
2025-11-13T13:00,17.0,3.8,135,31
2025-11-13T14:00,15.6,1.1,18,32
2025-11-13T15:00,17.6,7.1,41,30
2025-11-13T16:00,10.6,18.6,137,69
2025-11-13T17:00,9.6,18.3,69,63
2025-11-13T18:00,9.2,3.9,208,69
2025-11-13T19:00,8.5,11.5,304,71
2025-11-13T20:00,6.5,13.8,298,84
2025-11-13T21:00,6.7,2.0,333,89
2025-11-13T22:00,6.1,2.8,45,94
2025-11-13T23:00,5.6,5.4,90,96
2025-11-14T00:00,5.0,2.9,83,98
2025-11-14T01:00,4.2,3.2,322,96
2025-11-14T02:00,3.1,2.9,281,97
2025-11-14T03:00,2.8,3.3,306,99
2025-11-14T04:00,2.2,3.4,317,100
2025-11-14T05:00,1.7,3.5,291,100
2025-11-14T06:00,2.6,4.2,275,97
2025-11-14T07:00,4.9,3.8,267,86
2025-11-14T08:00,9.0,2.4,287,48
2025-11-14T09:00,12.2,2.5,300,27
2025-11-14T10:00,14.6,1.5,277,21
2025-11-14T11:00,16.5,2.5,201,16
2025-11-14T12:00,18.1,3.9,214,14
2025-11-14T13:00,17.1,1.9,209,13
2025-11-14T14:00,18.1,1.7,18,12
2025-11-14T15:00,17.3,9.6,64,15
2025-11-14T16:00,15.3,20.4,74,24
2025-11-14T17:00,13.8,20.4,81,34
2025-11-14T18:00,12.3,10.9,99,40
2025-11-14T19:00,11.0,11.4,157,47
2025-11-14T20:00,9.9,10.9,168,58
2025-11-14T21:00,9.3,10.9,153,72
2025-11-14T22:00,8.1,7.7,183,84
2025-11-14T23:00,6.8,7.1,243,81
2025-11-15T00:00,5.6,7.9,258,85
2025-11-15T01:00,5.6,13.2,224,45
2025-11-15T02:00,4.8,11.7,212,37
2025-11-15T03:00,4.1,6.4,220,41
2025-11-15T04:00,2.7,2.7,290,50
2025-11-15T05:00,2.1,2.3,331,63
2025-11-15T06:00,4.0,2.1,15,64
2025-11-15T07:00,7.3,1.7,252,44
2025-11-15T08:00,10.7,2.4,222,39
2025-11-15T09:00,12.9,2.0,63,40
2025-11-15T10:00,14.8,4.8,59,36
2025-11-15T11:00,16.2,6.8,78,31
2025-11-15T12:00,17.6,8.8,91,27
2025-11-15T13:00,17.8,11.7,100,22
2025-11-15T14:00,18.1,11.2,96,22
2025-11-15T15:00,17.7,12.5,97,24
2025-11-15T16:00,16.4,15.1,90,27
2025-11-15T17:00,14.3,14.3,79,32
2025-11-15T18:00,12.6,14.6,85,44
2025-11-15T19:00,11.9,11.3,73,51
2025-11-15T20:00,9.9,2.7,247,63
2025-11-15T21:00,9.3,11.5,231,61
2025-11-15T22:00,9.1,14.9,207,46
2025-11-15T23:00,7.9,14.4,216,39
2025-11-16T00:00,7.1,14.3,219,37
2025-11-16T01:00,6.4,14.5,225,38
2025-11-16T02:00,5.5,10.4,233,44
2025-11-16T03:00,4.8,8.5,226,49
2025-11-16T04:00,3.7,5.5,238,54
2025-11-16T05:00,3.3,6.3,239,55
2025-11-16T06:00,4.7,7.7,246,51
2025-11-16T07:00,8.6,5.8,248,36
2025-11-16T08:00,12.0,3.4,288,27
2025-11-16T09:00,14.2,2.4,283,30
2025-11-16T10:00,16.1,3.5,246,26
2025-11-16T11:00,17.6,2.2,256,22
2025-11-16T12:00,19.3,2.5,240,18
2025-11-16T13:00,19.9,5.6,195,16
2025-11-16T14:00,20.4,6.5,124,15
2025-11-16T15:00,19.8,12.0,97,18
2025-11-16T16:00,16.1,17.9,60,32
2025-11-16T17:00,15.4,22.0,20,32
2025-11-16T18:00,11.3,13.7,325,49
2025-11-16T19:00,11.5,12.2,304,52
2025-11-16T20:00,10.8,7.2,323,54
2025-11-16T21:00,9.4,3.7,309,58
2025-11-16T22:00,9.1,8.1,238,58
2025-11-16T23:00,8.7,7.8,233,43
2025-11-17T00:00,8.0,11.1,228,30
2025-11-17T01:00,7.7,11.2,235,31
2025-11-17T02:00,5.8,5.4,272,39
2025-11-17T03:00,4.5,4.3,272,55
2025-11-17T04:00,2.9,3.1,246,66
2025-11-17T05:00,1.3,4.5,304,77
2025-11-17T06:00,2.4,5.6,333,80
2025-11-17T07:00,7.0,2.3,270,63
2025-11-17T08:00,12.1,5.9,282,41
2025-11-17T09:00,15.2,5.3,278,28
2025-11-17T10:00,17.2,2.0,297,24
2025-11-17T11:00,18.8,2.1,329,18
2025-11-17T12:00,20.0,2.8,285,13
2025-11-17T13:00,20.2,5.8,240,11
2025-11-17T14:00,21.1,6.1,317,10
2025-11-17T15:00,20.1,11.5,27,12
2025-11-17T16:00,18.7,19.4,36,20
2025-11-17T17:00,15.6,20.0,31,36
2025-11-17T18:00,13.5,24.8,333,37
2025-11-17T19:00,12.0,11.3,307,45
2025-11-17T20:00,11.0,15.0,288,53
2025-11-17T21:00,11.0,21.0,237,19
2025-11-17T22:00,9.5,14.6,241,22
2025-11-17T23:00,8.0,18.1,223,29
2025-11-18T00:00,7.1,11.2,252,31
2025-11-18T01:00,6.6,9.4,247,28
2025-11-18T02:00,4.5,5.3,260,35
2025-11-18T03:00,3.2,2.7,270,42
2025-11-18T04:00,2.0,4.1,218,47
2025-11-18T05:00,0.9,3.9,257,51
2025-11-18T06:00,2.8,3.8,281,46
2025-11-18T07:00,6.6,5.9,230,33
2025-11-18T08:00,10.4,5.8,216,19
2025-11-18T09:00,12.9,4.0,231,15
2025-11-18T10:00,14.4,3.8,251,14
2025-11-18T11:00,15.7,2.7,262,15
2025-11-18T12:00,17.4,1.9,331,15
2025-11-18T13:00,17.2,2.4,48,11
2025-11-18T14:00,18.3,6.0,51,11
2025-11-18T15:00,17.8,12.1,47,15
2025-11-18T16:00,15.9,18.7,64,26
2025-11-18T17:00,14.3,20.8,84,29
2025-11-18T18:00,11.9,15.5,110,54
2025-11-18T19:00,11.4,9.2,159,51
2025-11-18T20:00,8.8,13.1,214,75
2025-11-18T21:00,7.5,14.4,167,78
2025-11-18T22:00,6.8,11.2,220,79
2025-11-18T23:00,7.1,18.6,223,30
2025-11-19T00:00,6.0,17.5,210,26
2025-11-19T01:00,5.1,14.9,203,23
2025-11-19T02:00,4.2,12.6,197,27
2025-11-19T03:00,3.4,12.2,204,32
2025-11-19T04:00,2.7,10.1,213,34
2025-11-19T05:00,1.8,8.5,209,36
2025-11-19T06:00,3.0,8.9,218,33
2025-11-19T07:00,7.0,8.8,226,21
2025-11-19T08:00,10.3,10.0,218,14
2025-11-19T09:00,12.6,7.8,209,8
2025-11-19T10:00,14.5,2.4,243,9
2025-11-19T11:00,16.2,4.8,331,11
2025-11-19T12:00,17.5,7.7,327,10
2025-11-19T13:00,17.3,4.0,10,10
2025-11-19T14:00,17.4,10.9,59,14
2025-11-19T15:00,14.9,20.5,67,32
2025-11-19T16:00,14.3,18.7,82,30
2025-11-19T17:00,12.6,23.8,88,39
2025-11-19T18:00,10.7,17.8,82,52
2025-11-19T19:00,9.1,15.4,209,69
2025-11-19T20:00,6.3,4.3,222,89
2025-11-19T21:00,6.9,11.8,188,80
2025-11-19T22:00,6.4,11.1,173,86
2025-11-19T23:00,5.7,7.6,175,92
2025-11-20T00:00,5.6,4.2,185,92
2025-11-20T01:00,5.6,8.0,232,52
2025-11-20T02:00,4.2,4.4,212,45
2025-11-20T03:00,2.8,2.1,195,50
2025-11-20T04:00,1.5,2.5,249,57
2025-11-20T05:00,0.7,5.2,266,61
2025-11-20T06:00,2.0,7.7,286,56
2025-11-20T07:00,4.1,5.7,311,79
2025-11-20T08:00,9.1,6.6,315,41
2025-11-20T09:00,12.3,5.8,279,18
2025-11-20T10:00,14.0,5.4,276,16
2025-11-20T11:00,15.7,4.4,333,14
2025-11-20T12:00,17.6,2.9,338,12
2025-11-20T13:00,18.7,7.8,244,7
2025-11-20T14:00,20.0,21.9,231,5
2025-11-20T15:00,19.3,17.5,215,6
2025-11-20T16:00,18.3,13.3,180,7
2025-11-20T17:00,16.3,20.1,217,9
2025-11-20T18:00,13.5,23.3,217,14
2025-11-20T19:00,11.8,22.4,219,19
2025-11-20T20:00,10.0,20.7,210,25
2025-11-20T21:00,8.5,20.6,204,34
2025-11-20T22:00,7.3,20.5,202,39
2025-11-20T23:00,6.3,19.6,202,44
2025-11-21T00:00,5.3,14.5,207,49
2025-11-21T01:00,4.0,7.6,258,51
2025-11-21T02:00,2.1,5.5,281,61
2025-11-21T03:00,0.6,4.3,287,69
2025-11-21T04:00,-0.3,2.7,278,73
2025-11-21T05:00,-1.7,2.1,285,82
2025-11-21T06:00,-0.6,4.5,272,75
2025-11-21T07:00,6.1,4.7,247,40
2025-11-21T08:00,10.2,3.2,273,25
2025-11-21T09:00,13.1,1.3,90,18
2025-11-21T10:00,15.0,5.4,86,16
2025-11-21T11:00,16.6,6.3,77,15
2025-11-21T12:00,17.6,6.8,78,14
2025-11-21T13:00,17.9,8.7,108,13
2025-11-21T14:00,18.4,10.5,131,12
2025-11-21T15:00,18.2,13.2,124,10
2025-11-21T16:00,16.8,17.8,103,11
2025-11-21T17:00,14.3,20.3,89,31
2025-11-21T18:00,12.8,15.4,83,38
2025-11-21T19:00,12.2,18.2,85,48
2025-11-21T20:00,11.0,11.4,84,56
2025-11-21T21:00,9.6,0.7,166,65
2025-11-21T22:00,8.5,3.5,215,68
2025-11-21T23:00,7.7,5.5,224,72
2025-11-22T00:00,6.5,3.7,259,79
2025-11-22T01:00,6.8,3.5,294,75
2025-11-22T02:00,5.8,4.1,308,81
2025-11-22T03:00,4.5,3.6,327,89
2025-11-22T04:00,3.2,2.9,349,94
2025-11-22T05:00,2.6,2.3,23,97
2025-11-22T06:00,4.9,4.4,30,81
2025-11-22T07:00,9.1,2.2,355,50
2025-11-22T08:00,12.7,6.3,2,35
2025-11-22T09:00,15.0,10.3,15,28
2025-11-22T10:00,16.6,9.9,16,25
2025-11-22T11:00,18.5,7.6,25,22
2025-11-22T12:00,19.5,4.9,360,20
2025-11-22T13:00,18.1,1.0,301,21
2025-11-22T14:00,20.6,4.0,265,18
2025-11-22T15:00,20.1,1.7,131,21
2025-11-22T16:00,16.2,11.6,111,31
2025-11-22T17:00,15.1,16.0,87,32
2025-11-22T18:00,13.5,20.9,77,51
2025-11-22T19:00,11.8,8.4,97,57
2025-11-22T20:00,11.0,11.0,183,65
2025-11-22T21:00,9.4,7.8,157,73
2025-11-22T22:00,8.4,6.0,335,85
2025-11-22T23:00,7.8,9.9,265,85
2025-11-23T00:00,6.7,2.1,301,87
2025-11-23T01:00,6.4,4.6,315,86
2025-11-23T02:00,5.0,3.7,259,92
2025-11-23T03:00,4.6,5.0,229,79
2025-11-23T04:00,3.8,3.7,247,67
2025-11-23T05:00,3.2,3.8,253,66
2025-11-23T06:00,5.1,3.8,265,59
2025-11-23T07:00,7.5,3.8,267,65
2025-11-23T08:00,11.1,3.1,201,53
2025-11-23T09:00,13.2,3.1,93,46
2025-11-23T10:00,14.9,6.1,87,39
2025-11-23T11:00,16.7,6.8,101,31
2025-11-23T12:00,17.8,7.1,99,27
2025-11-23T13:00,16.5,7.4,108,31
2025-11-23T14:00,17.4,6.0,93,28
2025-11-23T15:00,17.2,8.9,97,28
2025-11-23T16:00,15.8,16.0,89,31
2025-11-23T17:00,12.5,18.3,80,48
2025-11-23T18:00,12.3,7.1,24,50
2025-11-23T19:00,8.6,16.9,287,72
2025-11-23T20:00,7.0,8.8,279,75
2025-11-23T21:00,5.7,9.4,278,89
2025-11-23T22:00,6.5,2.8,11,90
2025-11-23T23:00,5.6,0.3,45,96
2025-11-24T00:00,5.4,5.6,112,95
2025-11-24T01:00,5.7,9.2,121,85
2025-11-24T02:00,5.8,4.8,110,89
2025-11-24T03:00,5.4,2.3,241,93
2025-11-24T04:00,3.9,2.7,212,98
2025-11-24T05:00,3.7,1.2,207,98
2025-11-24T06:00,5.3,1.8,101,93
2025-11-24T07:00,8.4,3.1,267,72
2025-11-24T08:00,10.8,2.4,297,59
2025-11-24T09:00,13.3,1.6,333,49
2025-11-24T10:00,15.4,2.6,335,39
2025-11-24T11:00,16.7,4.6,321,33
2025-11-24T12:00,17.3,6.6,334,30
2025-11-24T13:00,16.6,5.2,12,29
2025-11-24T14:00,12.5,9.5,104,51
2025-11-24T15:00,11.3,19.4,27,55
2025-11-24T16:00,10.5,10.6,23,58
2025-11-24T17:00,10.1,8.8,334,60
2025-11-24T18:00,9.0,10.3,3,70
2025-11-24T19:00,8.4,8.3,41,78
2025-11-24T20:00,7.4,5.8,355,88
2025-11-24T21:00,7.0,7.8,323,87
2025-11-24T22:00,6.8,5.8,326,84
2025-11-24T23:00,5.9,4.1,347,90
2025-11-25T00:00,4.9,2.6,304,94
2025-11-25T01:00,5.3,0.7,194,93
2025-11-25T02:00,4.2,0.5,45,96
2025-11-25T03:00,3.6,1.8,354,98
2025-11-25T04:00,2.8,3.3,276,100
2025-11-25T05:00,2.9,3.8,289,100
2025-11-25T06:00,3.9,3.1,324,98
2025-11-25T07:00,7.0,1.9,331,85
2025-11-25T08:00,11.1,0.6,326,52
2025-11-25T09:00,13.4,2.4,144,37
2025-11-25T10:00,15.2,5.2,124,30
2025-11-25T11:00,16.5,6.8,93,28
2025-11-25T12:00,17.8,6.1,93,27
2025-11-25T13:00,17.6,8.2,99,27
2025-11-25T14:00,17.6,7.0,94,26
2025-11-25T15:00,17.2,8.8,79,26
2025-11-25T16:00,14.8,12.7,83,33
2025-11-25T17:00,13.7,15.4,73,44
2025-11-25T18:00,11.6,9.1,345,48
2025-11-25T19:00,9.9,9.9,303,61
2025-11-25T20:00,8.7,8.7,276,69
2025-11-25T21:00,8.2,5.0,30,74
2025-11-25T22:00,7.2,0.9,37,84
2025-11-25T23:00,6.8,4.3,15,89
2025-11-26T00:00,6.1,9.8,28,89
2025-11-26T01:00,5.6,8.1,356,84
2025-11-26T02:00,5.4,3.8,25,89
2025-11-26T03:00,5.1,5.8,22,96
2025-11-26T04:00,5.0,4.1,23,96
2025-11-26T05:00,4.5,2.6,12,97
2025-11-26T06:00,5.4,4.5,346,92
2025-11-26T07:00,7.8,1.5,159,71
2025-11-26T08:00,10.5,1.1,171,58
2025-11-26T09:00,12.3,3.1,118,50
2025-11-26T10:00,14.2,6.7,93,43
2025-11-26T11:00,12.5,14.2,89,46
2025-11-26T12:00,13.0,9.6,93,50
2025-11-26T13:00,13.5,6.9,75,48
2025-11-26T14:00,14.9,9.5,90,38
2025-11-26T15:00,14.9,8.4,105,35
2025-11-26T16:00,13.9,11.7,119,35
2025-11-26T17:00,13.1,10.4,92,36
2025-11-26T18:00,11.2,10.2,77,45
2025-11-26T19:00,10.4,11.2,84,55
2025-11-26T20:00,8.1,10.2,204,73
2025-11-26T21:00,5.2,15.3,2,94
2025-11-26T22:00,5.0,10.6,130,92
2025-11-26T23:00,4.4,2.8,101,93
2025-11-27T00:00,4.5,3.8,17,93
2025-11-27T01:00,4.1,6.0,287,88
2025-11-27T02:00,3.6,6.6,305,91
2025-11-27T03:00,3.1,2.9,338,92
2025-11-27T04:00,3.0,2.7,298,91
2025-11-27T05:00,2.7,0.9,37,91
2025-11-27T06:00,4.4,3.5,9,84
2025-11-27T07:00,7.7,1.2,333,71
2025-11-27T08:00,10.9,2.1,218,48
2025-11-27T09:00,13.0,3.9,217,34
2025-11-27T10:00,15.1,1.0,211,29
2025-11-27T11:00,16.6,2.7,98,28
2025-11-27T12:00,17.6,6.7,110,29
2025-11-27T13:00,17.5,11.7,107,30
2025-11-27T14:00,16.9,14.2,81,30
2025-11-27T15:00,16.6,14.8,90,26
2025-11-27T16:00,14.8,17.9,77,31
2025-11-27T17:00,13.0,16.2,71,44
2025-11-27T18:00,11.7,11.1,53,53
2025-11-27T19:00,10.6,3.1,36,60
2025-11-27T20:00,9.0,6.3,250,69
2025-11-27T21:00,3.8,24.1,214,99
2025-11-27T22:00,4.9,15.6,231,93
2025-11-27T23:00,5.4,11.7,189,88
2025-11-28T00:00,4.7,6.9,173,87
2025-11-28T01:00,4.2,1.0,301,86
2025-11-28T02:00,2.7,3.6,27,93
2025-11-28T03:00,2.1,3.6,354,96
2025-11-28T04:00,2.0,4.6,321,98
2025-11-28T05:00,1.4,4.0,302,98
2025-11-28T06:00,3.5,5.5,283,97
2025-11-28T07:00,6.1,3.2,267,82
2025-11-28T08:00,9.9,2.7,293,57
2025-11-28T09:00,12.4,1.1,270,45
2025-11-28T10:00,14.3,1.9,56,38
2025-11-28T11:00,15.8,5.4,82,31
2025-11-28T12:00,17.2,11.7,92,26
2025-11-28T13:00,16.6,15.1,90,24
2025-11-28T14:00,17.0,14.8,81,24
2025-11-28T15:00,16.6,18.0,78,26
2025-11-28T16:00,15.0,17.2,79,34
2025-11-28T17:00,13.8,13.2,84,40
2025-11-28T18:00,12.3,13.7,91,49
2025-11-28T19:00,10.1,2.1,142,66
2025-11-28T20:00,5.5,13.7,265,96
2025-11-28T21:00,6.8,7.5,243,85
2025-11-28T22:00,6.5,10.2,194,91
2025-11-28T23:00,5.3,9.7,199,91
2025-11-29T00:00,4.2,1.5,194,95
2025-11-29T01:00,5.1,1.8,336,95
2025-11-29T02:00,5.2,6.4,306,92
2025-11-29T03:00,3.6,3.6,290,97
2025-11-29T04:00,3.4,2.8,320,94
2025-11-29T05:00,3.7,1.4,337,94
2025-11-29T06:00,4.8,1.5,330,90
2025-11-29T07:00,6.1,5.2,270,80
2025-11-29T08:00,8.2,4.3,270,67
2025-11-29T09:00,10.0,3.2,313,59
2025-11-29T10:00,11.5,1.5,306,53
2025-11-29T11:00,13.8,1.4,310,47
2025-11-29T12:00,15.8,2.9,259,42
2025-11-29T13:00,15.0,3.3,234,43
2025-11-29T14:00,16.8,4.4,251,37
2025-11-29T15:00,15.1,5.5,216,39
2025-11-29T16:00,10.6,16.1,140,66
2025-11-29T17:00,7.1,9.6,218,84
2025-11-29T18:00,8.5,7.6,188,81
2025-11-29T19:00,8.1,5.5,302,82
2025-11-29T20:00,8.5,9.4,277,77
2025-11-29T21:00,7.1,1.3,225,86
2025-11-29T22:00,7.0,2.0,90,89
2025-11-29T23:00,5.7,0.9,143,96
2025-11-30T00:00,5.6,4.2,144,97
2025-11-30T01:00,4.7,4.8,217,85
2025-11-30T02:00,3.3,5.0,224,74
2025-11-30T03:00,2.3,6.6,213,72
2025-11-30T04:00,1.5,7.4,231,74
2025-11-30T05:00,1.4,5.2,274,78
2025-11-30T06:00,2.6,5.2,314,74
2025-11-30T07:00,5.6,5.5,281,63
2025-11-30T08:00,9.7,4.5,263,40
2025-11-30T09:00,12.2,1.5,256,34
2025-11-30T10:00,14.3,1.4,157,32
2025-11-30T11:00,15.9,3.4,177,29
2025-11-30T12:00,17.6,5.3,170,25
2025-11-30T13:00,17.4,7.4,151,25
2025-11-30T14:00,17.9,6.8,102,25
2025-11-30T15:00,17.4,10.7,97,29
2025-11-30T16:00,15.3,15.0,93,37
2025-11-30T17:00,14.5,12.8,84,39
2025-11-30T18:00,12.3,13.3,74,48
2025-11-30T19:00,11.3,2.3,129,59
2025-11-30T20:00,10.6,9.3,208,63
2025-11-30T21:00,9.7,10.6,199,61
2025-11-30T22:00,8.9,10.6,183,66
2025-11-30T23:00,7.8,9.8,163,66
2025-12-01T00:00,6.6,14.9,148,72
2025-12-01T01:00,6.5,10.0,201,57
2025-12-01T02:00,6.1,11.4,203,58
2025-12-01T03:00,5.8,10.7,233,61
2025-12-01T04:00,4.9,8.7,222,64
2025-12-01T05:00,3.7,4.7,266,72
2025-12-01T06:00,5.0,5.3,262,69
2025-12-01T07:00,8.0,9.1,194,50
2025-12-01T08:00,9.9,9.3,189,41
2025-12-01T09:00,10.7,8.5,159,43
2025-12-01T10:00,11.9,10.9,153,44
2025-12-01T11:00,12.6,8.6,154,42
2025-12-01T12:00,14.5,7.0,111,37
2025-12-01T13:00,14.9,8.8,105,39
2025-12-01T14:00,16.0,9.4,90,37
2025-12-01T15:00,14.6,10.1,106,39
2025-12-01T16:00,14.1,10.5,97,39
2025-12-01T17:00,13.0,11.1,83,44
2025-12-01T18:00,11.0,7.0,122,57
2025-12-01T19:00,10.5,12.9,195,59
2025-12-01T20:00,6.6,16.0,231,83
2025-12-01T21:00,6.3,17.0,234,82
2025-12-01T22:00,6.0,12.8,238,79
2025-12-01T23:00,6.1,9.6,254,73
2025-12-02T00:00,5.6,5.4,274,74
2025-12-02T01:00,6.0,3.8,355,75
2025-12-02T02:00,4.5,5.4,15,89
2025-12-02T03:00,2.9,3.9,16,96
2025-12-02T04:00,3.5,6.9,346,97
2025-12-02T05:00,3.3,5.9,317,95
2025-12-02T06:00,4.6,5.5,306,92
2025-12-02T07:00,8.0,8.2,319,69
2025-12-02T08:00,10.2,10.7,307,52
2025-12-02T09:00,11.7,9.3,298,42
2025-12-02T10:00,12.8,6.7,279,36
2025-12-02T11:00,14.5,6.9,233,32
2025-12-02T12:00,16.4,8.1,217,28
2025-12-02T13:00,16.0,9.7,205,31
2025-12-02T14:00,17.7,9.5,182,28
2025-12-02T15:00,16.3,13.7,128,31
2025-12-02T16:00,14.8,11.2,84,43
2025-12-02T17:00,11.7,20.8,108,56
2025-12-02T18:00,9.6,14.6,91,68
2025-12-02T19:00,11.9,2.8,169,50
2025-12-02T20:00,11.1,1.0,248,55
2025-12-02T21:00,9.9,6.9,284,64
2025-12-02T22:00,8.7,6.2,255,68
2025-12-02T23:00,7.3,9.0,80,81
2025-12-03T00:00,7.0,8.6,49,85
2025-12-03T01:00,6.7,6.1,62,80
2025-12-03T02:00,4.5,0.7,284,93
2025-12-03T03:00,4.3,4.2,280,94
2025-12-03T04:00,4.2,1.0,338,94
2025-12-03T05:00,3.5,2.3,18,98
2025-12-03T06:00,5.4,2.0,63,94
2025-12-03T07:00,6.5,0.8,207,86
2025-12-03T08:00,10.1,2.3,184,64
2025-12-03T09:00,12.5,3.3,126,49
2025-12-03T10:00,14.8,5.3,100,43
2025-12-03T11:00,16.5,8.9,97,38
2025-12-03T12:00,17.9,13.1,92,33
2025-12-03T13:00,15.4,18.7,89,34
2025-12-03T14:00,16.2,15.5,93,34
2025-12-03T15:00,13.8,18.9,61,42
2025-12-03T16:00,12.9,14.5,73,48
2025-12-03T17:00,12.7,12.4,71,49
2025-12-03T18:00,10.7,10.7,65,60
2025-12-03T19:00,10.4,7.8,83,65
2025-12-03T20:00,8.9,4.0,267,78
2025-12-03T21:00,7.8,9.1,214,87
2025-12-03T22:00,6.6,8.0,214,90
2025-12-03T23:00,6.7,4.6,222,91
2025-12-04T00:00,6.3,0.6,198,94
2025-12-04T01:00,6.7,3.4,58,87
2025-12-04T02:00,5.9,1.8,354,95
2025-12-04T03:00,5.2,0.9,323,96
2025-12-04T04:00,5.2,0.7,360,95
2025-12-04T05:00,5.6,2.2,284,92
2025-12-04T06:00,6.3,7.8,296,89
2025-12-04T07:00,7.1,5.0,226,79
2025-12-04T08:00,8.8,1.5,7,69
2025-12-04T09:00,10.3,4.5,344,62
2025-12-04T10:00,12.4,3.1,329,55
2025-12-04T11:00,13.7,2.9,274,49
2025-12-04T12:00,14.8,4.3,225,45
2025-12-04T13:00,7.8,16.5,167,85
2025-12-04T14:00,14.5,5.5,103,50
2025-12-04T15:00,10.7,9.7,92,65
2025-12-04T16:00,11.5,9.7,1,59
2025-12-04T17:00,8.3,3.8,251,81
2025-12-04T18:00,6.6,12.3,256,96
2025-12-04T19:00,5.0,4.0,36,100
2025-12-04T20:00,5.6,5.6,25,97
2025-12-04T21:00,6.0,2.7,328,96
2025-12-04T22:00,6.2,6.0,273,94
2025-12-04T23:00,5.0,6.1,236,93
2025-12-05T00:00,4.3,6.8,209,88
2025-12-05T01:00,4.6,9.1,210,88
2025-12-05T02:00,3.8,8.2,212,89
2025-12-05T03:00,3.2,5.2,224,91
2025-12-05T04:00,3.3,4.4,232,92
2025-12-05T05:00,2.9,6.5,236,92
2025-12-05T06:00,4.3,7.0,235,85
2025-12-05T07:00,7.2,6.5,204,65
2025-12-05T08:00,10.0,7.5,226,46
2025-12-05T09:00,12.1,5.3,225,39
2025-12-05T10:00,13.9,2.1,232,37
2025-12-05T11:00,15.2,2.2,171,35
2025-12-05T12:00,16.0,5.4,140,31
2025-12-05T13:00,16.6,7.3,147,26
2025-12-05T14:00,17.6,8.8,163,24
2025-12-05T15:00,17.3,9.4,148,25
2025-12-05T16:00,16.0,13.9,115,30
2025-12-05T17:00,14.6,13.6,98,39
2025-12-05T18:00,12.2,3.8,131,59
2025-12-05T19:00,10.7,10.7,197,61
2025-12-05T20:00,9.6,16.3,158,66
2025-12-05T21:00,6.9,5.8,83,87
2025-12-05T22:00,6.9,4.8,158,89
2025-12-05T23:00,6.8,8.3,164,85
2025-12-06T00:00,6.0,6.0,164,71
2025-12-06T01:00,5.3,7.6,183,55
2025-12-06T02:00,3.8,8.3,198,63
2025-12-06T03:00,2.6,7.3,213,70
2025-12-06T04:00,1.6,5.5,229,75
2025-12-06T05:00,0.8,4.8,257,79
2025-12-06T06:00,2.4,5.0,270,72
2025-12-06T07:00,6.7,5.7,242,54
2025-12-06T08:00,10.6,6.8,220,39
2025-12-06T09:00,12.7,5.6,151,36
2025-12-06T10:00,14.4,6.1,140,31
2025-12-06T11:00,15.6,7.9,139,29
2025-12-06T12:00,17.0,9.0,128,24
2025-12-06T13:00,16.6,8.7,135,25
2025-12-06T14:00,17.6,6.9,149,23
2025-12-06T15:00,17.9,7.6,142,21
2025-12-06T16:00,16.7,10.4,98,26
2025-12-06T17:00,13.5,17.5,73,42
2025-12-06T18:00,12.1,5.7,79,48
2025-12-06T19:00,10.5,13.6,227,52
2025-12-06T20:00,10.3,15.9,231,39
2025-12-06T21:00,8.8,15.4,216,38
2025-12-06T22:00,7.4,18.1,209,49
2025-12-06T23:00,6.5,15.2,204,53
2025-12-07T00:00,6.0,12.1,212,57
2025-12-07T01:00,5.0,12.2,218,60
2025-12-07T02:00,4.1,10.1,224,64
2025-12-07T03:00,3.4,9.3,217,66
2025-12-07T04:00,2.6,7.8,222,67
2025-12-07T05:00,1.4,5.4,228,73
2025-12-07T06:00,2.8,4.8,259,71
2025-12-07T07:00,5.7,6.3,239,53
2025-12-07T08:00,10.1,5.5,247,35
2025-12-07T09:00,13.2,3.1,167,28
2025-12-07T10:00,14.9,6.8,119,30
2025-12-07T11:00,16.4,9.3,130,29
2025-12-07T12:00,17.1,13.3,120,26
2025-12-07T13:00,16.1,16.3,101,27
2025-12-07T14:00,16.2,14.9,98,26
2025-12-07T15:00,16.2,13.2,96,29
2025-12-07T16:00,15.3,15.4,85,35
2025-12-07T17:00,13.8,14.0,78,40
2025-12-07T18:00,12.0,9.9,87,49
2025-12-07T19:00,11.2,6.4,130,57
2025-12-07T20:00,9.6,10.6,210,66
2025-12-07T21:00,9.2,17.8,227,36
2025-12-07T22:00,8.0,14.3,214,32
2025-12-07T23:00,7.4,8.7,185,36
2025-12-08T00:00,5.4,4.9,141,47
2025-12-08T01:00,5.3,8.5,208,50
2025-12-08T02:00,4.7,8.4,211,56
2025-12-08T03:00,3.6,5.7,208,63
2025-12-08T04:00,3.1,5.5,199,66
2025-12-08T05:00,2.4,6.0,201,69
2025-12-08T06:00,3.9,7.6,227,63
2025-12-08T07:00,8.1,5.1,243,48
2025-12-08T08:00,11.3,2.7,328,37
2025-12-08T09:00,13.5,3.9,43,38
2025-12-08T10:00,15.5,5.4,105,33
2025-12-08T11:00,17.0,8.8,133,28
2025-12-08T12:00,17.6,12.2,124,27
2025-12-08T13:00,17.7,17.7,103,23
2025-12-08T14:00,17.8,19.4,91,21
2025-12-08T15:00,17.0,19.7,85,24
2025-12-08T16:00,16.1,17.3,81,25
2025-12-08T17:00,14.7,15.5,75,27
2025-12-08T18:00,12.4,9.9,68,40
2025-12-08T19:00,12.0,8.3,56,51
2025-12-08T20:00,10.7,1.2,309,57
2025-12-08T21:00,9.9,9.1,218,58
2025-12-08T22:00,9.2,11.0,190,58
2025-12-08T23:00,8.0,11.1,209,70
2025-12-09T00:00,7.0,15.2,224,52
2025-12-09T01:00,6.3,14.5,221,38
2025-12-09T02:00,5.7,7.4,227,42
2025-12-09T03:00,4.3,4.0,265,51
2025-12-09T04:00,4.5,1.6,270,53
2025-12-09T05:00,3.8,2.7,307,59
2025-12-09T06:00,6.3,3.6,315,56
2025-12-09T07:00,9.0,1.3,304,43
2025-12-09T08:00,12.2,1.8,294,41
2025-12-09T09:00,14.3,1.1,270,41
2025-12-09T10:00,15.9,4.1,92,36
2025-12-09T11:00,17.1,8.5,89,33
2025-12-09T12:00,18.2,8.5,111,27
2025-12-09T13:00,18.2,11.6,97,27
2025-12-09T14:00,18.3,17.7,86,26
2025-12-09T15:00,16.6,21.9,71,29
2025-12-09T16:00,15.4,18.0,82,41
2025-12-09T17:00,14.3,10.1,84,42
2025-12-09T18:00,13.3,3.7,79,46
2025-12-09T19:00,12.8,3.2,243,48
2025-12-09T20:00,11.4,2.8,349,53
2025-12-09T21:00,10.5,3.8,311,58
2025-12-09T22:00,10.1,1.0,248,62
2025-12-09T23:00,9.1,1.6,276,65
2025-12-10T00:00,8.3,2.4,297,70
2025-12-10T01:00,7.4,2.1,345,65
2025-12-10T02:00,5.9,1.5,346,74
2025-12-10T03:00,5.3,0.8,297,78
2025-12-10T04:00,3.9,1.6,6,87
2025-12-10T05:00,2.9,2.2,14,93
2025-12-10T06:00,5.2,6.8,360,81
2025-12-10T07:00,9.8,3.3,29,62
2025-12-10T08:00,13.4,4.9,332,46
2025-12-10T09:00,15.1,5.8,355,39
2025-12-10T10:00,16.9,6.8,3,33
2025-12-10T11:00,19.3,8.5,32,27
2025-12-10T12:00,20.3,10.6,55,26
2025-12-10T13:00,20.7,15.4,79,23
2025-12-10T14:00,20.3,15.9,94,23
2025-12-10T15:00,18.6,21.2,73,26
2025-12-10T16:00,17.7,17.1,72,29
2025-12-10T17:00,16.0,13.7,101,35
2025-12-10T18:00,14.7,7.9,110,42
2025-12-10T19:00,13.9,3.1,90,40
2025-12-10T20:00,11.9,3.4,137,46
2025-12-10T21:00,11.0,2.6,348,51
2025-12-10T22:00,9.0,17.8,240,74
2025-12-10T23:00,7.0,7.9,223,83
2025-12-11T00:00,6.8,2.8,207,84
2025-12-11T01:00,7.0,7.8,220,77
2025-12-11T02:00,5.8,3.6,264,82
2025-12-11T03:00,4.9,2.3,356,89
2025-12-11T04:00,4.1,3.1,3,94
2025-12-11T05:00,3.4,2.7,360,96
2025-12-11T06:00,6.0,4.8,349,81
2025-12-11T07:00,9.5,1.9,299,66
2025-12-11T08:00,12.3,4.7,328,52
2025-12-11T09:00,14.3,5.3,327,41
2025-12-11T10:00,16.3,4.2,310,32
2025-12-11T11:00,17.9,1.4,360,24
2025-12-11T12:00,19.2,0.9,101,20
2025-12-11T13:00,20.0,5.9,192,20
2025-12-11T14:00,20.6,8.3,207,21
2025-12-11T15:00,16.9,13.4,121,32
2025-12-11T16:00,12.7,23.5,203,55
2025-12-11T17:00,10.5,6.7,149,66
2025-12-11T18:00,10.5,8.5,48,76
2025-12-11T19:00,10.5,1.3,270,61
2025-12-11T20:00,10.1,9.8,284,67
2025-12-11T21:00,9.9,12.6,248,48
2025-12-11T22:00,8.8,12.8,215,43
2025-12-11T23:00,7.5,10.7,224,48
2025-12-12T00:00,6.1,8.4,223,54
2025-12-12T01:00,5.5,8.1,215,52
2025-12-12T02:00,4.3,5.7,238,49
2025-12-12T03:00,3.0,4.4,258,54
2025-12-12T04:00,2.0,3.4,286,63
2025-12-12T05:00,1.1,6.5,312,79
2025-12-12T06:00,1.5,5.9,320,88
2025-12-12T07:00,5.6,3.0,295,54
2025-12-12T08:00,10.6,2.9,281,31
2025-12-12T09:00,13.5,3.7,259,21
2025-12-12T10:00,15.9,3.9,246,18
2025-12-12T11:00,17.7,3.6,210,16
2025-12-12T12:00,19.0,5.7,204,15
2025-12-12T13:00,19.7,7.2,184,15
2025-12-12T14:00,20.1,10.2,219,15
2025-12-12T15:00,19.7,10.4,208,16
2025-12-12T16:00,18.5,11.6,109,18
2025-12-12T17:00,15.5,19.5,80,27
2025-12-12T18:00,14.5,7.5,111,30
2025-12-12T19:00,13.7,15.0,220,39
2025-12-12T20:00,11.8,25.5,227,22
2025-12-12T21:00,10.2,21.6,220,28
2025-12-12T22:00,9.0,14.6,209,37
2025-12-12T23:00,8.1,14.2,206,41
2025-12-13T00:00,7.3,14.5,203,43
2025-12-13T01:00,6.6,14.1,201,43
2025-12-13T02:00,5.5,10.2,224,47
2025-12-13T03:00,4.5,8.8,255,52
2025-12-13T04:00,3.5,6.6,225,56
2025-12-13T05:00,3.3,6.5,204,55
2025-12-13T06:00,4.4,8.2,234,53
2025-12-13T07:00,8.4,5.9,250,37
2025-12-13T08:00,12.2,8.2,248,27
2025-12-13T09:00,14.6,7.4,225,21
2025-12-13T10:00,16.7,6.8,183,17
2025-12-13T11:00,18.3,6.6,191,15
2025-12-13T12:00,19.7,8.4,220,13
2025-12-13T13:00,19.8,6.8,162,13
2025-12-13T14:00,20.3,7.2,143,13
2025-12-13T15:00,20.2,7.6,155,14
2025-12-13T16:00,20.3,7.6,181,12
2025-12-13T17:00,18.5,9.6,174,13
2025-12-13T18:00,15.8,12.1,195,23
2025-12-13T19:00,13.6,22.7,218,21
2025-12-13T20:00,11.4,20.8,211,19
2025-12-13T21:00,10.6,19.1,212,24
2025-12-13T22:00,9.5,18.9,217,31
2025-12-13T23:00,8.6,15.3,219,36
2025-12-14T00:00,7.9,12.5,203,40
2025-12-14T01:00,6.8,12.1,192,42
2025-12-14T02:00,5.8,10.0,210,44
2025-12-14T03:00,5.0,10.1,227,46
2025-12-14T04:00,4.3,8.4,222,47
2025-12-14T05:00,3.7,8.7,225,50
2025-12-14T06:00,4.2,7.7,240,49
2025-12-14T07:00,8.4,7.1,232,33
2025-12-14T08:00,12.1,8.4,233,22
2025-12-14T09:00,14.8,5.3,215,19
2025-12-14T10:00,16.9,4.5,194,15
2025-12-14T11:00,18.7,3.3,171,13
2025-12-14T12:00,20.0,5.8,116,13
2025-12-14T13:00,19.7,16.0,92,15
2025-12-14T14:00,18.8,17.9,81,13
2025-12-14T15:00,19.3,16.0,88,10
2025-12-14T16:00,18.2,14.9,70,11
2025-12-14T17:00,16.5,14.0,66,18
2025-12-14T18:00,14.6,13.4,50,28
2025-12-14T19:00,14.2,3.5,298,26
2025-12-14T20:00,12.7,17.6,244,21
2025-12-14T21:00,11.0,17.2,230,17
2025-12-14T22:00,10.2,19.3,231,19
2025-12-14T23:00,9.4,17.7,225,22
2025-12-15T00:00,8.3,18.1,220,27
2025-12-15T01:00,7.7,15.7,210,30
2025-12-15T02:00,6.5,10.3,221,34
2025-12-15T03:00,5.5,7.2,258,41
2025-12-15T04:00,4.4,5.6,248,53
2025-12-15T05:00,3.4,4.8,211,55
2025-12-15T06:00,4.9,5.0,235,47
2025-12-15T07:00,9.1,5.5,224,30
2025-12-15T08:00,12.5,6.5,238,19
2025-12-15T09:00,15.0,5.2,236,15
2025-12-15T10:00,17.1,4.1,218,13
2025-12-15T11:00,18.7,4.0,212,14
2025-12-15T12:00,20.3,3.7,169,12
2025-12-15T13:00,20.5,10.4,105,13
2025-12-15T14:00,19.4,14.9,98,15
2025-12-15T15:00,19.4,14.4,89,15
2025-12-15T16:00,18.1,16.0,89,15
2025-12-15T17:00,15.8,22.5,77,28
2025-12-15T18:00,14.3,15.4,69,37
2025-12-15T19:00,14.1,8.8,88,38
2025-12-15T20:00,12.5,5.4,230,44
2025-12-15T21:00,11.7,16.1,239,35
2025-12-15T22:00,11.3,14.4,239,23
2025-12-15T23:00,10.0,15.7,214,25
2025-12-16T00:00,8.5,14.8,170,29
2025-12-16T01:00,8.0,15.9,202,34
2025-12-16T02:00,7.1,12.8,219,40
2025-12-16T03:00,6.1,8.3,243,43
2025-12-16T04:00,4.4,3.6,240,52
2025-12-16T05:00,4.1,4.7,208,52
2025-12-16T06:00,5.7,7.2,219,44
2025-12-16T07:00,9.1,6.9,250,32
2025-12-16T08:00,12.3,6.1,256,24
2025-12-16T09:00,14.7,2.8,230,18
2025-12-16T10:00,17.0,0.2,180,17
2025-12-16T11:00,18.9,1.5,97,17
2025-12-16T12:00,19.7,6.3,93,18
2025-12-16T13:00,20.2,10.6,80,18
2025-12-16T14:00,19.4,13.1,72,21
2025-12-16T15:00,18.3,10.8,75,23
2025-12-16T16:00,17.0,15.9,76,27
2025-12-16T17:00,14.8,20.0,86,37
2025-12-16T18:00,13.2,18.5,77,48
2025-12-16T19:00,9.8,14.4,234,63
2025-12-16T20:00,8.3,14.4,224,91
2025-12-16T21:00,7.4,17.4,199,89
2025-12-16T22:00,4.7,11.1,197,99
2025-12-16T23:00,3.0,7.8,202,100
2025-12-17T00:00,3.0,5.9,243,99
2025-12-17T01:00,3.7,2.9,274,95
2025-12-17T02:00,4.0,3.9,323,95
2025-12-17T03:00,4.2,5.3,350,96
2025-12-17T04:00,4.3,7.4,4,97
2025-12-17T05:00,4.7,6.6,13,96
2025-12-17T06:00,4.9,5.7,28,96
2025-12-17T07:00,6.3,0.9,349,81
2025-12-17T08:00,8.9,2.9,176,68
2025-12-17T09:00,10.4,3.2,90,62
2025-12-17T10:00,11.5,3.9,66,57
2025-12-17T11:00,12.9,2.9,47,54
2025-12-17T12:00,14.6,5.1,73,49
2025-12-17T13:00,15.1,6.8,101,42
2025-12-17T14:00,16.3,7.7,102,37
2025-12-17T15:00,15.9,9.6,99,36
2025-12-17T16:00,15.4,18.0,82,35
2025-12-17T17:00,12.7,5.4,150,48
2025-12-17T18:00,10.2,6.5,174,61
2025-12-17T19:00,9.3,11.8,201,68
2025-12-17T20:00,8.2,7.4,221,77
2025-12-17T21:00,7.1,0.8,333,85
2025-12-17T22:00,7.0,4.8,53,87
2025-12-17T23:00,7.1,5.2,354,88
2025-12-18T00:00,5.8,0.6,326,93
2025-12-18T01:00,6.4,5.2,329,91
2025-12-18T02:00,4.6,2.3,342,96
2025-12-18T03:00,4.6,3.5,345,97
2025-12-18T04:00,4.0,1.6,6,98
2025-12-18T05:00,3.6,0.6,18,100
2025-12-18T06:00,5.2,4.3,345,96
2025-12-18T07:00,7.0,3.2,297,86
2025-12-18T08:00,10.1,2.3,331,68
2025-12-18T09:00,12.5,2.4,27,53
2025-12-18T10:00,14.6,4.4,69,43
2025-12-18T11:00,15.3,7.5,73,42
2025-12-18T12:00,17.2,9.5,76,39
2025-12-18T13:00,17.4,11.0,88,37
2025-12-18T14:00,17.9,13.0,66,36
2025-12-18T15:00,14.2,12.5,36,52
2025-12-18T16:00,14.2,11.3,56,49
2025-12-18T17:00,12.0,7.0,228,65
2025-12-18T18:00,8.7,6.9,221,87
2025-12-18T19:00,7.7,8.5,235,88
2025-12-18T20:00,8.0,7.6,208,88
2025-12-18T21:00,7.7,13.5,226,89
2025-12-18T22:00,6.6,12.4,228,85
2025-12-18T23:00,6.4,8.3,246,85
2025-12-19T00:00,6.4,4.5,236,85
2025-12-19T01:00,6.7,2.3,241,83
2025-12-19T02:00,6.8,2.0,297,88
2025-12-19T03:00,6.6,2.0,315,91
2025-12-19T04:00,5.9,2.8,315,97
2025-12-19T05:00,5.3,0.9,323,99
2025-12-19T06:00,5.6,1.1,90,98
2025-12-19T07:00,8.1,0.4,270,81
2025-12-19T08:00,10.5,1.3,16,68
2025-12-19T09:00,11.9,3.5,351,61
2025-12-19T10:00,13.2,2.7,8,56
2025-12-19T11:00,15.8,1.9,17,47
2025-12-19T12:00,17.2,1.0,225,43
2025-12-19T13:00,16.4,3.6,127,44
2025-12-19T14:00,12.7,17.9,65,62
2025-12-19T15:00,13.8,9.8,43,51
2025-12-19T16:00,11.1,3.1,59,68
2025-12-19T17:00,7.9,11.2,242,85
2025-12-19T18:00,7.6,14.0,242,87
2025-12-19T19:00,7.8,7.8,217,88
2025-12-19T20:00,7.7,2.7,222,94
2025-12-19T21:00,7.6,2.6,196,94
2025-12-19T22:00,7.9,6.7,232,88
2025-12-19T23:00,7.4,5.4,201,86
2025-12-20T00:00,7.3,7.4,221,79
2025-12-20T01:00,6.5,5.5,243,86
2025-12-20T02:00,5.8,8.0,264,89
2025-12-20T03:00,5.0,6.0,277,91
2025-12-20T04:00,4.3,2.9,281,95
2025-12-20T05:00,3.8,3.3,257,96
2025-12-20T06:00,4.0,3.1,260,95
2025-12-20T07:00,4.4,5.8,272,88
2025-12-20T08:00,5.9,7.6,267,80
2025-12-20T09:00,8.7,5.5,226,64
2025-12-20T10:00,11.2,2.5,172,54
2025-12-20T11:00,12.5,1.4,270,49
2025-12-20T12:00,14.2,3.0,253,44
2025-12-20T13:00,14.3,4.6,206,43
2025-12-20T14:00,16.3,3.1,230,40
2025-12-20T15:00,16.2,2.4,228,41
2025-12-20T16:00,16.0,3.0,142,41
2025-12-20T17:00,12.6,18.3,163,57
2025-12-20T18:00,8.9,2.9,248,76
2025-12-20T19:00,8.2,9.3,170,84
2025-12-20T20:00,7.1,7.6,162,88
2025-12-20T21:00,6.1,4.3,195,92
2025-12-20T22:00,6.6,7.3,216,81
2025-12-20T23:00,6.4,11.3,207,62
2025-12-21T00:00,5.3,13.0,207,62
2025-12-21T01:00,4.7,11.5,214,63
2025-12-21T02:00,3.6,10.2,225,67
2025-12-21T03:00,2.3,8.5,238,73
2025-12-21T04:00,0.7,7.0,244,82
2025-12-21T05:00,0.2,6.3,272,80
2025-12-21T06:00,0.9,6.0,321,83
2025-12-21T07:00,3.7,3.1,291,71
2025-12-21T08:00,9.0,3.7,317,41
2025-12-21T09:00,12.0,6.5,321,27
2025-12-21T10:00,14.3,6.4,299,25
2025-12-21T11:00,15.9,5.4,270,25
2025-12-21T12:00,17.2,5.5,238,22
2025-12-21T13:00,17.2,4.1,203,20
2025-12-21T14:00,18.5,3.5,246,20
2025-12-21T15:00,18.6,4.8,259,20
2025-12-21T16:00,18.0,4.0,8,21
2025-12-21T17:00,15.8,14.1,42,31
2025-12-21T18:00,13.7,9.3,108,45
2025-12-21T19:00,11.2,12.3,205,58
2025-12-21T20:00,10.9,22.9,218,34
2025-12-21T21:00,9.4,23.9,215,39
2025-12-21T22:00,8.3,19.6,215,44
2025-12-21T23:00,7.3,16.7,200,44
2025-12-22T00:00,6.4,14.4,198,44
2025-12-22T01:00,5.4,12.6,204,43
2025-12-22T02:00,4.5,11.1,222,44
2025-12-22T03:00,3.6,9.0,241,43
2025-12-22T04:00,2.6,8.0,254,44
2025-12-22T05:00,1.6,6.3,273,50
2025-12-22T06:00,2.6,6.1,300,60
2025-12-22T07:00,5.8,2.6,254,56
2025-12-22T08:00,10.0,2.6,286,30
2025-12-22T09:00,12.7,5.4,285,20
2025-12-22T10:00,13.4,4.4,279,22
2025-12-22T11:00,15.9,3.2,254,21
2025-12-22T12:00,17.8,6.0,229,19
2025-12-22T13:00,18.4,9.5,207,18
2025-12-22T14:00,20.3,12.4,211,15
2025-12-22T15:00,19.4,9.0,178,14
2025-12-22T16:00,16.9,15.3,92,24
2025-12-22T17:00,15.5,16.0,87,28
2025-12-22T18:00,13.1,7.8,148,44
2025-12-22T19:00,11.2,13.9,197,48
2025-12-22T20:00,10.1,17.8,206,31
2025-12-22T21:00,8.8,17.3,218,31
2025-12-22T22:00,8.0,17.6,216,33
2025-12-22T23:00,7.2,15.9,223,40
2025-12-23T00:00,6.1,13.5,203,46
2025-12-23T01:00,4.8,7.1,190,51
2025-12-23T02:00,2.4,4.6,257,62
2025-12-23T03:00,1.3,4.5,236,70
2025-12-23T04:00,1.0,5.6,228,66
2025-12-23T05:00,0.2,4.1,225,63
2025-12-23T06:00,2.4,6.6,241,54
2025-12-23T07:00,6.5,5.3,258,43
2025-12-23T08:00,10.7,4.8,259,29
2025-12-23T09:00,13.5,1.6,207,20
2025-12-23T10:00,15.2,2.7,143,16
2025-12-23T11:00,16.8,3.6,150,15
2025-12-23T12:00,18.3,4.6,132,15
2025-12-23T13:00,18.1,9.9,105,16
2025-12-23T14:00,17.7,15.5,99,22
2025-12-23T15:00,17.1,14.1,100,23
2025-12-23T16:00,16.5,13.2,95,21
2025-12-23T17:00,15.3,15.8,91,22
2025-12-23T18:00,12.8,14.1,71,29
2025-12-23T19:00,12.5,11.3,61,39
2025-12-23T20:00,10.7,6.0,267,49
2025-12-23T21:00,11.3,13.4,222,38
2025-12-23T22:00,11.2,15.7,227,37
2025-12-23T23:00,8.5,13.8,194,48
2025-12-24T00:00,7.2,14.8,184,50
2025-12-24T01:00,7.1,14.5,203,40
2025-12-24T02:00,6.3,12.2,213,42
2025-12-24T03:00,5.6,9.1,236,46
2025-12-24T04:00,4.5,6.7,265,57
2025-12-24T05:00,3.4,6.0,249,68
2025-12-24T06:00,4.3,6.5,214,63
2025-12-24T07:00,8.2,7.8,226,39
2025-12-24T08:00,11.6,7.3,247,25
2025-12-24T09:00,13.8,3.1,260,21
2025-12-24T10:00,15.6,2.0,190,19
2025-12-24T11:00,16.6,3.4,180,18
2025-12-24T12:00,18.2,6.5,178,17
2025-12-24T13:00,18.9,9.0,151,17
2025-12-24T14:00,18.6,11.3,98,20
2025-12-24T15:00,17.1,15.2,80,26
2025-12-24T16:00,16.5,15.9,75,24
2025-12-24T17:00,14.9,17.3,88,29
2025-12-24T18:00,13.7,11.3,92,35
2025-12-24T19:00,13.3,5.2,160,29
2025-12-24T20:00,11.9,11.1,220,38
2025-12-24T21:00,9.7,18.7,182,41
2025-12-24T22:00,7.9,14.0,179,84
2025-12-24T23:00,7.4,9.9,222,81
2025-12-25T00:00,7.1,8.3,182,65
2025-12-25T01:00,5.9,10.5,202,45
2025-12-25T02:00,5.7,7.8,212,47
2025-12-25T03:00,4.8,8.0,247,54
2025-12-25T04:00,4.3,7.2,238,58
2025-12-25T05:00,3.2,3.5,246,65
2025-12-25T06:00,4.6,5.3,280,61
2025-12-25T07:00,7.4,3.8,275,57
2025-12-25T08:00,10.3,2.4,283,44
2025-12-25T09:00,12.7,0.7,166,37
2025-12-25T10:00,14.3,2.8,145,36
2025-12-25T11:00,15.8,6.1,133,31
2025-12-25T12:00,16.0,8.8,116,31
2025-12-25T13:00,16.5,14.9,112,30
2025-12-25T14:00,16.2,16.9,102,31
2025-12-25T15:00,16.4,18.6,108,30
2025-12-25T16:00,15.1,18.8,96,37
2025-12-25T17:00,13.8,19.0,77,46
2025-12-25T18:00,12.2,16.5,66,53
2025-12-25T19:00,10.0,10.3,4,67
2025-12-25T20:00,8.3,9.6,261,79
2025-12-25T21:00,7.3,13.7,230,85
2025-12-25T22:00,7.2,5.5,218,86
2025-12-25T23:00,6.5,14.4,209,91
2025-12-26T00:00,5.0,14.0,208,94
2025-12-26T01:00,4.4,12.3,194,95
2025-12-26T02:00,4.5,8.3,193,91
2025-12-26T03:00,4.9,7.6,185,91
2025-12-26T04:00,4.9,6.4,151,89
2025-12-26T05:00,4.6,8.0,104,92
2025-12-26T06:00,4.8,5.8,99,91
2025-12-26T07:00,4.9,9.3,109,95
2025-12-26T08:00,4.8,5.2,124,94
2025-12-26T09:00,4.9,2.0,153,92
2025-12-26T10:00,6.2,3.3,248,82
2025-12-26T11:00,7.7,8.3,256,75
2025-12-26T12:00,8.9,7.2,245,68
2025-12-26T13:00,10.7,2.2,85,60
2025-12-26T14:00,12.3,5.6,90,54
2025-12-26T15:00,10.4,10.6,79,65
2025-12-26T16:00,9.5,4.9,73,69
2025-12-26T17:00,9.2,4.4,52,70
2025-12-26T18:00,7.9,1.8,135,77
2025-12-26T19:00,6.1,6.2,123,92
2025-12-26T20:00,6.7,4.0,10,90
2025-12-26T21:00,6.3,0.0,270,96
2025-12-26T22:00,5.8,3.4,245,98
2025-12-26T23:00,6.2,7.5,237,94
2025-12-27T00:00,5.2,6.5,240,98
2025-12-27T01:00,5.6,5.2,241,94
2025-12-27T02:00,5.1,5.6,202,97
2025-12-27T03:00,4.1,2.9,259,97
2025-12-27T04:00,4.3,2.9,281,97
2025-12-27T05:00,4.9,2.7,307,94
2025-12-27T06:00,5.3,6.3,325,96
2025-12-27T07:00,6.5,4.5,275,85
2025-12-27T08:00,8.8,4.5,263,68
2025-12-27T09:00,9.6,4.4,305,61
2025-12-27T10:00,10.8,3.4,357,57
2025-12-27T11:00,12.5,4.5,56,54
2025-12-27T12:00,13.4,4.7,90,54
2025-12-27T13:00,13.7,6.0,93,52
2025-12-27T14:00,14.3,5.8,88,49
2025-12-27T15:00,10.6,8.3,360,64
2025-12-27T16:00,7.1,6.0,29,90
2025-12-27T17:00,7.9,1.2,321,85
2025-12-27T18:00,7.3,8.1,235,87
2025-12-27T19:00,5.4,9.4,277,93
2025-12-27T20:00,5.1,9.7,267,95
2025-12-27T21:00,4.3,7.4,263,96
2025-12-27T22:00,3.4,6.4,252,97
2025-12-27T23:00,3.3,4.8,236,97
2025-12-28T00:00,3.4,2.5,274,94
2025-12-28T01:00,3.1,3.9,56,95
2025-12-28T02:00,1.7,0.9,79,100
2025-12-28T03:00,1.0,0.3,135,100
2025-12-28T04:00,0.6,0.9,323,100
2025-12-28T05:00,0.6,2.7,290,100
2025-12-28T06:00,1.8,2.5,270,99
2025-12-28T07:00,4.0,1.8,281,90
2025-12-28T08:00,7.3,2.8,285,68
2025-12-28T09:00,9.8,3.6,264,53
2025-12-28T10:00,11.9,2.3,219,47
2025-12-28T11:00,13.1,3.8,211,45
2025-12-28T12:00,13.9,2.2,180,40
2025-12-28T13:00,13.5,5.2,176,41
2025-12-28T14:00,14.5,4.4,201,40
2025-12-28T15:00,14.8,3.5,195,41
2025-12-28T16:00,14.5,5.9,178,40
2025-12-28T17:00,9.0,18.0,101,74
2025-12-28T18:00,8.5,7.7,59,74
2025-12-28T19:00,6.5,10.1,219,89
2025-12-28T20:00,6.7,5.6,202,85
2025-12-28T21:00,7.3,5.3,280,85
2025-12-28T22:00,6.3,1.0,22,91
2025-12-28T23:00,5.2,0.9,79,94
2025-12-29T00:00,4.0,3.5,159,99
2025-12-29T01:00,4.0,1.9,229,100
2025-12-29T02:00,2.6,1.1,288,100
2025-12-29T03:00,2.9,3.2,304,100
2025-12-29T04:00,3.2,5.3,294,99
2025-12-29T05:00,2.9,4.6,288,100
2025-12-29T06:00,3.4,4.2,280,97
2025-12-29T07:00,5.0,4.7,302,89
2025-12-29T08:00,8.4,4.6,324,72
2025-12-29T09:00,11.2,3.4,360,58
2025-12-29T10:00,13.0,3.7,35,47
2025-12-29T11:00,14.4,3.6,63,41
2025-12-29T12:00,15.4,1.8,84,37
2025-12-29T13:00,15.7,2.8,130,34
2025-12-29T14:00,16.4,2.4,132,36
2025-12-29T15:00,16.5,7.9,78,35
2025-12-29T16:00,12.3,17.1,54,59
2025-12-29T17:00,12.1,11.9,49,58
2025-12-29T18:00,10.7,13.2,322,67
2025-12-29T19:00,9.5,5.2,209,79
2025-12-29T20:00,7.9,9.6,213,87
2025-12-29T21:00,7.3,7.3,190,90
2025-12-29T22:00,6.5,8.1,141,93
2025-12-29T23:00,6.0,4.2,100,94
2025-12-30T00:00,6.0,1.0,315,94
2025-12-30T01:00,5.3,4.8,255,97
2025-12-30T02:00,5.3,0.4,90,96
2025-12-30T03:00,4.3,0.3,315,100
2025-12-30T04:00,3.8,0.0,270,100
2025-12-30T05:00,3.1,0.9,270,100
2025-12-30T06:00,4.3,1.3,214,98
2025-12-30T07:00,7.3,1.5,210,88
2025-12-30T08:00,10.3,2.3,135,68
2025-12-30T09:00,12.2,4.8,121,58
2025-12-30T10:00,13.7,5.9,108,54
2025-12-30T11:00,14.3,5.8,83,51
2025-12-30T12:00,15.2,5.3,82,47
2025-12-30T13:00,15.4,6.1,124,46
2025-12-30T14:00,14.9,11.2,78,47
2025-12-30T15:00,12.5,10.6,21,57
2025-12-30T16:00,11.7,7.6,19,59
2025-12-30T17:00,7.9,6.9,277,82
2025-12-30T18:00,8.2,5.2,272,82
2025-12-30T19:00,7.3,8.6,195,88
2025-12-30T20:00,6.9,8.9,194,92
2025-12-30T21:00,6.5,6.2,165,94
2025-12-30T22:00,6.0,7.0,87,96
2025-12-30T23:00,5.0,4.2,102,98
2025-12-31T00:00,5.1,5.2,112,98
2025-12-31T01:00,5.0,4.0,69,97
2025-12-31T02:00,5.2,2.9,360,97
2025-12-31T03:00,4.6,3.0,17,98
2025-12-31T04:00,4.3,2.3,360,99
2025-12-31T05:00,4.3,2.3,238,99
2025-12-31T06:00,5.6,3.0,237,96
2025-12-31T07:00,6.6,1.8,281,91
2025-12-31T08:00,9.2,2.3,32,76
2025-12-31T09:00,11.1,2.5,30,67
2025-12-31T10:00,12.9,2.7,132,60
2025-12-31T11:00,14.7,2.3,151,53
2025-12-31T12:00,15.6,2.7,200,50
2025-12-31T13:00,16.2,3.3,151,45
2025-12-31T14:00,14.0,10.8,72,55
2025-12-31T15:00,14.6,12.5,55,49
2025-12-31T16:00,11.5,15.8,49,63
2025-12-31T17:00,10.9,10.4,334,64
2025-12-31T18:00,9.6,9.0,275,71
2025-12-31T19:00,8.1,15.2,217,84
2025-12-31T20:00,7.2,9.6,214,89
2025-12-31T21:00,7.3,10.1,153,89
2025-12-31T22:00,7.1,12.0,173,86
2025-12-31T23:00,5.8,10.2,229,93
